Stadium Name,Address,cid,State,City,CountryCode,PostalCode,Latitude,Longitude,PlaceId,Rating ,Reviews,average,m,"Averag of 
Rating & Review",Store Rank
Park Avenue Liquor Shop,"270 Madison Ave, New York, NY 10016",,New York,New York,,10016,,,,4.4,209,,,,
Philippe Liquors,"312 W 23rd St, New York, NY 10011",,New York,New York,,10011,,,,4.3,84,,,,
London Terrace Liquor,"221 9th Ave, New York, NY 10011",,New York,New York,,10011,,,,4.4,37,,,,
Turtle Bay Liquors,"855 2nd Ave, New York, NY 10017",,New York,New York,,10017,,,,4,71,,,,
Atmi Liquor Store,"166 2nd Ave, New York, NY 10003",,New York,New York,,10003,,,,3.4,91,,,,
Hells Kitchen wines & spirits,"408 W 55th St, New York, NY 10019",,New York,New York,,10019,,,,4.5,61,,,,
58 Wine and Liquor,"120 W 58th St, New York, NY 10019",,New York,New York,,10019,,,,4.7,179,,,,
Midtown 38 Wines,"146 W 38th St, New York, NY 10018",,New York,New York,,10018,,,,4.2,172,,,,
Astor Wines & Spirits,"399 Lafayette St, New York, NY 10003",,New York,New York,,10003,,,,4.7,1817,,,,
10th Ave Wines & Liquors,"812 10th Ave, New York, NY 10019",,New York,New York,,10019,,,,4.1,55,,,,
Abbey Road Wines & Spirits,"877 10th Ave, New York, NY 10019",,New York,New York,,10019,,,,4.2,94,,,,
Cambridge Wines & Liquors,"594 8th Ave, New York, NY 10018",,New York,New York,,10018,,,,3.8,72,,,,
Central Perk Wine and Spirits,"1420 6th Ave, New York, NY 10019",,New York,New York,,10019,,,,4.6,155,,,,
Liquors on Allen,"101 Allen St, New York, NY 10002",,New York,New York,,10002,,,,4.3,72,,,,
New York Liquor Co.,"2131 Palmer Ave, Larchmont, NY 10538",,New York,Larchmont,,10538,,,,4.8,23,,,,
NYC Wines & Liquors,"2256 3rd Ave, New York, NY 10035",,New York,New York,,10035,,,,4.3,71,,,,
111 Lex Liquors and Wine,"111 Lexington Ave, New York, NY 10016",,New York,New York,,10016,,,,3.9,75,,,,
Ambassador Wines & Spirits,"1020 2nd Ave, New York, NY 10022",,New York,New York,,10022,,,,4.8,251,,,,
Grace Wine & Spirits,"610 10th Ave, New York, NY 10036",,New York,New York,,10036,,,,4.3,70,,,,
Shon 45 Wine & Spirits,"840 8th Ave, New York, NY 10019",,New York,New York,,10019,,,,4,103,,,,
Casa Oliveira Wines & Liquors,"98 7th Avenue South, New York, NY 10014",,New York,New York,,10014,,,,4.5,26,,,,
East Houston Wine & Liquor,"250 East Houston St., New York, NY 10002",,New York,New York,,10002,,,,4.5,134,,,,
Morton Williams Wine & Spirits,"311 East 23rd St., New York, NY 10010",,New York,New York,,10010,,,,4.1,209,,,,
Bowery & Vine,"269 Bowery, New York, NY 10002",,New York,New York,,10002,,,,4.1,88,,,,
Financial District Wine,"120 Nassau St., New York, NY 10038",,New York,New York,,10038,,,,4.2,106,,,,
Winfield Flynn Wines & Spirits,"558 3rd Ave, New York, NY 10016",,New York,New York,,10016,,,,3.9,35,,,,
McCabes Wine & Spirits,"1349 3rd Ave., New York, NY 10021",,New York,New York,,10021,,,,4.0,63,,,,
Bottlerocket Wine & Spirit,"5 W 19th St., New York, NY 10011",,New York,New York,,10011,,,,4.5,164,,,,
Martin Brothers Wine & Spirits,"2781 Broadway, New York, NY 10025",,New York,New York,,10025,,,,4.2,91,,,,
Zula Wines & Spirits,"487 5th Avenue, Brooklyn, NY 11215",,New York,Brooklyn,,11215,,,,4.9,44,,,,
Mei Chi Liquors,"391 Flatbush Ave, Brooklyn, NY 11238",,New York,Brooklyn,,11238,,,,4.1,88,,,,
Pier Wines,"12 N 5th St., Brooklyn, NY 11211",,New York,Brooklyn,,11211,,,,4.5,32,,,,
East Village Farm & Grocery,"69 2nd Ave, New York, NY 10003",,New York,New York,,10003,,,,3.2,284,,,,
Bottle Hampton,"850 County Road 39, Southampton, NY 11968",,New York,Southampton,,11968,,,,4.7,217,,,,
Bottles and Cases,"99 E Main Street, Huntington, NY 11743",,New York,Huntington,,11743,,,,4.5,420,,,,
Park Place Wines & Liquors,"84 Park Place, East Hampton, NY 11937",,New York,East Hampton,,11937,,,,4.9,52,,,,
East River Wines & Spirits,"302 Pleasant Ave, New York, NY 10035",,New York,New York,,10035,,,,4.3,207,,,,
Whiskey & Wine Off 69,"1321 2nd Ave, New York, NY 10021",,New York,New York,,10021,,,,4.5,60,,,,
Philippe Liquors,"312 West 23rd Street, New York, NY 10011",,New York,New York,,10011,,,,4.3,80,,,,
Greenwich Village Farm,"33 Greenwich Ave, New York, NY 10014",,New York,New York,,10014,,,,4.2,16,,,,
Broadway Spirits,"299 Broadway, New York, NY 10007",,New York,New York,,10007,,,,4.1,181,,,,
G & I Wine & Spirits,"48 Willoughby St, Brooklyn, NY 11201",,New York,Brooklyn,,11201,,,,4.1,249,,,,
Long's Wine & Liquor Depot,"7917 5th Ave, Brooklyn, NY 11209",,New York,Brooklyn,,11209,,,,4.3,108,,,,
Adega Wine & Spirits,"31-25 Ditmars Blvd, Queens, NY 11105",,New York,Queens,,11105,,,,4.3,139,,,,
Finest Kind Wines & Liquors,"552 West Lake Drive, Montauk, NY 11954",,New York,Montauk,,11954,,,,4.4,19,,,,
Cork & Bottle,"1158 1st Avenue, New York, NY 10065",,New York,New York,,10065,,,,4.5,84,,,,
Half Time Beverage Mamaroneck,"139 Hoyt Avenue, Mamaroneck, NY 10543",,New York,Mamaroneck,,10543,,,,4.7,633,,,,
Columbia Wine Co.,"4038 Broadway, New York, NY 10032",,New York,New York,,10032,,,,4.8,1107,,,,
Deliteria,"1061 2nd Ave, New York, NY 10022",,New York,New York,,10022,,,,3.4,38,,,,
St. Marks Wine & Liquor,"16 Saint Marks Place, New York, NY 10003",,New York,New York,,10003,,,,4.6,72,,,,
Freshy's Deli & Grocery,"941 Columbus Ave, New York, NY 10025",,New York,New York,,10025,,,,3.2,93,,,,
Mahan Inc,"195 9th Ave, New York, NY 10011",,New York,New York,,10011,,,,3.5,2,,,,
Wild Orchid Wines & Spirits,"1175 Utica Avenue, Brooklyn, NY 11203",,New York,Brooklyn,,11203,,,,2.6,15,,,,
Bensonhurst Liquors,"7506 18th Ave, Brooklyn, NY 11214",,New York,Brooklyn,,11214,,,,4.5,192,,,,
Grape Hill Liquors,"501A Atlantic Avenue, Brooklyn, NY 11217",,New York,Brooklyn,,11217,,,,4.1,52,,,,
Rosetta Wines,"40 Exchange Place, New York, NY 10005",,New York,New York,,10005,,,,3.8,59,,,,
Urban Wines,"45 1st Avenue, New York, NY 10003",,New York,New York,,10003,,,,4.7,86,,,,
Violetta Wines,"161 Madison Avenue, New York, NY 10017",,New York,New York,,10017,,,,3.7,29,,,,
Lalu Deli,"594 Columbus Ave, New York, NY 10024",,New York,New York,,10024,,,,4.3,51,,,,
Silver and White Wines,"260 Park Avenue South, New York, NY 10010",,New York,New York,,10010,,,,3.5,56,,,,
An Oak and Barrel,"235 East 57th Street, New York, NY 10022",,New York,New York,,10022,,,,4.6,105,,,,
The Wine Hut,"197 6th Avenue, New York, NY 10014",,New York,New York,,10014,,,,4.6,62,,,,
Harlem Wines and Spirits,"17 W 125th Street, New York, NY 10027",,New York,New York,,10027,,,,4.2,78,,,,
Yours Wholesome Food & Beer,"159 Essex Street, New York, NY 10002",,New York,New York,,10002,,,,3.5,37,,,,
Corks on Columbus,"313 Columbus Avenue, New York, NY 10023",,New York,New York,,10023,,,,4.2,50,,,,
Fine Wine on First,"939 1st Avenue, New York, NY 10022",,New York,New York,,10022,,,,3.9,25,,,,
New York Wine Exchange,"9 Broadway, New York, NY 10004",,New York,New York,,10004,,,,3.9,90,,,,
U.N. Wine Exchange,"885 1st Avenue, New York, NY 10022",,New York,New York,,10022,,,,4.1,25,,,,
East End Wine Exchange,"68 E End Ave, New York, NY 10028",,New York,New York,,10028,,,,4.3,21,,,,
Grain & Vine,"190 Union Avenue, Brooklyn, NY 11211",,New York,Brooklyn,,11211,,,,4.6,222,,,,
Michael Towne Wines and Spirits,"73 Clark Street, Brooklyn, NY 11201",,New York,Brooklyn,,11201,,,,4.5,142,,,,
TheLiquorStore.com,"55 Flatbush Avenue, Brooklyn, NY 11217",,New York,Brooklyn,,11217,,,,4.4,343,,,,
Best Wine & Spirit 21,"21 E Shore Rd, Manhasset, NY 11030",,New York,Manhasset,,11030,,,,4.5,78,,,,
Nassau Grocery,"59 Nassau Street, New York, NY 10038",,New York,New York,,10038,,,,4.8,5,,,,
Fresh Food Deli,"926 2nd Ave, New York, NY 10022",,New York,New York,,10022,,,,3.4,8,,,,
Rouge & Blanc Wine and Liquor,"336 1st Avenue, New York, NY 10009",,New York,New York,,10009,,,,4.5,76,,,,
Uptown Wine Pantry,"63 E 125th St #1, New York, NY 10035",,New York,New York,,10035,,,,3.5,73,,,,
Astoria Park Wine & Spirits,"28-07 24th Ave, Long Island City, NY 11102",,New York,Long Island City,,11102,,,,4.8,67,,,,
Wine Heaven,"333 3rd Avenue, New York, NY 10010",,New York,New York,,10010,,,,4.2,31,,,,
B & S Zeeman Wines & Liquors,"47 University Place, New York, NY 10003",,New York,New York,,10003,,,,4.1,36,,,,
Golden Rule Wine & Liquor,"457 Hudson Street, New York, NY 10014",,New York,New York,,10014,,,,4.3,39,,,,
Fresh Food Corner,"1431 York Ave, New York, NY 10021",,New York,New York,,10021,,,,3.7,29,,,,
Blue Streak Wines & Spirits,"4720 Center Blvd, Long Island City, NY 11101",,New York,Long Island City,,11101,,,,4.5,113,,,,
McGoverns Wine,"7207 3rd Ave, Brooklyn, NY 11209",,New York,Brooklyn,,11209,,,,4.5,159,,,,
86th Street Wine and Liquors,"304 East 86th Street, New York, NY 10028",,New York,New York,,10028,,,,4.2,121,,,,
Aries Wine & Spirits,"128 West Post Road, White Plains, NY 10606",,New York,White Plains,,10606,,,,4.1,46,,,,
Z & J Wine & Liquor,"761 Manhattan Ave, Brooklyn, NY 11222",,New York,Brooklyn,,11222,,,,3.7,35,,,,
Prime Wine & Liquor,"10 Indian Head Rd, Kings Park, NY 11754",,New York,Kings Park,,11754,,,,4.4,106,,,,
Juice Box Wine & Spirits,"1289 Prospect Ave, Brooklyn, NY 11218",,New York,Brooklyn,,11218,,,,4.6,116,,,,
333 E Main Street Wines & Liquors,"333 E Main Street, Patchogue, NY 11772",,New York,Patchogue,,11772,,,,4.5,128,,,,
Times Square Wine & Liquor,"354 W 39th Street, New York, NY 10018",,New York,New York,,10018,,,,4.3,46,,,,
Rodse Wine & Liquor Corp.,"1603 Bushwick Avenue, Brooklyn, NY 11207",,New York,Brooklyn,,11207,,,,3.9,111,,,,
New Fine Wines & Spirits,"298 Metropolitan Avenue, Brooklyn, NY 11211",,New York,Brooklyn,,11211,,,,4.7,35,,,,
Grand Wine & Liquor,"30-05 31st St, Astoria, NY 11102",,New York,Astoria,,11102,,,,4.0,178,,,,
Zap Wines & Spirits,"105 Court St #1, Brooklyn, NY 11201",,New York,Brooklyn,,11201,,,,4.2,37,,,,
Pour Wines & Spirits,"321 Amsterdam Ave, New York, NY 10023",,New York,New York,,10023,,,,4.6,36,,,,
City Wine Cellar,"2295 Richmond Ave, Staten Island, NY 10314",,New York,Staten Island,,10314,,,,4.2,153,,,,
Manhattan Valley Wine & Spirits,"984 Columbus Ave, New York, NY 10025",,New York,New York,,10025,,,,4.7,76,,,,
Sea Grape Wines & Spirits,"512 Hudson St, New York, NY 10014",,New York,New York,,10014,,,,4.9,72,,,,
Universal Beverage,"349 Westbury Ave, Carle Place, NY 11514",,New York,Carle Place,,11514,,,,4.7,35,,,,
The Corkery Wine & Spirits,"15 Bridge St, New York, NY 10004",,New York,New York,,10004,,,,4.8,112,,,,
Ehrlich Wines & Spirits,"222 Amsterdam Ave, New York, NY 10023",,New York,New York,,10023,,,,3.8,63,,,,
World Of Wines,"1252 Lexington Ave, New York, NY 10028",,New York,New York,,10028,,,,2.6,62,,,,
La Vid Wine & Spirits,"315 6th Ave, New York, NY 10014",,New York,New York,,10014,,,,3.9,53,,,,
Blue Angel Wines,"638 Grand St # A, Brooklyn, NY 11211",,New York,Brooklyn,,11211,,,,4.7,55,,,,
Wantagh Wine & Spirits,"1225 Wantagh Ave, Wantagh, NY 11793",,New York,Wantagh,,11793,,,,4.7,77,,,,
Palace Wines & Spirits,"4131 Broadway, New York, NY 10033",,New York,New York,,10033,,,,4.6,72,,,,
NYC Wine & Spirits,"2381 Broadway, New York, NY 10024",,New York,New York,,10024,,,,3.8,60,,,,
Roma Wines & Liquors,"726 Amsterdam Ave, New York, NY 10025",,New York,New York,,10025,,,,4.7,154,,,,
North Village Wine & Liquor,"242 W 14th St, New York, NY 10011",,New York,New York,,10011,,,,3.6,73,,,,
Central Cellars,"89 East 42nd Street, New York, NY 10017",,New York,New York,,10017,,,,4.3,76,,,,
Wine Stop NYC,"30-8 Broadway, Astoria, NY 11106",,New York,Astoria,,11106,,,,4.5,85,,,,
Central Perk Wines & Spirits,"1420 6th Ave, New York, NY 10019",,New York,New York,,10019,,,,4.5,126,,,,
East Side Grocery,"1422 2nd Ave, New York, NY 10021",,New York,New York,,10021,,,,4.6,33,,,,
Thompson Wine & Spirits,"222 Thompson St, New York, NY 10012",,New York,New York,,10012,,,,3.4,32,,,,
The Wine Cave,"888 Bedford Avenue, Brooklyn, NY 11205",,New York,Brooklyn,,11205,,,,4.9,265,,,,
Little West Wine & Spirits,"19 Little W 12th St, New York, NY 10014",,New York,New York,,10014,,,,4.7,48,,,,
Gramercy Wine & Spirits,"104 E 23rd St, New York, NY 10010",,New York,New York,,10010,,,,4.4,78,,,,
Island Wine & Spirits,"605 Main Street, New York, NY 10044",,New York,New York,,10044,,,,4.6,78,,,,
Fat Cat Wine & Spirits,"538 Court St, Brooklyn, NY 11231",,New York,Brooklyn,,11231,,,,4.7,30,,,,
Earths Basket,"599 4th Ave, Brooklyn, NY 11215",,New York,Brooklyn,,11215,,,,3.5,65,,,,
Caputi Wine and Liquors,"3015 Sheridan Dr, Amherst, NY 14226",,New York,Amherst,,14226,,,,4.6,230,,,,
Spirits Of Carmine,"52 Carmine St, New York, NY 10014",,New York,New York,,10014,,,,5.0,1,,,,
Gates Circle Wine and Liquor,"1430 Delaware Ave, Buffalo, NY 14209",,New York,Buffalo,,14209,,,,4.5,252,,,,
Fresh Food Farm,"1310 2nd Ave, New York, NY 10065",,New York,New York,,10065,,,,3.0,22,,,,
Madison Wine & Spirits,"795 Madison Avenue, Albany, NY 12208",,New York,Albany,,12208,,,,4.5,91,,,,
Wine Cellar,"40 Cold Spring Rd, Syosset, NY 11791",,New York,Syosset,,11791,,,,3.8,66,,,,
BQE Wine & Liquors,"504 Meeker Ave, Brooklyn, NY 11222",,New York,Brooklyn,,11222,,,,4.7,673,,,,
Kew Gardens Wines & Liquors,"80-45 Kew Gardens Rd, Kew Gardens, NY 11415",,New York,Kew Gardens,,11415,,,,4.3,93,,,,
New West Lane Wines,"689 Columbus Ave, New York, NY 10025",,New York,New York,,10025,,,,4.6,45,,,,
Myrtle Wines & Spirits,"166 Myrtle Ave, Brooklyn, NY 11201",,New York,Brooklyn,,11201,,,,4.8,60,,,,
Freedom Wine Cellar,"200 Broadway #1028, New York, NY 10038",,New York,New York,,10038,,,,4.0,60,,,,
Roebling Liquors,"311 Roebling Street, Brooklyn, NY 11211",,New York,Brooklyn,,11211,,,,4.7,213,,,,
Eli's Deli & Grocery,"45-03 Ditmars Blvd, Astoria, NY 11105",,New York,Astoria,,11105,,,,3.9,18,,,,
Bedford Wine & Spirits,"101 Bedford Ave, Brooklyn, NY 11211",,New York,Brooklyn,,11211,,,,4.7,95,,,,
City Fresh Market - Bushwick,"229 Knickerbocker Ave, Brooklyn, NY 11237",,New York,Brooklyn,,11237,,,,4.2,876,,,,
LIC Wines & Liquors,"4480 21st street Store B, Long Island City, NY 11101",,New York,Long Island City,,11101,,,,4.0,61,,,,
Embassy Wines,"796 Lexington Ave, New York, NY 10065",,New York,New York,,10065,,,,N,A,,,,
Judd Falls Wines & Spirits,"319 Pine Tree Rd, Ithaca, NY 14850",,New York,Ithaca,,14850,,,,4.3,72,,,,
Sterling Grapes & Grains,"115 5th Ave, Brooklyn, NY 11217",,New York,Brooklyn,,11217,,,,4.7,72,,,,
Fresh Food Center,"820 2nd Avenue, New York, NY 10031",,New York,New York,,10031,,,,3.8,12,,,,
Mar-Kay's Wine & Spirits,"4600 Nesconset Hwy, Port Jefferson Stati, NY 11776",,New York,Port Jefferson Stati,,11776,,,,4.3,151,,,,
Wine & Spirits Market / Manor House Cellar,"676 6th Avenue, New York, NY 10010",,New York,New York,,10010,,,,4.0,58,,,,
Pascale's Liquors,"7401 Oswego Rd, Liverpool, NY 13090",,New York,Liverpool,,13090,,,,4.6,291,,,,
New Jerome Liquors,"3 E 176th St, Bronx, NY 10453",,New York,Bronx,,10453,,,,4.5,28,,,,
Crossroads Wine & Spirits,"52 W 14th St, New York, NY 10011",,New York,New York,,10011,,,,4.1,61,,,,
Green Star Foods,"95 Delancey St, New York, NY 10002",,New York,New York,,10002,,,,2.6,77,,,,
York Deli,"1492 York Ave, New York, NY 10021",,New York,New York,,10021,,,,3.5,42,,,,
Bodega Wine & Spirits,"23-40 30th Ave, Long Island City, NY 11102",,New York,Long Island City,,11102,,,,4.8,62,,,,
D.Vino Wine & Spirits,"188 Parkside Ave, Brooklyn, NY 11226",,New York,Brooklyn,,11226,,,,4.8,83,,,,
Pequa Spirits,"5151 Merrick Road, Massapequa Park, NY 11762",,New York,Massapequa Park,,11762,,,,4.5,100,,,,
Butler's Wine and Spirits,"1800 Sheridan Dr, Buffalo, NY 14223",,New York,Buffalo,,14223,,,,4.5,221,,,,
Liquors Galore,"1212 Ave J, Brooklyn, NY 11230",,New York,Brooklyn,,11230,,,,4.8,227,,,,
Moshke's Spirits,"5502 13th Avenue, Brooklyn, NY 11219",,New York,Brooklyn,,11219,,,,4.8,182,,,,
Hamptons Wine Shoppe,"62 Sunset Ave, Westhampton Beach, NY 11978",,New York,Westhampton Beach,,11978,,,,4.6,26,,,,
Riddhi & Siddhi Food Inc,"68-01 79th Street, New York, NY 11379",,New York,New York,,11379,,,,4.7,3,,,,
Fort Green Food Market,"186 Dekalb Ave, Brooklyn, NY 11205",,New York,Brooklyn,,11205,,,,N,A,,,,
Dr. Wine,"1287 first ave, New York, NY 10021",,New York,New York,,10021,,,,4.4,54,,,,
Executive Wine & Spirits,"1086 Broadway, Yonkers, NY 10701",,New York,Yonkers,,10701,,,,4.3,42,,,,
Seaside Wine and Liquors Corp,"3028 Merrick Rd, Wantagh, NY 11793",,New York,Wantagh,,11793,,,,4.7,60,,,,
Lexi's Fine Wine & Spirits,"55 Crosspoint Parkway, Suite 108, Getzville, NY 14227",,New York,Getzville,,14227,,,,4.3,44,,,,
Alphabet City Wine Co,"100 Ave C, New York, NY 10009",,New York,New York,,10009,,,,4.4,61,,,,
Freshco Beer & Keg Store,"97 Stanton St, New York, NY 10002",,New York,New York,,10002,,,,3.3,58,,,,
Victory Wine & Liquor,"1989 Victory Boulevard, Staten Island, NY 10314",,New York,Staten Island,,10314,,,,4.3,70,,,,
Zheng Brothers Wine and Liquor,"40 Great Neck Road, Great Neck Plaza, NY 11021",,New York,Great Neck Plaza,,11021,,,,4.7,35,,,,
City Fresh Market - Astoria,"2115 Broadway, Astoria, NY 11106",,New York,Astoria,,11106,,,,4.1,693,,,,
L & P Wines & Liquors Inc.,"633 Metropolitan ave, Brooklyn, NY 11211",,New York,Brooklyn,,11211,,,,4.5,44,,,,
Barrel To Bottles,"1456 2nd Ave, New York, NY 10075",,New York,New York,,10075,,,,4.1,20,,,,
Brooklyn Born Mini Market,"1426 Bedford Ave, Brooklyn, NY 11216",,New York,Brooklyn,,11216,,,,4.0,101,,,,
Midtown 38 Wines,"146 West 38th Street, New York, NY 10018",,New York,New York,,10018,,,,4.3,161,,,,
Liquor Up and Wine Down,"383 1st Ave, New York, NY 10010",,New York,New York,,10010,,,,4.6,88,,,,
Turbo Liquor LLC,"5380 Genesee st, Bowmansville, NY 14026",,New York,Bowmansville,,14026,,,,4.4,124,,,,
Divino W&S,"37-63 92nd Street, New York, NY 11372",,New York,New York,,11372,,,,4.1,45,,,,
HomePort Liquors & Fine Wine,"80 Canal Street, Staten Island, NY 10304",,New York,Staten Island,,10304,,,,4.9,13,,,,
Queensbury Wine & Liquor,"112-24 Queens Blvd, Forest Hills, NY 11375",,New York,Forest Hills,,11375,,,,4.4,38,,,,
Mr. Lemon,"410 Knickerbocker Avenue, Brooklyn, NY 11237",,New York,Brooklyn,,11237,,,,4.4,421,,,,
Adams Marketplace,"197 8th Ave, New York, NY 10011",,New York,New York,,10011,,,,3.6,195,,,,
Sunrise Marketplace,"610 11th Ave., New York, NY 10036",,New York,New York,,10036,,,,4.2,136,,,,
Wantagh Wine & Liquor,"3300 Sunrise Highway, Wantagh, NY 11793",,New York,Wantagh,,11793,,,,4.2,37,,,,
Justwin Wine Shoppe of Oakland Gardens,"222-12 Union Tpke, Oakland Gardens, NY 11364",,New York,Oakland Gardens,,11364,,,,4.6,74,,,,
Wine Plus,"310 Avenue U, New York, NY 11223",,New York,New York,,11223,,,,4.7,39,,,,
North End Wine & Liquor Store,"2509 Webster Avenue, Bronx, NY 10458",,New York,Bronx,,10458,,,,4.5,525,,,,
Lido Wines,"639 E Park Ave, Long Beach, NY 11561",,New York,Long Beach,,11561,,,,4.2,35,,,,
East Park Beverage,"635 East Park Ave, Long Beach, NY 11561",,New York,Long Beach,,11561,,,,4.2,22,,,,
Corktree Fine Wines & Liquors,"83 Main St, Northport, NY 11768",,New York,Northport,,11768,,,,4.7,34,,,,
Carmelo’s Wine & Liquor,"1403 B 30th Drive, Queens, NY 11102",,New York,Queens,,11102,,,,4.9,61,,,,
On the Rocks Wine and Liquor Inc.,"890 4th Ave, Brooklyn, NY 11232",,New York,Brooklyn,,11232,,,,4.7,183,,,,
Five Towns Wines,"601 Burnside Avenue, Inwood, NY 11096",,New York,Inwood,,11096,,,,4.6,479,,,,
Astoria Liquors,"1948 37th Street, Astoria, NY 11105",,New York,Astoria,,11105,,,,4.7,52,,,,
The Wine Place,"2447 Broadway, New York, NY 10024",,New York,New York,,10024,,,,3.3,27,,,,
Fairway Pelham Wines & Spirits,"847 Pelham Pkwy, Pelham, NY 10803",,New York,Pelham,,10803,,,,4.3,35,,,,
Upstairs Wine & Spirits,"625 8th Avenue, New York, NY 10018",,New York,New York,,10018,,,,4.2,21,,,,
Treehaus Wine,"566 10th Ave., New York, NY 10036",,New York,New York,,10036,,,,4.5,35,,,,
Corkless,"805 3rd Ave, New York, NY 10022",,New York,New York,,10022,,,,4.3,6,,,,
The Beer House,"894 4th Avenue, Brooklyn, NY 11232",,New York,Brooklyn,,11232,,,,2.6,7,,,,
McAdam Buy-Rite,"398 3rd Avenue, New York, NY 10016",,New York,New York,,10016,,,,4.5,115,,,,
55th Street Wine & Spirits,"50 W 55th St, New York, NY 10019",,New York,New York,,10019,,,,3.9,87,,,,
The Food Emporium - 8th Ave,"810 8th Avenue, New York, NY 10019",,New York,New York,,10019,,,,4.0,1430,,,,
Greenlawn Plaza Wine & Liquor,"769 Pulaski Road, Greenlawn, NY 11740",,New York,Greenlawn,,11740,,,,4.8,25,,,,
New York Liquor Company,"2131 Palmer Avenue, Larchmont, NY 10538",,New York,Larchmont,,10538,,,,4.8,22,,,,
East River Liquors,"1364 York Ave # 2, New York, NY 10021",,New York,New York,,10021,,,,3.7,38,,,,
Always Sunny,"3945 43rd Ave, Sunnyside, NY 11104",,New York,Sunnyside,,11104,,,,3.8,93,,,,
Wine at 79,"1490 York Ave, New York, NY 10075",,New York,New York,,10075,,,,3.4,38,,,,
Gracie's Wines,"1579 York Ave, New York, NY 10028",,New York,New York,,10028,,,,3.4,52,,,,
First Ave Liquors,"1502 1st Ave, New York, NY 10075",,New York,New York,,10075,,,,3.9,21,,,,
Happy Cork,"51 Buffalo Ave, Brooklyn, NY 11233",,New York,Brooklyn,,11233,,,,4.8,288,,,,
Long Island Artisan Wine & Spirit,"1171 Jericho Turnpike, Commack, NY 11725",,New York,Commack,,11725,,,,4.2,82,,,,
Hamilton Discount Wine & Liquor,"3607 Broadway, New York, NY 10031",,New York,New York,,10031,,,,4.4,182,,,,
Liquor City USA,"965 Richmond Avenue, Staten Island, NY 10314",,New York,Staten Island,,10314,,,,4.6,416,,,,
Michael's Liquors,"802 East Main Street, Riverhead, NY 11901",,New York,Riverhead,,11901,,,,4.7,189,,,,
Spirit Giant,"798 Montauk highway, Center Moriches, NY 11934",,New York,Center Moriches,,11934,,,,4.3,55,,,,
Sugarwood Wines and Liquors,"7575 Buckley Road, Syracuse, NY 13212",,New York,Syracuse,,13212,,,,4.8,50,,,,
W & J Liquor,"468 4TH AVE, Brooklyn, NY 11215",,New York,Brooklyn,,11215,,,,5.0,1,,,,
Cabrini Wines,"91 Pinehurst Ave., New York, NY 10033",,New York,New York,,10033,,,,4.7,106,,,,
Arlington Wine & Liquor Store,"718 Dutchess Turnpike, Poughkeepsie, NY 12603",,New York,Poughkeepsie,,12603,,,,4.7,356,,,,
End of the Vine Wine & Spirits,"259 Hempstead Avenue, Malverne, NY 11565",,New York,Malverne,,11565,,,,3.6,23,,,,
Midway Wine & Liquors,"973 Central Park Avenue, Scarsdale, NY 10583",,New York,Scarsdale,,10583,,,,4.4,136,,,,
New Hyde Park Wine,"400 Hillside Ave, New Hyde Park, NY 11040",,New York,New Hyde Park,,11040,,,,4.5,131,,,,
BottleBargains,"1033 Fort Salonga Road, Northport, NY 11768",,New York,Northport,,11768,,,,4.7,254,,,,
112 Liquors,"2690 New York 112, Medford, NY 11763",,New York,Medford,,11763,,,,4.6,32,,,,
Il Vino Torchio,"80 4th Ave, Brooklyn, NY 11217",,New York,Brooklyn,,11217,,,,4.7,49,,,,
Marketview Liquor,"1100 Jefferson Road, Rochester, NY 14623",,New York,Rochester,,14623,,,,4.7,1036,,,,
Bottle Values,"734 Old Bethpage Road, Old Bethpage, NY 11804",,New York,Old Bethpage,,11804,,,,4.6,329,,,,
"Tobacco, Beer & Convenience","979 1st Avenue, New York, NY 10022",,New York,New York,,10022,,,,4.0,4,,,,
Liberty Fine Wines & Spirits (9th Ave Wines),"706 9th Ave, New York, NY 10019",,New York,New York,,10019,,,,4.3,61,,,,
Amster Wine,"475 9th Avenue, New York, NY 10018",,New York,New York,,10018,,,,4.8,102,,,,
Snug Harbor Fine Wine,"367 Merrick Rd, Amityville, NY 11701",,New York,Amityville,,11701,,,,4.4,41,,,,
St. Nick's Vinoteca,"1581 Saint Nicholas Avenue, New York, NY 10040",,New York,New York,,10040,,,,4.8,33,,,,
KT Wines,"1180 Deer Park Ave, North Babylon, NY 11703",,New York,North Babylon,,11703,,,,4.5,36,,,,
Lehigh Wines & Liquors,"2929 Westchester Avenue, New York, NY 10461",,New York,New York,,10461,,,,4.3,74,,,,
Jericho Wines & Liquors,"2335 Jericho TPKE, Garden City Park, NY 11040",,New York,Garden City Park,,11040,,,,4.6,29,,,,
Danish Organic 6 Inc,"7702 3rd Avenue, Brooklyn, NY 11209",,New York,Brooklyn,,11209,,,,4.1,41,,,,
Izzy's Wines & Spirits,"977 Allerton Ave, Bronx, NY 10469",,New York,Bronx,,10469,,,,4.4,120,,,,
Station Liquor,"2-60 B 116th St, Rockaway Park, NY 11694",,New York,Rockaway Park,,11694,,,,4.2,26,,,,
Laviano Wine & Liquor,"1871 Western Ave, Albany, NY 12203",,New York,Albany,,12203,,,,4.7,101,,,,
Canarsie Liquor Outlet,"8606 FLATLANDS AVE., Brooklyn, NY 11236",,New York,Brooklyn,,11236,,,,4.2,112,,,,
Corner 77,"7617 Broadway, Queens, NY 11373",,New York,Queens,,11373,,,,3.1,19,,,,
Choo Choo Liquor & Wine Inc,"4024 Glenwood Road, Brooklyn, NY 11210",,New York,Brooklyn,,11210,,,,4.5,51,,,,
Deli-ght Deli,"4024 Greenpoint Ave, Sunnyside, NY 11104",,New York,Sunnyside,,11104,,,,4.3,27,,,,
PK Wines & Liquors,"3701 Expressway Drive South, Islandia, NY 11749",,New York,Islandia,,11749,,,,4.7,121,,,,
Liquor Busters of Smithtown,"167 Smithtown Boulevard, Nesconset, NY 11767",,New York,Nesconset,,11767,,,,4.3,41,,,,
Mayfair Wine & Liquor,"18805 Union Tpke, Fresh Meadows, NY 11364",,New York,Fresh Meadows,,11364,,,,4.7,56,,,,
Bklyn Wine and Liquor,"511 Empire Boulevard, Brooklyn, NY 11225",,New York,Brooklyn,,11225,,,,4.4,168,,,,
Beer Castle,"860 Ralph Avenue, Brooklyn, NY 11236",,New York,Brooklyn,,11236,,,,4.2,48,,,,
Cordially Yours Wine,"1460 French Road, Depew, NY 14043",,New York,Depew,,14043,,,,4.7,138,,,,
Muho Liquors,"28-11 Steinway Street, Astoria, NY 11103",,New York,Astoria,,11103,,,,4.5,48,,,,
Warehouse Wines & Spirits,"735 Broadway, New York, NY 10003",,New York,New York,,10003,,,,4.5,19,,,,
Post Road Market Wine and Spirits,"1000 Boston Post Road, Rye, NY 10580",,New York,Rye,,10580,,,,4.8,13,,,,
Corx Wine & Liquors,"1205 Mamaroneck Avenue, White Plains, NY 10605",,New York,White Plains,,10605,,,,4.6,74,,,,
C Town Supermarket,"5686 Mosholu Ave, Bronx, NY 10471",,New York,Bronx,,10471,,,,3.9,150,,,,
Wines by Nature,"5768 Rt 25A Suite I, Wading River, NY 11792",,New York,Wading River,,11792,,,,4.9,106,,,,
Clinton Gourmet Deli,"648 10th ave, New York, NY 10036",,New York,New York,,10036,,,,4.5,100,,,,
Greene Ave Market,"17 Greene Ave, Brooklyn, NY 11238",,New York,Brooklyn,,11238,,,,4.3,35,,,,
One Night Liquor Store,"1229 Franklin Avenue Front 3, Bronx, NY 10456",,New York,Bronx,,10456,,,,4.1,22,,,,
Bag & String Wine Merchants,"110 Chautauqua Ave., Lakewood, NY 14750",,New York,Lakewood,,14750,,,,4.9,78,,,,
Franklin Wine & Spirits,"608 Franklin Avenue, Brooklyn, NY 11238",,New York,Brooklyn,,11238,,,,4.3,58,,,,
Tahli’s Discount Liquors,"340 Northern Blvd, Great Neck, NY 11021",,New York,Great Neck,,11021,,,,4.7,81,,,,
"Smoke, Beer & Convenience","385 Canal Street, New York City, NY 10013",,New York,New York City,,10013,,,,4.3,7,,,,
Wine-o,"602 Marcy Ave, Brooklyn, NY 11206",,New York,Brooklyn,,11206,,,,4.6,56,,,,
Terrace Liquor Depot,"876D Connetquot Ave, Islip Terrace, NY 11752",,New York,Islip Terrace,,11752,,,,4.4,160,,,,
Fairway Market- Kips Bay,"550 2nd Avenue, New York, NY 10016",,New York,New York,,10016,,,,4.3,2242,,,,
Fairway Market- Chelsea,"766 6th Avenue, New York, NY 10001",,New York,New York,,10001,,,,4.2,2003,,,,
Good Nature,"1045 2nd Avenue, New York, NY 10022",,New York,New York,,10022,,,,4.3,43,,,,
Turtle Bay Liquors,"855 2nd Ave, New York, NY 10017",,New York,New York,,10017,,,,4.0,69,,,,
Top Line Wine,"78-03A Roosevelt Avenue, Queens, NY 11372",,New York,Queens,,11372,,,,4.0,17,,,,
Classic Beverage Bellmore,"1809 Newbridge Road, Bellmore, NY 11710",,New York,Bellmore,,11710,,,,4.8,83,,,,
Lafayette Grocery,"133 Lafayette Ave, Brooklyn, NY 11238",,New York,Brooklyn,,11238,,,,4.1,64,,,,
Vintage Grape Wine & Spirits,"1479 Third Avenue, New York, NY 10028",,New York,New York,,10028,,,,4.3,85,,,,
Evolve Smoke Shop #10,"457 Walt Whiteman Rd, Melville, NY 11747",,New York,Melville,,11747,,,,4.9,54,,,,
The Market @ Mercedes House,"550 West 54th Street, New York, NY 10019",,New York,New York,,10019,,,,4.3,143,,,,
VinVero Wines,"393 Grand St., New York City, NY 10002",,New York,New York City,,10002,,,,4.6,28,,,,
Juniper Wines & Liquors,"63-14 WOODHAVEN BLVD, Rego Park, NY 11374",,New York,Rego Park,,11374,,,,4.2,62,,,,
Vintage Cellars Wine & Spirits,"3133 East Tremont Avenue, The Bronx, NY 10461",,New York,The Bronx,,10461,,,,4.5,62,,,,
JP Liquors Inc,"367 BOYLE RD, Selden, NY 11784",,New York,Selden,,11784,,,,4.2,14,,,,
Grape Culture Wine and Spirits,"248 Lake Ave, St James, NY 11780",,New York,St James,,11780,,,,4.6,29,,,,
Danish Gourmet Grill,"721 2nd Avenue, New York, NY 10016",,New York,New York,,10016,,,,4.2,114,,,,
Grand Organic,"779 Grand Street, Brooklyn, NY 11211",,New York,Brooklyn,,11211,,,,4.6,131,,,,
Smart Choice,"34-12 30th Ave, Astoria, NY 11103",,New York,Astoria,,11103,,,,3.9,8,,,,
Heights Wine & Liquor,"3457 Broadway, New York, NY 10031",,New York,New York,,10031,,,,4.1,79,,,,
Woodbury Wine Cellar,"7973 Jericho Tpke, Woodbury, NY 11797",,New York,Woodbury,,11797,,,,4.9,10,,,,
Douglaston Wine & Liquor,"4441 Douglaston Parkway, Little Neck, NY 11363",,New York,Little Neck,,11363,,,,4.8,39,,,,
Broadway Liquor Inc,"575 Broadway, Newburgh, NY 12550",,New York,Newburgh,,12550,,,,4.3,122,,,,
GPK Wines & Liquors,"8989 Union Turnpike, #7, Queens, NY 11385",,New York,Queens,,11385,,,,4.0,39,,,,
City Wine Gallery,"1143 2nd Ave, New York, NY 10065",,New York,New York,,10065,,,,3.8,42,,,,
East Village Wines & Spirits,"138 1st Avenue, New York, NY 10009",,New York,New York,,10009,,,,3.4,77,,,,
Cravings,"1499 E 15th St, Brooklyn, NY 11230",,New York,Brooklyn,,11230,,,,4.8,30,,,,
710 Quick Stop,"710 2nd Ave, New York, NY 10016",,New York,New York,,10016,,,,3.8,64,,,,
Liquorama,"3999 ALBANY POST ROAD, Hyde Park, NY 12538",,New York,Hyde Park,,12538,,,,4.6,80,,,,
Village Gourmet Grocery,"102 2nd Avenue, New York, NY 10003",,New York,New York,,10003,,,,2.5,6,,,,
Bob's Discount Liquor NY,"115-02 Lefferts Blvd, South Ozone Park, NY 11420",,New York,South Ozone Park,,11420,,,,4.5,131,,,,
The Buzz Wine & Liquor,"99 West 27th Street, New York, NY 10001",,New York,New York,,10001,,,,3.7,123,,,,
Seeley Gourmet Deli,"251 Seeley St, Brooklyn, NY 11218",,New York,Brooklyn,,11218,,,,4.1,23,,,,
East Meadow Wine and Spirit,"479 Newbridge Road, East Meadow, NY 11554",,New York,East Meadow,,11554,,,,4.7,147,,,,
MS Convenience Deli & Beer,"8610 4th Avenue, Brooklyn, NY 11209",,New York,Brooklyn,,11209,,,,5.0,1,,,,
Moderne Barn Wine & Spirits,"430 Bedford Road, Armonk, NY 10504",,New York,Armonk,,10504,,,,4.8,21,,,,
Avenue V Discount Liquors Inc,"3021 Avenue V, Brooklyn, NY 11229",,New York,Brooklyn,,11229,,,,4.0,46,,,,
Mr. Vino,"107-02A 71st Ave, Forest Hills, NY 11375",,New York,Forest Hills,,11375,,,,3.6,93,,,,
Franklin Ave Liquors inc.,"740 franklin Avenue, Franklin Square, NY 11010",,New York,Franklin Square,,11010,,,,4.7,47,,,,
Heta Deli,"213-22 48th Avenue, Bayside, NY 11364",,New York,Bayside,,11364,,,,3.1,14,,,,
Liquor Warehouse- Rochester,"2255 East Ridge Road, Rochester, NY 14622",,New York,Rochester,,14622,,,,4.6,347,,,,
Suhag Liquor,"6930 Main St., Flushing, NY 11367",,New York,Flushing,,11367,,,,4.8,140,,,,
September Wines & Spirits,"100 Stanton St, New York, NY 10002",,New York,New York,,10002,,,,4.5,62,,,,
Fresh King Market,"9 Knolls Crescent, Bronx, NY 10463",,New York,Bronx,,10463,,,,3.7,30,,,,
Fort Green Food Market: Kegs,"186 Dekalb Ave, Brooklyn, NY 11205",,New York,Brooklyn,,11205,,,,3.8,23,,,,
Pope Wine & Liquors,"2799 New York 112 #14, Medford, NY 11763",,New York,Medford,,11763,,,,4.6,195,,,,
Riverhead Liquor Mart,"1866 Old Country Road, Riverhead, NY 11901",,New York,Riverhead,,11901,,,,4.3,100,,,,
K-Food Mart,"92-32 Queens Boulevard, Queens, NY 11374",,New York,Queens,,11374,,,,4.7,22,,,,
Bedford Exotics,"195 Bedford Avenue, Brooklyn, NY 11211",,New York,Brooklyn,,11211,,,,3.627,,,,,
"BRBR Beer, Groceries, Pet","7201 3rd Avenue, Brooklyn, NY 11209",,New York,Brooklyn,,11209,,,,3.7,,,,,
Liquor Land,"3756 Nostrand Avenue, Brooklyn, NY 11235",,New York,Brooklyn,,11235,,,,4.5,,,,,
Supreme Liquors,"298 Naughton Ave, Staten Island, NY 10305",,New York,Staten Island,,10305,,,,N,,,,,
E Smoke Shop,"227 1st Avenue, New York, NY 10003",,New York,New York,,10003,,,,4.1,,,,,
Cheers Wine & Liquor - Farmingville,"2340 North Ocean Avenue, Farmingville, NY 11738",,New York,Farmingville,,11738,,,,4.5,,,,,
Courtstreet Store,"304 Court Street, Brooklyn, NY 11231",,New York,Brooklyn,,11231,,,,N,,,,,
Broadway Plaza Liquor,"418 Broadway, Albany, NY 12207",,New York,Albany,,12207,,,,4.1,,,,,
Raeder's Wines & Liquors,"1029 Willis Avenue, Albertson, NY 11507",,New York,Albertson,,11507,,,,4.1,,,,,
Consumer Discount Wine & Liquor,"88 Dunning Road, Middletown, NY 10940",,New York,Middletown,,10940,,,,4.2,,,,,
Big Value Wine & Spirits,"374 WINDSOR HWY STORE 500, New Windsor, NY 12584",,New York,New Windsor,,12584,,,,4.6,,,,,
Euphoria Liquor,"2300 E Main Street Ste 3, Rochester, NY 14609",,New York,Rochester,,14609,,,,4.7,,,,,
GnG Wine and Liquors,"82-33 153rd Avenue, Queens, NY 11414",,New York,Queens,,11414,,,,4.6,,,,,
Manor Wines & Liquors,"893 Manor Road, Staten Island, NY 10314",,New York,Staten Island,,10314,,,,4.7,,,,,
Save Rite Wine & Liquors,"907 Manhattan Avenue, Brooklyn, NY 11222",,New York,Brooklyn,,11222,,,,4.5,,,,,
Half Time Beverage Poughkeepsie,"2290 South Road, Poughkeepsie, NY 12601",,New York,Poughkeepsie,,12601,,,,4.6,,,,,
JKs Wine & Liquor,"276 Plaza Road, Kingston, NY 12401",,New York,Kingston,,12401,,,,4.7,,,,,
Hauppauge Wine & Liquor,"694 Motor Pkwy, Hauppauge, NY 11788",,New York,Hauppauge,,11788,,,,4.8,,,,,
Union St Wine & Liquor,"38-19 Union Street, Flushing, NY 11354",,New York,Flushing,,11354,,,,4.5,,,,,
Kaj Wine And Liquor,"107-44 Van Wyck Expressway, Queens, NY 11419",,New York,Queens,,11419,,,,4.7,,,,,
South Face Wine and Liquors,"1054 Franklin Avenue, Valley Stream, NY 11580",,New York,Valley Stream,,11580,,,,4.7,,,,,
Fine Wines,"303 Graham Ave, Brooklyn, NY 11211",,New York,Brooklyn,,11211,,,,4.4,,,,,
Main Street Wine & Liquor,"273 West Main Street, Bay Shore, NY 11706",,New York,Bay Shore,,11706,,,,4.6,,,,,
Grapeshot Wine & Spirits,"64 Washington Ave, Brooklyn, NY 11205",,New York,Brooklyn,,11205,,,,4.8,,,,,
LGC Wine & Liquors,"4320 Ditmars Blvd, Queens, NY 11105",,New York,Astoria,,11105,,,,4.4,,,,,
Cork and Barrel NYC,"2616 Broadway, New York, NY 10025",,New York,New York,,10025,,,,4.4,,,,,
Parmar’s Liquors,"20 Floyd Road, Shirley, NY 11967",,New York,Shirley,,11967,,,,4.3,,,,,
Shivmanifood,"223-24, Union Tpke, Queens, NY 11427",,New York,Queens,,11427,,,,N,,,,,
Albemarle Foods,"101 Albemarle Road, Brooklyn, NY 11218",,New York,Brooklyn,,11218,,,,4.6,,,,,
Siliato Liquors,"327 Route 25A, Miller Place, NY 11764",,New York,Miller Place,,11764,,,,5.0,,,,,
Anton's Wine & Liquor,"360 Route 211 East, Middletown, NY 10940",,New York,Middletown,,10940,,,,4.4,,,,,
Bushwick Liquors,"459 Bushwick Avenue, Brooklyn, NY 11206",,New York,Brooklyn,,11206,,,,4.4,,,,,
Leaky Barrel Wines,"7611 New Utrecht Avenue, Brooklyn, NY 11214",,New York,Brooklyn,,11214,,,,3.9,,,,,
Chelsea Wine & Liquors,"557 C West 23rd Street, New York, NY 10011",,New York,New York,,10011,,,,4.1,,,,,
NYC Wines & Liquors,"5305 65th Pl, Maspeth, NY 11378",,New York,Maspeth,,11378,,,,4.1,,,,,
West Coast Wines & Liquor,"1440 Lexington Avenue, New York, NY 10128",,New York,New York,,10128,,,,4.6,,,,,
Evolve Smoke Shop #1,"233 Broadway Greenlawn, Huntington, NY 11743",,New York,Huntington,,11743,,,,N,,,,,
Evolve Smoke Shop #2,"290 Larkfield Road, East Northport, NY 11731",,New York,East Northport,,11731,,,,N,,,,,
Evolve Smoke Shop #3,"59 East Main Street, Smithtown, NY 11787",,New York,Smithtown,,11787,,,,3.9,,,,,
Evolve Smoke Shop #12,"629 East Main Street, Kings Park, NY 11754",,New York,Kings Park,,11754,,,,3.7,,,,,
Evolve Smoke Shop #13,"1019 Fort Salonga Road, Northport, NY 11768",,New York,Northport,,11768,,,,3.9,,,,,
Showcase Wine & Liquor,"46455 county rd 48, Southold, NY 11971",,New York,Southold,,11971,,,,4.8,,,,,
Manorville Wine & Liquor,"287 Wading River Road, Manorville, NY 11949",,New York,Manorville,,11949,,,,4.4,,,,,
Liquor Village NYC,"7106 18th Ave, Brooklyn, NY 11204",,New York,Brooklyn,,11204,,,,4.4,,,,,
Depot Wine & Liquor,"100 Independent Way, Brewster, NY 10509",,New York,Brewster,,10509,,,,4.6,,,,,
Wylde Liquor,"1028 New York 25A, Mount Sinai, NY 11766",,New York,Mount Sinai,,11766,,,,4.8,,,,,
San Pietro Wine & Spirits,"12 Depot Square, Tuckahoe, NY 10707",,New York,Tuckahoe,,10707,,,,5.0,,,,,
58 Wine and Liquor,"120 W 58th St, Manhattan, NY 10019",,New York,Manhattan,,10019,,,,4.7,,,,,
Brooklyn Liquors,"976 3rd Avenue, Brooklyn, NY 11232",,New York,Brooklyn,,11232,,,,4.4,,,,,
Domenick's Wine & Spirits,"30-12 Astoria Blvd, Astoria, NY 11102",,New York,Astoria,,11102,,,,4.2,,,,,
3rd Ave Wine & Liquor,"2171 3rd Ave, New York, NY 10035",,New York,New York,,10035,,,,4.5,,,,,
Wine Castle,"1654 3rd Avenue, New York, NY 10128",,New York,New York,,10128,,,,3.0,,,,,
Hell's Kitchen Wine & Spirits,"408 W 55th Street, New York, NY 10019",,New York,New York,,10019,,,,4.5,,,,,
Lake Buy-Rite Liquor,"299 Hawkins Ave, Suite 2, Ronkonkoma, NY 11779",,New York,Ronkonkoma,,11779,,,,4.7,,,,,
Woodbury Wine Market,"8285 Jericho turnpike, Woodbury, NY 11797",,New York,Woodbury,,11797,,,,4.6,,,,,
AH Liquors,"605 Rockaway Turnpike, Lawrence, NY 11559",,New York,Lawrence,,11559,,,,3.3,,,,,
KH&H Liquors,"32-50 Vernon Boulevard, Queens, NY 11106",,New York,Queens,,11106,,,,4.5,,,,,
HB Liquors,"20 Stew Leonard Drive, Yonkers, NY 10710",,New York,Yonkers,,10710,,,,4.5,,,,,
Camillus Liquors,"120 Township Boulevard, Camillus, NY 13031",,New York,Camillus,,13031,,,,4.5,,,,,
CHM Liquors,"345 Westfall Road, Rochester, NY 14620",,New York,Rochester,,14620,,,,4.5,,,,,
Solis Liquor Corporation,"2022 86TH Street, Brooklyn, NY 11214",,New York,Brooklyn,,11214,,,,3.7,,,,,
Prime Time Liquors,"430 5th Avenue, Brooklyn, NY 11215",,New York,Brooklyn,,11215,,,,4.7,,,,,
The Lieutenant Spirits,"7020 NEW UTRECHT AVE, Brooklyn, NY 11228",,New York,Brooklyn,,11228,,,,4.9,,,,,
Pride Wine & Spirits,"98 Christopher St, New York City, NY 10014",,New York,New York City,,10014,,,,5.0,,,,,
Shamrock Wine & Spirits,"247 Broadway, Fort Edward, NY 12828",,New York,Fort Edward,,12828,,,,4.5,,,,,
Minimart,"6701 Fresh pond road, Ridgewood, NY 11385",,New York,Ridgewood,,11385,,,,3.7,,,,,
449 Wine & Spirits,"449 Morris Park, New York City, NY 10460",,New York,New York City,,10460,,,,3.0,,,,,
Anvi Deli & Grocery Inc,"63-01 Dry Harbor Road, Middle Village, NY 11379",,New York,Middle Village,,11379,,,,4.1,,,,,
Bayport Wine & Liquor,"726 Montauk Highway, Bayport, NY 11705",,New York,Bayport,,11705,,,,4.3,,,,,
West Side Wine & Liquors,"481 Columbus Avenue, New York, NY 10024",,New York,New York,,10024,,,,4.8,,,,,
New Golden Wine & Liquor,"4108 Bell Blvd, Bayside, NY 11361",,New York,Bayside,,11361,,,,4.6,,,,,
Om Organic,"414 Court Street, Brooklyn, NY 11231",,New York,Brooklyn,,11231,,,,4.6,,,,,
17K Vineyards & Spirits Inc.,"254 Route 17K, Suite 106, Newburgh, NY 12550",,New York,Newburgh,,12550,,,,4.8,,,,,
Mohegan Wine & Liquors,"3065 E Main Street, Mohegan Lake, NY 10547",,New York,Mohegan Lake,,10547,,,,4.5,,,,,
Kissena Golden Liquor Wine,"7112 Kissena Boulevard, Queens, NY 11355",,New York,Queens,,11355,,,,4.3,,,,,
Aro Liquor Store,"4908 Merrick Road, Massapequa Park, NY 11762",,New York,Massapequa Park,,11762,,,,4.4,,,,,
Village Farm Grocery,"146 2nd avenue, New York, NY 10003",,New York,New York,,10003,,,,3.1,,,,,
Park Liquors From Masspark,"1016 Park Blvd, Massapequa Park, NY 11762",,New York,Massapequa Park,,11762,,,,4.5,,,,,
Beverage Island,"66 Willow avenue, Staten Island, NY 10305",,New York,Staten Island,,10305,,,,4.7,,,,,
J & W Liquor,"1843 Grand Concourse, Bronx, NY 10453",,New York,Bronx,,10453,,,,4.1,,,,,
Colonial Deli,"125 Bay Ridge Avenue, Brooklyn, NY 11220",,New York,Brooklyn,,11220,,,,3.7,,,,,
Crown Heights Wine,"1524 st.johns place, Brooklyn, NY 11213",,New York,Brooklyn,,11213,,,,4.4,,,,,
James Liquor,"131-18 Merrick Blvd, Jamaica, NY 11434",,New York,Jamaica,,11434,,,,4.3,,,,,
Best Wine Purveyors,"210 Marble Avenue, Pleasantville, NY 10570",,New York,Pleasantville,,10570,,,,4.6,,,,,
Wine Emporium,"1545 2nd Avenue, New York, NY 10028",,New York,New York,,10028,,,,4.3,,,,,
Best Buy Wine & Liquor - Franklin,"864 Hempstead Tpke, Franklin Sq, NY 11010",,New York,Franklin Sq,,11010,,,,3.8,,,,,
Bay Ridge Deli & Grocery,"7506 5th Avenue, Brooklyn, NY 11209",,New York,Brooklyn,,11209,,,,4.6,,,,,
TZ Liquors,"11 Orangetown Shopping Center, Orangeburg, NY 10962",,New York,Orangeburg,,10962,,,,4.0,,,,,
New Goldy's Inc,"1 Legion Pl, East Rockaway, NY 11518",,New York,East Rockaway,,11518,,,,4.5,,,,,
Magnum Wines,"61-02 Flushing Ave, Maspeth, NY 11378",,New York,Maspeth,,11378,,,,4.6,,,,,
Key Food Stadium,"885 Gerard Avenue, Bronx, NY 10452",,New York,Bronx,,10452,,,,4.0,,,,,
Sunrise Smoke Shop,"33 Sunrise Highway, Massapequa Park, NY 11762",,New York,Massapequa Park,,11762,,,,4.3,,,,,
Village Craft Beer & Smoke,"136 1st Avenue, New York, NY 10009",,New York,New York,,10009,,,,3.9,,,,,
Cambridge Wines & Liquors,"594 8th Avenue, New York, NY 10018",,New York,New York,,10018,,,,3.8,,,,,
Plaza South Convenience & Grocery Store,"2508A Queens Plaza S, Long Island City, NY 11101",,New York,Long Island City,,11101,,,,3.4,,,,,
Signature Fine Wines and Liquors,"366 Dogwood Avenue, Franklin Square, NY 11010",,New York,Franklin Square,,11010,,,,4.6,,,,,
Riverhead Stationary & Grocery,"407 East Main Street, Riverhead, NY 11901",,New York,Riverhead,,11901,,,,5.0,,,,,
36th Ave Wine & Spirits,"30-14 36th Avenue, Long Island City, NY 11106",,New York,Long Island City,,11106,,,,4.5,,,,,
Fiesta Liquors Corp,"2898 Bailey Avenue, Bronx, NY 10463",,New York,Bronx,,10463,,,,4.5,,,,,
Kingsway Liquors,"1624 Kings Highway, Brooklyn, NY 11229",,New York,Brooklyn,,11229,,,,4.2,,,,,
Massapequa Wine Cellar One Inc.,"1308 Hicksville Road, Massapequa, NY 11758",,New York,Massapequa,,11758,,,,4.0,,,,,
Town Dock Discount Liquors,"422 Pelham Road, New Rochelle, NY 10805",,New York,New Rochelle,,10805,,,,4.4,,,,,
Hempstead Liquors,"63 Main Street, Hempstead, NY 11550",,New York,Hempstead,,11550,,,,4.2,,,,,
ASP Wines & Liquors,"1496 Deer Park Avenue, North Babylon, NY 11703",,New York,North Babylon,,11703,,,,4.7,,,,,
BT Liquors,"627 Nostrand Ave, Brooklyn, NY 11216",,New York,Brooklyn,,11216,,,,4.0,,,,,
Wine World NY,"3158 Niagara Falls Blvd, Amherst, NY 14228",,New York,Amherst,,14228,,,,4.9,,,,,
Zee Smoke,"246 East 14th st, New York, NY 10003",,New York,New York,,10003,,,,3.7,,,,,
#1 Farmer's Market,"1458 2nd Avenue, New York, NY 10075",,New York,New York,,10075,,,,3.5,,,,,
Northside Discount Liquors and Wines,"105 Berry St, Brooklyn, NY 11249",,New York,Brooklyn,,11249,,,,3.6,,,,,
Bin 70 Wine,"200 West End Avenue, New York, NY 10023",,New York,New York,,10023,,,,4.5,,,,,
Jin Brothers Wine & Liquor,"51-03 Skillman Avenue, Woodside, NY 11377",,New York,Woodside,,11377,,,,4.8,,,,,
Eco Farmers Market,"1330 Lexington Avenue, New York, NY 10128",,New York,New York,,10128,,,,N,,,,,
Tanya Wine and Liquor,"303 Rockaway Tpke, Lawrence, NY 11559",,New York,Lawrence,,11559,,,,4.3,,,,,
LIE Deli,"8906 Eliot Avenue, Queens, NY 11374",,New York,Queens,,11374,,,,5.0,,,,,
Port to Port Wine & Spirits,"395 Fort Salonga Road, Suit H, Northport, NY 11768",,New York,Northport,,11768,,,,4.4,,,,,
Little Barrel Cellar Inc.,"346 Route 25A STE 48, Rocky Point, NY 11778",,New York,Rocky Point,,11778,,,,4.4,,,,,
Bee Wines & Liquors,"225 Avenue B, New York, NY 10009",,New York,New York,,10009,,,,4.6,,,,,
Franja Liquors Inc.,"785 Wyckoff Avenue, Queens, NY 11385",,New York,Queens,,11385,,,,4.7,,,,,
Super Deli - Flushing,"144-10 Northern Boulevard, Flushing, NY 11354",,New York,Flushing,,11354,,,,2.6,,,,,
Amsterdam Wine and Liquor,"1356 Amsterdam Avenue, New York, NY 10027",,New York,New York,,10027,,,,3.9,,,,,
Mars Deli - Flushing,"4447 Kissena Blvd, Flushing, NY 11355",,New York,Flushing,,11355,,,,3.7,,,,,
Taste Wine & Spirits,"211 McGuinness Boulevard, Brooklyn, NY 11222",,New York,Brooklyn,,11222,,,,4.8,,,,,
Village Wines & Spirits,"486 6th Avenue, New York, NY 10011",,New York,New York,,10011,,,,3.7,,,,,
J & G Wines and Liquors,"3790 Broadway, New York, NY 10032",,New York,New York,,10032,,,,4.0,,,,,
Lexington Wine & Liquor,"1755 Lexington Ave, New York, NY 10029",,New York,New York,,10029,,,,4.4,,,,,
JC Wine & Spirits,"3970 61st Street, Woodside, NY 11377",,New York,Woodside,,11377,,,,4.1,,,,,
Mini Mart - Forest Hills,"6415 108th street, Forest Hills, NY 11375",,New York,Forest Hills,,11375,,,,4.0,,,,,
Geo's Discount Beer,"4932 New York 17M, New Hampton, NY 10958",,New York,New Hampton,,10958,,,,N,,,,,
Continental Smoke Shop,"107-36 71st ave,, Foresthills, NY 11375",,New York,Foresthills,,11375,,,,3.1,,,,,
Sky Liquor - Queens,"4304 Bell Blvd, New York, NY 11361",,New York,New York,,11361,,,,4.1,,,,,
Elmgrove Discount Wine & Spirits,"738 Elmgrove Rd, Rochester, NY 14624",,New York,Rochester,,14624,,,,4.6,,,,,
Great Neck Wine & Liquors,"1700 Great Neck Rd, Copiague, NY 11726",,New York,Copiague,,11726,,,,4.58,,,,,
Sands Liquor,"3547 Long Beach Road, Oceanside, NY 11572",,New York,Oceanside,,11572,,,,5.0,,,,,
Hudson Yard Wine and Spirits,"486 9th Avenue, New York, NY 10018",,New York,New York,,10018,,,,3.8,,,,,
Youngs Swiftway,"1604 ROUTE 112, Medford, NY 11763",,New York,Medford,,11763,,,,N,,,,,
Mr. Berry,"892 Manhattan ave, Brooklyn, NY 11222",,New York,Brooklyn,,11222,,,,4.5,,,,,
Charels Liquor,"1606 New York 82, Lagrangeville, NY 12540",,New York,Lagrangeville,,12540,,,,3.9,,,,,
Aged Cork Wine,"2237 Central Park Ave, Yonkers, NY 10710",,New York,Yonkers,,10710,,,,4.9,,,,,
Westfield Market Place - Bronx,"3202 ampere ave, Bronx, NY 10465",,New York,Bronx,,10465,,,,3.6,,,,,
Cai's Wines & Liquors,"254-23 Northern Boulevard, Little Neck, NY 11362",,New York,Little Neck,,11362,,,,4.6,,,,,
Stop & Go Convenience & Beer,"39-58 61st Street, Queens, NY 11377",,New York,Queens,,11377,,,,3.2,,,,,
Ocean Mini Mart Beer & Grocery,"3917 18th Avenue, Brooklyn, NY 11218",,New York,Brooklyn,,11218,,,,3.9,,,,,
Guy R Brewer Wine & Liquor,"11701 Guy R Brewer Blvd, Jamaica, NY 11413",,New York,Jamaica,,11413,,,,4.3,,,,,
Tuxedo Wines and Spirits,"224 NY-17, Tuxedo, NY 10987",,New York,Tuxedo,,10987,,,,4.6,,,,,
Bay Shore Wine and Liquor,"2058 Sunrise Highway, Bay Shore, NY 11706",,New York,Bay Shore,,11706,,,,4.4,,,,,
Ozone Park Wine & Liquor,"124-04 Rockaway Boulevard, Queens, NY 11420",,New York,Queens,,11420,,,,4.6,,,,,
Melville Wine,"888 Walt Whitman Rd, Melville, NY 11747",,New York,Melville,,11747,,,,4.1,,,,,
Schenectady Liquor Inc,"231 Schenectady Avenue, Brooklyn, NY 11213",,New York,Brooklyn,,11213,,,,N,,,,,
Lakeside Liquor- NY,"646 Route 6, Mahopac, NY 10541",,New York,Mahopac,,10541,,,,4.5,,,,,
Flavors NYC,"1384 1st Avenue, New York, NY 10021",,New York,New York,,10021,,,,4.2,,,,,
Beer Cave,"21-10 30th Avenue, Queens, NY 11102",,New York,Queens,,11102,,,,5.0,,,,,
Star Liquor & Wine,"21907 Northern Blvd, Bayside, NY 11361",,New York,Bayside,,11361,,,,4.0,,,,,
E Smoke & Convenience,"618 8th Ave, New York, NY 10018",,New York,New York,,10018,,,,4.6,,,,,
Cherry Valley Marketplace - West Hempstead,"496 Hempstead Tpke, West Hempstead, NY 11552",,New York,West Hempstead,,11552,,,,4.4,,,,,
H&S Wines & Liquors,"7929 Myrtle Ave, Glendale, NY 11385",,New York,Glendale,,11385,,,,4.5,,,,,
Catskill Liquors,"344 WEST BRIDGE STREET, Catskill, NY 12414",,New York,Catskill,,12414,,,,4.6,,,,,
Lauren's Liquors,"276 Post Avenue, Westbury, NY 11590",,New York,Westbury,,11590,,,,N,,,,,
Harbor Wine and Spirits,"185 Beach 116th street, Rockaway Park, NY 11694",,New York,Rockaway Park,,11694,,,,4.7,,,,,
YS Wine and Liquor,"2593 Frederick Douglass Boulevard, New York, NY 10030",,New York,New York,,10030,,,,4.5,,,,,
Best Buy 888 Liquor and Wine,"678 Dogwood Ave, Frankly Square, NY 11010",,New York,Frankly Square,,11010,,,,N,,,,,
Zhangs Liquor and Wine,"93-08 Liberty Ave, Ozone Park, NY 11417",,New York,Ozone Park,,11417,,,,4.4,,,,,
City Deli & Cafe,"55-12 Myrtle Avenue, Ridgewood, NY 11385",,New York,Ridgewood,,11385,,,,4.5,,,,,
Bin 94 Wines,"115 Temple Hill Road, Vails Gate, NY 12553",,New York,Vails Gate,,12553,,,,4.5,,,,,
JS Wine & Spirits,"2020 N Jerusalem Rd, North Bellmore, NY 11710",,New York,North Bellmore,,11710,,,,4.2,,,,,
Price Rite Wine and Liquor,"689 Old Country Road, Dix Hills, NY 11746",,New York,Dix Hills,,11746,,,,4.2,,,,,
Briarwood Convenience Store,"13763 Queens Boulevard, Queens, NY 11435",,New York,Queens,,11435,,,,4.0,,,,,
Elegant Wine,"240 Page Avenue, Staten Island, NY 10307",,New York,Staten Island,,10307,,,,4.7,,,,,
BK Wine Depot Corp,"214 Hoyt St, Brooklyn, NY 11217",,New York,Brooklyn,,11217,,,,4.7,,,,,
One11 Wine,"363 Nesconset Hwy, Hauppauge, NY 11788",,New York,Hauppauge,,11788,,,,4.7,,,,,
Valley Stream Wine & Liquors,"263 West Merrick Road, Valley Stream, NY 11580",,New York,Valley Stream,,11580,,,,4.4,,,,,
Beer And Beverage Depot,"257 West Merrick Road, Valley Stream, NY 11580",,New York,Valley Stream,,11580,,,,4.3,,,,,
Dyre Wine and Liquor,"2234 Light st, Bronx, NY 10466",,New York,The Bronx,,10466,,,,N,,,,,
Wine Gallery,"270 Nassau Blvd, Garden City, NY 11530",,New York,Garden City,,11530,,,,4.8,,,,,
Atmi Liquor Store,"166 2nd ave, New York, NY 10003",,New York,New York,,10003,,,,3.3,,,,,
Liquor Warehouse of Freeport,"101 Buffalo Avenue, Freeport, NY 11520",,New York,Freeport,,11520,,,,4.6,,,,,
Springfield Village Wine and Liquor,"13449 Springfield Blvd, Springfield Gardens, NY 11413",,New York,Springfield Gardens,,11413,,,,4.3,,,,,
Best Whitestone Liquor,"144-12 Northern Boulevard, Flushing, NY 11354",,New York,Flushing,,11354,,,,3.7,,,,,
Military Liquors,"2563 Military rd, Niagara Falls, NY 14304",,New York,Niagara Falls,,14304,,,,4.5,,,,,
Lovely Wine,"4716 Broadway, Astoria, NY 11103",,New York,Astoria,,11103,,,,4.4,,,,,
Krish Wine & Liquor,"2593 New York 52, Hopewell Junction, NY 12533",,New York,Hopewell Junction,,12533,,,,3.8,,,,,
Sip Sip Hooray Wines & Liquors,"9538 Destiny USA Drive, Syracuse, NY 13290",,New York,Syracuse,,13290,,,,4.5,,,,,
Manhattan Express Wine & Liquor,"2025 1st Avenue, New York, NY 10029",,New York,New York,,10029,,,,N,,,,,
Blacktie Wine and Spirits,"114 Shore Road, Port Washington, NY 11050",,New York,Port Washington,,11050,,,,4.7,,,,,
Suburban Discount Liquors,"3035 Niagara Falls Blvd., Amherst, NY 14228",,New York,Amherst,,14228,,,,4.3,,,,,
Melover Liquor Store,"254 East 125 Street, New York, NY 10035",,New York,New York,,10035,,,,4.5,,,,,
Discount Wine & Liquor,"17929 Hillside Avenue, Jamaica, NY 11432",,New York,Jamaica,,11432,,,,4.8,,,,,
Cornhill Fine Wines,"260 Exchange Blvd, Rochester, NY 14608",,New York,Rochester,,14608,,,,3.8,,,,,
Driggs Mini Mart,"172 S 3rd Street, Brooklyn, NY 11211",,New York,Brooklyn,,11211,,,,N,,,,,
Mars Deli - Woodside,"44-06 48th Ave, Queens, NY 11377",,New York,Queens,,11377,,,,4.0,,,,,
Wine Market,"2337 New Hyde Park Road, New Hyde Park, NY 11042",,New York,New Hyde Park,,11042,,,,3.9,,,,,
Tops Liquor,"2812 Avenue U, Brooklyn, NY 11229",,New York,Brooklyn,,11229,,,,4.5,,,,,
Uptown Wine Shop,"1361 Lexington Avenue, New York, NY 10128",,New York,New York,,10128,,,,3.8,,,,,
Bottlecaps - Watertown,"952 Arsenal Street, Watertown, NY 13601",,New York,Watertown,,13601,,,,4.7,,,,,
Metro Novelty & Convenience,"354 Graham Avenue, Brooklyn, NY 11211",,New York,Brooklyn,,11211,,,,N,,,,,
Cork & Vine-NYC,"204 West 79 St, Manhattan, NY 10024",,New York,Manhattan,,10024,,,,4.6,,,,,
Northern Deli,"6903 Northern Blvd, Woodside, NY 11377",,New York,Woodside,,11377,,,,3.0,,,,,
White Plains Discount Liquor,"3954 White Plains Rd, The Bronx, NY 10466",,New York,The Bronx,,10466,,,,4.1,,,,,
Parkside Market,"1859 Ditmars Blvd, Astoria, NY 11105",,New York,Astoria,,11105,,,,4.0,,,,,
All Saver Wine & Liquor,"4388 White Plains Road, Bronx, NY 10466",,New York,Bronx,,10466,,,,4.4,,,,,
Classic Beverage - Freeport,"492 Atlantic Avenue, Freeport, NY 11520",,New York,Freeport,,11520,,,,4.7,,,,,
Beverage Mart,"324 White Plains Road, Eastchester, NY 10709",,New York,Eastchester,,10709,,,,4.5,,,,,
Corona Discount Wine & Liquor,"104-05 Corona Avenue, Queens, NY 11368",,New York,Queens,,11368,,,,4.4,,,,,
Nobel Wine and Spirit,"503 North Broadway, Jericho, NY 11753",,New York,Jericho,,11753,,,,4.7,,,,,
Shamrock Wine & Liquor,"5995 Broadway, Bronx, NY 10471",,New York,Bronx,,10471,,,,4.0,,,,,
Wonder Liquor Inc.,"8005 Flatlands Ave, Brooklyn, NY 11236",,New York,Brooklyn,,11236,,,,4.1,,,,,
Wine Gallery - Middle Island,"880 Middle Country Road, Middle Island, NY 11953",,New York,Middle Island,,11953,,,,4.6,,,,,
King's Cellars,"8304 3rd Avenue, Brooklyn, NY 11209",,New York,Brooklyn,,11209,,,,4.1,,,,,
500 Med Wine and Liquor,"500 Medford Ave, Patchouge, NY 11722",,New York,Patchouge,,11722,,,,4.8,,,,,
JP Wine and Liquor,"1954 Middle Country Road, Centereach, NY 11720",,New York,Centereach,,11720,,,,4.3,,,,,
Nouveau Wine & Spirits,"2160 Penfield Road, Penfield, NY 14526",,New York,Penfield,,14526,,,,4.5,,,,,
Leewood Liquor,"322 White Plains Road, Eastchester, NY 10709",,New York,Eastchester,,10709,,,,4.7,,,,,
Red Feet Wine Market & Spirit Provisions,"435 Franklin Street, Ithaca, NY 14850",,New York,Ithaca,,14850,,,,4.7,,,,,
Liquor Warehouse - Elmont,"794 Elmont Road, Elmont, NY 11003",,New York,Elmont,,11003,,,,4.8,,,,,
Tremont Liquor & Wine,"741 East Tremont Avenue, The Bronx, NY 10457",,New York,The Bronx,,10457,,,,4.2,,,,,
Hilltop Wines and Liquors,"368 New Hempstead Road, New City, NY 10956",,New York,New City,,10956,,,,4.7,,,,,
Brighton Liquors,"446 East Brighton Avenue, Syracuse, NY 13210",,New York,Syracuse,,13210,,,,4.3,,,,,
Mill Basin Wines & Liquor,"6622 Avenue U, Brooklyn, NY 11234",,New York,Brooklyn,,11234,,,,4.2,,,,,
Shop Fair Market,"1125 Fulton Street, Brooklyn, NY 11238",,New York,Brooklyn,,11238,,,,4.1,,,,,
New Rochelle Wines,"558 North Ave, New Rochelle, NY 10801",,New York,New Rochelle,,10801,,,,4.6,,,,,
Forest Hills Liquor,"7209 Austin St, Forest Hills, NY 11375",,New York,Forest Hills,,11375,,,,4.0,,,,,
Best Choice Convenience,"30-03 Astoria Boulevard, Queens, NY 11102",,New York,Queens,,11102,,,,1.6,,,,,
Mingstar Liquor,"598 Grand street, Brooklyn, NY 11211",,New York,Brooklyn,,11211,,,,4.4,,,,,
Park Slope Beer and Market Place,"556 6th Avenue, Brooklyn, NY 11215",,New York,Brooklyn,,11215,,,,4.4,,,,,
Barrymore's Wine & Spirits,"1456 RT 9P, Suite 3, Saratoga Springs, NY 12866",,New York,Saratoga Springs,,12866,,,,3.8,,,,,
Collegetown Wine & Spirits,"406 College Avenue, Ithaca, NY 14850",,New York,Ithaca,,14850,,,,4.0,,,,,
Royal Discount Wine and Liquor,"1 School Street, Glen Cove, NY 11542",,New York,Glen Cove,,11542,,,,3.9,,,,,
10th Ave Wines and Liquors,"812 10th Avenue, New York, NY 10019",,New York,New York,,10019,,,,4.1,,,,,
Wine On Nine,"191 9th Ave, New York, NY 10011",,New York,New York,,10011,,,,4.3,,,,,
Ferreira Foodtown - Jackson Heights,"76-10 37th Avenue, Queens, NY 11372",,New York,Queens,,11372,,,,4.2,,,,,
Packard Square Wine and Liquor,"41-34D Crescent Street, Long Island City, NY 11101",,New York,Long Island City,,11101,,,,3.5,,,,,
Bravo Supermarket,"24-18 34TH AVE, Astoria, NY 11106",,New York,Astoria,,11106,,,,4.0,,,,,
Tonawanda Wine,"61 broad st, Tonawanda, NY 14150",,New York,Tonawanda,,14150,,,,4.6,,,,,
Freeland Liquor Store,"170 Lenox Ave, New York City, NY 10026",,New York,New York City,,10026,,,,4.3,,,,,
The Whiskey Shop #4,"44 Berry St Store #4, Brooklyn, NY 11249",,New York,Brooklyn,,11249,,,,4.2,,,,,
Wine Bros,"1103 1st Avenue, New York, NY 10065",,New York,New York,,10065,,,,4.0,,,,,
8th Ave Wine and Liquor,"303 W 128th Street, New York, NY 10027",,New York,New York,,10027,,,,4.1,,,,,
Unity Wines,"704 Saint Nicholas Ave, New York, NY 10031",,New York,New York,,10031,,,,3.7,,,,,
M&N Liquors inc.,"138-90 Francis Lewis Boulevard, Queens, NY 11422",,New York,Queens,,11422,,,,4.3,,,,,
Country Liquor and Wine,"613 Old Country Rd, Plainview, NY 11803",,New York,Plainview,,11803,,,,4.5,,,,,
Drink Wine n Liquor,"4705 Metropolitan Avenue, Ridgewood, NY 11385",,New York,Ridgewood,,11385,,,,N,,,,,
Sanctuary of Spirits,"476 Onderdonk Avenue, Ridgewood, NY 11385",,New York,Ridgewood,,11385,,,,4.4,,,,,
Monalisa Wine and Liquor,"3490 Broadway, New York, NY 10031",,New York,New York,,10031,,,,N,,,,,
Adel Wine and Liquors,"925 Columbus Avenue, New York, NY 10025",,New York,New York,,10025,,,,4.8,,,,,
Popular Wines & Spirits,"738 U.S. 9, Fishkill, NY 12524",,New York,Fishkill,,12524,,,,4.6,,,,,
Liquorland - Suffern,"250 NY-59, Suffern, NY 10901",,New York,Suffern,,10901,,,,4.4,,,,,
Bellmore Cigar and Vapor,"2825 merrick road, Bellmore, NY 11710",,New York,Bellmore,,11710,,,,4.6,,,,,
KSN Discount Liquors,"16 Franklin Ave, Hewlett, NY 11557",,New York,Hewlett,,11557,,,,4.8,,,,,
Hallinan's Wine and Liquors,"3504 West Genesee Street, Syracuse, NY 13219",,New York,Syracuse,,13219,,,,4.8,,,,,
The Wine Shop,"265 New Scotland Ave, Albany, NY 12208",,New York,Albany,,12208,,,,4.5,,,,,
Cameron's 24 Hour Store,"1054 Elmwood Avenue, Buffalo, NY 14222",,New York,Buffalo,,14222,,,,4.3,,,,,
Frank Liquor Store,"1379 Jerusalem ave, North Merrick, NY 11566",,New York,North Merrick,,11566,,,,5.0,,,,,
Gio Wines,"48-01 108th Street, Corona, NY 11368",,New York,Corona,,11368,,,,4.6,,,,,
Park East Wine & Spirits,"1657 York Ave, New York, NY 10128",,New York,New York,,10128,,,,4.7,,,,,
Evolve Smoke Shop #28,"28 Hempstead Turnpike, Farmingdale, NY 11735",,New York,Farmingdale,,11735,,,,4.3,,,,,
Green Way Markets #519,"20 N. Salem Rd, Cross River, NY 10518",,New York,Cross River,,10518,,,,4.2,,,,,
Foodtown #521,"129 Lake Ave, Yonkers, NY 10703",,New York,Yonkers,,10703,,,,3.7,,,,,
Foodtown #522,"70 Linden Street, Yonkers, NY 10701",,New York,Yonkers,,10701,,,,3.6,,,,,
Foodtown #523,"1489 West Avenue, Bornx, NY 10462",,New York,Bornx,,10462,,,,4.1,,,,,
Jerusalem Plaza Liquor,"438 Jerusalem Avenue, Hicksville, NY 11801",,New York,Hicksville,,11801,,,,4.6,,,,,
Quench Wine & Spirits,"90 West Main Street, Patchogue, NY 11772",,New York,Patchogue,,11772,,,,4.3,,,,,
Foodtown #524,"756 St. Nicholas Avenue, New York, NY 10031",,New York,New York,,10031,,,,4.1,,,,,
Foodtown #528,"3100 Third Ave, Bronx, NY 10451",,New York,Bronx,,10451,,,,3.8,,,,,
Henner'z Liquor,"556 Chili Avenue, Rochester, NY 14611",,New York,Rochester,,14611,,,,4.3,,,,,
Hertel Parker Liquor Store,"1859 Hertel Avenue, Buffalo, NY 14216",,New York,Buffalo,,14216,,,,4.6,,,,,
I C Liquors,"2249 First Avenue, New York, NY 10029",,New York,New York,,10029,,,,4.3,,,,,
Oscar Deli & Grocery,"160-02 43rd Ave, Flushing, NY 11358",,New York,Flushing,,11358,,,,3.8,,,,,
T & L Beer & Soda Distribution Co,"521 Atlantic Avenue, Freeport, NY 11520",,New York,Freeport,,11520,,,,4.4,,,,,
Dream Mart Wine and Liquor,"5 Semon Road, Huntington, NY 11743",,New York,Huntington,,11743,,,,3.7,,,,,
Ivy Stationers,"14 Thiells Mount Ivy Road, Pomona, NY 10970",,New York,Pomona,,10970,,,,4.8,,,,,
Monarch Beverage,"505 Long Beach Blvd, Long Beach, NY 11561",,New York,Long Beach,,11561,,,,4.6,,,,,
Sergey's Wine & Liquor,"244 Kings Hwy, Brooklyn, NY 11223",,New York,Brooklyn,,11223,,,,4.5,,,,,
Allstar Wine,"579 Troy Schenectady Road, Latham, NY 12110",,New York,Latham,,12110,,,,4.7,,,,,
Q&Y Liquors,"3375 Broadway, New York, NY 10031",,New York,New York,,10031,,,,5.0,,,,,
F S Convenience,"291 Avenue X, Brooklyn, NY 11223",,New York,Brooklyn,,11223,,,,N,,,,,
Williamsburg Wine And Liquor,"431 Graham Avenue, Brooklyn, NY 11211",,New York,Brooklyn,,11211,,,,4.5,,,,,
Wine Doc,"1931a Jericho Turnpike, East Northport, NY 11731",,New York,East Northport,,11731,,,,4.5,,,,,
Rose Wine & Spirits,"2685 North Jerusalem Road, East Meadow, NY 11554",,New York,East Meadow,,11554,,,,4.3,,,,,
Dunne's Polemost Liquors,"591 Manhattan Avenue, Brooklyn, NY 11222",,New York,Brooklyn,,11222,,,,4.9,,,,,
Capital Beer Depot,"1687 New York Avenue, Huntington Station, NY 11746",,New York,Huntington Station,,11746,,,,4.6,,,,,
Ferreira Foodtown - Jamaica Ave,"173-09 Jamaica Ave, Jamaica, NY 11432",,New York,Jamaica,,11432,,,,3.9,,,,,
Ferreira Foodtown - Parson Blvd,"84-05 Parsons Boulevard, Queens, NY 11432",,New York,Queens,,11432,,,,4.0,,,,,
Pavilion Wine & Spirits,"361 South Oyster Bay Road, Plainview, NY 11803",,New York,Plainview,,11803,,,,4.3,,,,,
Cathedral Wine & Liquor,"301 Cathedral Pkwy, New York, NY 10026",,New York,New York,,10026,,,,3.9,,,,,
International Wines & Liquor,"66-39 Myrtle Avenue, Queens, NY 11385",,New York,Queens,,11385,,,,4.4,,,,,
Main Wines and Liquors,"54A Centre Ave., New Rochelle, NY 10801",,New York,New Rochelle,,10801,,,,4.7,,,,,
Amboy Wines and Liquors,"6390 Amboy Rd, Staten Island, NY 10309",,New York,Staten Island,,10309,,,,4.6,,,,,
Cherry Market Place,"309 East 115th Street, New York, NY 10029",,New York,New York,,10029,,,,3.7,,,,,
Yang Wine & Liquor,"71-5 Myrtle Avenue, Glendale, NY 11385",,New York,Glendale,,11385,,,,4.1,,,,,
Green Label Wine and Liquor,"2130 NY-94, Sallisbury Mills, NY 12577",,New York,Salisbury Mills,,12577,,,,4.8,,,,,
Station Liquors,"137 Halstead Ave, Mamaroneck, NY 10543",,New York,Mamaroneck,,10543,,,,4.6,,,,,
Twisted Smoke Shop,"347 Merrick Avenue, East Meadow, NY 11554",,New York,East Meadow,,11554,,,,4.6,,,,,
Dry Harbor Wine & Spirits,"64-74 Dry Harbor Rd, Middle Village, NY 11379",,New York,Middle Village,,11379,,,,4.1,,,,,
Abbey Road Wine and Spirits,"501 West 57th Street, New York, NY 10019",,New York,New York,,10019,,,,4.1,,,,,
L'Chaim,"348 Roebling Street, Brooklyn, NY 11211",,New York,Brooklyn,,11211,,,,4.8,,,,,
Kent Wines,"420 Kent Avenue, Brooklyn, NY 11249",,New York,Brooklyn,,11249,,,,4.7,,,,,
Schnapps Kosher Wine and Whiskey Shop,"404 Avenue M, Brooklyn, NY 11230",,New York,Brooklyn,,11230,,,,4.4,,,,,
Ni Liquor and Wine Store,"764B East 149th Street, Bronx, NY 10455",,New York,Bronx,,10455,,,,4.2,,,,,
Third Street Liquor and Wines,"455 3rd Street, Niagra Falls, NY 14301",,New York,Niagra Falls,,14301,,,,4.3,,,,,
Torres Wines and Spirits,"2672 Fulton Street, Brooklyn, NY 11207",,New York,Brooklyn,,11207,,,,5.0,,,,,
Cherrywood Wine and Spirits,"1152 Wantagh Ave, Wantagh, NY 11793",,New York,Wantagh,,11793,,,,4.8,,,,,
Fame Discount Liquors,"520 Metropolitan Ave, Brooklyn, NY 11211",,New York,Brooklyn,,11211,,,,4.1,,,,,
Howard Marketplace,"8 Howard Avenue, Brooklyn, NY 11221",,New York,Brooklyn,,11221,,,,3.9,,,,,
Midnight Liquors,"3167 eggert road, Tonawanda, NY 14150",,New York,Tonawanda,,14150,,,,4.4,,,,,
Wine Story,"1585 1st Avenue, New York, NY 10028",,New York,New York,,10028,,,,4.2,,,,,
Te-Amo Freeport,"223 W Merrick Rd, Freeport, NY 11520",,New York,Freeport,,11520,,,,4.6,,,,,
4024 Boston Wine & Liquor Store,"4024 Boston Road, Bronx, NY 10475",,New York,Bronx,,10475,,,,4.5,,,,,
Central Warehouse Wine and Liquor,"2500 Central Park Avenue, Yonkers, NY 10710",,New York,Yonkers,,10710,,,,4.4,,,,,
Kwik E Mart,"1427 6th Avenue, New York, NY 10019",,New York,New York,,10019,,,,N,,,,,
Madison Wine and Liquor,"45 Madison Street, New York, NY 10038",,New York,New York,,10038,,,,4.3,,,,,
Rego Park Wines & Liquors,"9724 63rd Road, Queens, NY 11374",,New York,Queens,,11374,,,,4.9,,,,,
7th Ave Wines and Spirits,"6014 7th Avenue, Brooklyn, NY 11220",,New York,Brooklyn,,11220,,,,2.8,,,,,
McLean Wines And Spirits,"33 Lincoln Ave, Pelham, NY 10803",,New York,Pelham,,10803,,,,4.8,,,,,
Jackson Liquor Inc,"115 Jackson Ave, Syosset, NY 11791",,New York,Syosset,,11791,,,,4.8,,,,,
Fadi's Wine and Liquor,"876 Church Street, Bohemia, NY 11716",,New York,Bohemia,,11716,,,,5.0,,,,,
Astoria Beer Depot,"34-30 Steinway Street, Queens, NY 11101",,New York,Queens,,11101,,,,4.8,,,,,
Greenpoint Wine and Liquor,"89 Nassau Ave, Brooklyn, NY 11378",,New York,Brooklyn,,11378,,,,4.4,,,,,
Season Spirits Wines,"3433 Merrick Road, Wantagh, NY 11793",,New York,Wantagh,,11793,,,,4.2,,,,,
5 Star Wine,"24 Bailey Avenue, Buffalo, NY 14220",,New York,Buffalo,,14220,,,,4.4,,,,,
Woodside Liquors & Wine,"68-16B Woodside Ave, Woodside, NY 11377",,New York,Woodside,,11377,,,,4.5,,,,,
Green’s Wine & Liquors,"216 W Old country Road, Hicksville, NY 11801",,New York,Hicksville,,11801,,,,4.2,,,,,
88 Liberty Wine,"8817 Liberty Ave, Ozone Park, NY 11417",,New York,Ozone Park,,11417,,,,4.5,,,,,
Sunrise Deli,"1 Park Lane, Masspequa, NY 11758",,New York,Masspequa,,11758,,,,4.5,,,,,
Morton Williams Wine- Madison Ave,"1219 Madison Avenue, New York, NY 10128",,New York,New York,,10128,,,,4.0,,,,,
9w Wine & Liquor,"5251 Route 9w, Newburgh, NY 12550",,New York,Newburgh,,12550,,,,4.3,,,,,
Doc Wine Shop,"147 Broadway, Brooklyn, NY 11211",,New York,Brooklyn,,11211,,,,4.4,,,,,
Apple Valley Wines and Spirits,"704 Freedom Plains Road, Poughkeepsie, NY 12603",,New York,Poughkeepsie,,12603,,,,4.6,,,,,
Greenport Wines and Spirits,"132 Front Street, Greenport, NY 11944",,New York,Greenport,,11944,,,,4.5,,,,,
Francis Wines & Spirits,"37-09 Francis Lewis Blvd, Flushing, NY 11361",,New York,Flushing,,11361,,,,4.6,,,,,
Wine Tonite,"151 Woodbury Road, Woodbury, NY 11797",,New York,Woodbury,,11797,,,,5.0,,,,,
Hawthorne Wine & Spirits,"383 Elwood Ave, Hawthorne, NY 10532",,New York,Hawthorne,,10532,,,,4.8,,,,,
Champs Beverage,"2248 Hylan Boulevard, Staten Island, NY 10306",,New York,Staten Island,,10306,,,,4.0,,,,,
Josh Wines & Liquors,"3314 21st Street, Astoria, NY 11106",,New York,Astoria,,11106,,,,4.5,,,,,
Larchmont Discount Wines,"18 Chatsworth Avenue A, Larchmont, NY 10538",,New York,Larchmont,,10538,,,,N,,,,,
Noho Food Market,"352 Bowery, New York, NY 10012",,New York,New York,,10012,,,,4.2,,,,,
NK Organic Food,"22-73 41st Street, Queens, NY 11105",,New York,Queens,,11105,,,,N,,,,,
Wine Gallery,"576 Avenue of the Americas, New York, NY 10011",,New York,New York,,10011,,,,4.0,,,,,
Shapham Wines,"490 Mamaroneck Ave, White Plains, NY 10605",,New York,White Plains,,10605,,,,4.2,,,,,
Cardella's Wines & Liquors,"203 N Highland Avenue, Ossining, NY 10562",,New York,Ossining,,10562,,,,4.5,,,,,
Haro Liquors and Bottle Shop,"350 S Broadway, Tarrytown, NY 10591",,New York,Tarrytown,,10591,,,,4.1,,,,,
Best Value Wine,"340 Orchard Park Road, West Seneca, NY 14224",,New York,West Seneca,,14224,,,,4.4,,,,,
Stew Leonard's Wines of Farmingdale,"210 Airport Plaza Boulevard, Farmingdale, NY 11735",,New York,Farmingdale,,11735,,,,4.6,,,,,
Chateau Liquors,"497 West Klein Road, Buffalo, NY 14221",,New York,Buffalo,,14221,,,,4.1,,,,,
Ferraro's Liquor Store,"66 West Main Street, Babylon, NY 11702",,New York,Babylon,,11702,,,,4.4,,,,,
Hempstead Discount Wine & Liquor,"444 Hempstead Turnpike, West Hempstead, NY 11552",,New York,West Hempstead,,11552,,,,4.9,,,,,
Strawberry Field Market,"4504 5th ave, Brooklyn, NY 11220",,New York,Brooklyn,,11220,,,,3.5,,,,,
BYOC Test Store 3,"175 Greenwich Street, New York, NY 10007",,New York,New York,,10007,,,,N,,,,,
Jefferson Heights Wine and Liquor,"209 Jefferson Heights, Catskill, NY 12414",,New York,Catskill,,12414,,,,4.8,,,,,
Flag Beverage,"75 West Hoffman Avenue, Lindenhurst, NY 11757",,New York,Lindenhurst,,11757,,,,4.6,,,,,
New Hewlett Liquors,"1322 Peninsula Boulevard, Hewlett, NY 11557",,New York,Hewlett,,11557,,,,3.9,,,,,
Union Wine and Liquor,"2675 Union Road, Cheektowaga, NY 14227",,New York,Cheektowaga,,14227,,,,4.6,,,,,
Evolve 31 Smoke Shop,"611 Main Street, Farmingdale, NY 11735",,New York,Farmingdale,,11735,,,,4.1,,,,,
Lucas Wine & Liquor,"350 Lucas Ave, Kingston, NY 12401",,New York,Kingston,,12401,,,,4.7,,,,,
Sunoco Lucas Ave,"352 Lucas Ave, Kingston, NY 12401",,New York,Kingston,,12401,,,,4.1,,,,,
AGN Wine & Liquor LI,"247 Broadway Greenlawn, Huntington, NY 11743",,New York,Huntington,,11743,,,,4.5,,,,,
Boisson UWS,"326 Columbus Avenue, New York, NY 10023",,New York,New York,,10023,,,,N,,,,,
Save $ Wine & Liquor inc,"2040 Forest Avenue, Staten Island, NY 10303",,New York,Staten Island,,10303,,,,3.0,,,,,
Blue Slip Wines & Liquors,"1122 Manhattan Avenue, Brooklyn, NY 11222",,New York,Brooklyn,,11222,,,,4.6,,,,,
North Fork Crush,"122 South Street, Greenport, NY 11944",,New York,Greenport,,11944,,,,5.0,,,,,
Putnam Wine & Liquors,"545 Route 6, Mahopac, NY 10541",,New York,Mahopac,,10541,,,,4.5,,,,,
Franks Beverage N More,"240 Page Avenue, Staten Island, NY 10307",,New York,Staten Island,,10307,,,,5.0,,,,,
Benfu Liquors Inc DBA House Of Wine,"479 Main st, New Rochelle, NY 10801",,New York,New Rochelle,,10801,,,,4.1,,,,,
Carle Place Farm,"514 westbury ave, Carle Place, NY 11514",,New York,Carle Place,,11514,,,,4.1,,,,,
Neel Deli & Convenience,"137-11 Northern Boulevard, Queens, NY 11354",,New York,Queens,,11354,,,,3.8,,,,,
Quick Beer & Smoke Shop,"2440 Hempstead Turnpike, East Meadow, NY 11554",,New York,East Meadow,,11554,,,,5.0,,,,,
Cornwall Wine and Spirits,"45 Quaker Avenue, Ste 102, Cornwall, NY 12518",,New York,Cornwall,,12518,,,,4.5,,,,,
Cigarville,"51 West 14th Street, New York, NY 10011",,New York,New York,,10011,,,,4.0,,,,,
Fiesta Food Market,"8065 Lefferts Boulevard, Queens, NY 11415",,New York,Queens,,11415,,,,3.7,,,,,
Bardonia Fine Wines,"59 Bardonia Road, Bardonia, NY 10954",,New York,Bardonia,,10954,,,,5.0,,,,,
Boisson Cobble Hill,"177 Court Street, Brooklyn, NY 11201",,New York,Brooklyn,,11201,,,,4.8,,,,,
Boisson UES,"1025 Lexington Avenue, New York, NY 10021",,New York,New York,,10021,,,,4.9,,,,,
Boisson West Village,"330 Bleecker Street, New York, NY 10014",,New York,New York,,10014,,,,4.7,,,,,
Boisson Williamsburg,"148 Bedford Avenue, Brooklyn, NY 11249",,New York,Brooklyn,,11249,,,,3.9,,,,,
Ditmars Blvd Supermarket,"46-14 Ditmars Boulevard, Queens, NY 11105",,New York,Queens,,11105,,,,4.3,,,,,
Oswego Wine & Liquor,"140 New York 104, Oswego, NY 13126",,New York,Oswego,,13126,,,,1.3,,,,,
East End Wine and Liquors Inc,"1709 2nd ave, New York, NY 10128",,New York,New York,,10128,,,,5.0,,,,,
Boisson,"50 Gold Street, Brooklyn, NY 11201",,New York,Brooklyn,,11201,,,,N,,,,,
Beer Mart,"1823 Astoria Blv, Queens, NY 11102",,New York,Queens,,11102,,,,3.4,,,,,
KC Wine and Spirits,"601 new loudon rd, Latham, NY 12110",,New York,Latham,,12110,,,,4.5,,,,,
Corner Wine and Liquor,"711 Horseblock Road, Farmingville, NY 11738",,New York,Farmingville,,11738,,,,4.4,,,,,
Todt Hill,"760 Manor Road, Staten Island, NY 10314",,New York,Staten Island,,10314,,,,4.3,,,,,
Rite Aid - Colvin Ave,"654 Colvin Ave, Kenmore, NY 14217",,New York,Kenmore,,14217,,,,3.3,,,,,
Rite Aid - Windsor Hwy,"393 Windsor Hwy, New Windsor, NY 12553",,New York,New Windsor,,12553,,,,3.0,,,,,
Rite Aid - Pennsylvania Ave,"1000 Pennsylvania Ave, Elmira, NY 14904",,New York,Elmira,,14904,,,,4.2,,,,,
Rite Aid - Elm St,"138 Elm St, Penn Yan, NY 14527",,New York,Penn Yan,,14527,,,,3.5,,,,,
Rite Aid - Niagara St,"350 Niagara St, Buffalo, NY 14201",,New York,Buffalo,,14201,,,,3.1,,,,,
Rite Aid - Main St,"452 Main St, Buffalo, NY 14202",,New York,Buffalo,,14202,,,,3.4,,,,,
Rite Aid - Erie Blvd W,"405 Erie Blvd W, Rome, NY 13440",,New York,Rome,,13440,,,,3.5,,,,,
Rite Aid - Butternut St,"519 Butternut St, Syracuse, NY 13208",,New York,Syracuse,,13208,,,,4.5,,,,,
Rite Aid - Genesee St,"1924 Genesee St, Utica, NY 13502",,New York,Utica,,13502,,,,2.7,,,,,
Rite Aid - Oriskany Blvd,"141 Oriskany Blvd, Whitesboro, NY 13492",,New York,Whitesboro,,13492,,,,3.9,,,,,
Rite Aid - Division St,"419 Division St, North Tonawanda, NY 14120",,New York,North Tonawanda,,14120,,,,4.0,,,,,
Rite Aid - Niagara Falls Blvd,"8015 Niagara Falls Blvd, Niagara Falls, NY 14304",,New York,Niagara Falls,,14304,,,,2.6,,,,,
Rite Aid - NY-303,"133 NY-303, Valley Cottage, NY 10989",,New York,Valley Cottage,,10989,,,,3.2,,,,,
Rite Aid - Harlem Rd,"3924 Harlem Rd, Amherst, NY 14226",,New York,Amherst,,14226,,,,3.8,,,,,
Rite Aid - Flatbush Ave,"351 Flatbush Ave, Kingston, NY 12401",,New York,Kingston,,12401,,,,N,,,,,
Rite Aid - Pine Ave,"1717 Pine Ave, Niagara Falls, NY 14301",,New York,Niagara Falls,,14301,,,,3.3,,,,,
Rite Aid - Seneca St,"1941 Seneca St, Buffalo, NY 14210",,New York,Buffalo,,14210,,,,3.2,,,,,
Rite Aid - Hudson St,"534 Hudson St, New York, NY 10014",,New York,New York,,10014,,,,3.8,,,,,
Rite Aid - Broadway,"657 Broadway, Newburgh, NY 12550",,New York,Newburgh,,12550,,,,3.4,,,,,
Rite Aid - Transit Rd,"6000 Transit Rd, Depew, NY 14043",,New York,Depew,,14043,,,,3.7,,,,,
Rite Aid - Bailey Ave,"2474 Bailey Ave, Buffalo, NY 14215",,New York,Buffalo,,14215,,,,2.5,,,,,
Rite Aid - Washburn St,"130 Washburn St, Lockport, NY 14094",,New York,Lockport,,14094,,,,4.2,,,,,
Rite Aid - Center St,"731 Center St, Lewiston, NY 14092",,New York,Lewiston,,14092,,,,4.4,,,,,
Rite Aid - Hooker Ave,"238 Hooker Ave, Poughkeepsie, NY 12603",,New York,Poughkeepsie,,12603,,,,3.1,,,,,
Rite Aid - W Main St,"81 W Main St, Gowanda, NY 14070",,New York,Gowanda,,14070,,,,3.6,,,,,
Rite Aid - William St,"2315 William St, Buffalo, NY 14206",,New York,Buffalo,,14206,,,,4.1,,,,,
Rite Aid - Union Rd,"3950 Union Rd, Cheektowaga, NY 14225",,New York,Cheektowaga,,14225,,,,2.8,,,,,
Rite Aid - William St,"476 William St, Buffalo, NY 14206",,New York,Buffalo,,14206,,,,3.9,,,,,
Rite Aid - S Park Ave,"3071-3085 S Park Ave, Lackawanna, NY 14218",,New York,Lackawanna,,14218,,,,3.8,,,,,
Rite Aid - 30th Ave,"33-01 30th Ave, Astoria, NY 11103",,New York,Astoria,,11103,,,,2.2,,,,,
Rite Aid - E Lovejoy St,"1224 E Lovejoy St, Buffalo, NY 14206",,New York,Buffalo,,14206,,,,3.9,,,,,
Rite Aid - Abbott Rd,"845 Abbott Rd, Buffalo, NY 14220",,New York,Buffalo,,14220,,,,2.8,,,,,
Rite Aid - Central Ave,"214 Central Ave, Silver Creek, NY 14136",,New York,Silver Creek,,14136,,,,3.8,,,,,
Rite Aid - Main St,"320 Main St, Beacon, NY 12508",,New York,Beacon,,12508,,,,3.0,,,,,
Rite Aid - Kings Hwy,"185 Kings Hwy, Brooklyn, NY 11223",,New York,Brooklyn,,11223,,,,4.2,,,,,
Rite Aid - Sheridan Dr,"2047 Sheridan Dr, Buffalo, NY 14223",,New York,Buffalo,,14223,,,,3.5,,,,,
Rite Aid - Lockport Olcott Rd,"3987 Lockport Olcott Rd, Lockport, NY 14094",,New York,Lockport,,14094,,,,3.1,,,,,
Rite Aid - Lockport St,"214 Lockport St, Youngstown, NY 14174",,New York,Youngstown,,14174,,,,3.4,,,,,
Rite Aid - Halsey St,"960 Halsey St, Brooklyn, NY 11233",,New York,Brooklyn,,11233,,,,3.5,,,,,
Rite Aid - Connecticut St,"284 Connecticut St, Buffalo, NY 14213",,New York,Buffalo,,14213,,,,4.5,,,,,
Rite Aid - Broadway,"4046 Broadway, New York, NY 10032",,New York,New York,,10032,,,,2.7,,,,,
Rite Aid - Genesee St,"1070 Genesee St, Buffalo, NY 14211",,New York,Buffalo,,14211,,,,3.9,,,,,
Rite Aid - S Broadway,"420 S Broadway, Yonkers, NY 10705",,New York,Yonkers,,10705,,,,3.1,,,,,
Rite Aid - Ave X,"344 Ave X, Brooklyn, NY 11223",,New York,Brooklyn,,11223,,,,2.6,,,,,
Rite Aid - Bartow Ave,"2063 Bartow Ave, Bronx, NY 10475",,New York,Bronx,,10475,,,,3.2,,,,,
Rite Aid - Richmond Ave,"2271 Richmond Ave, Staten Island, NY 10314",,New York,Staten Island,,10314,,,,3.8,,,,,
Rite Aid - Baisley Blvd,"165-02 Baisley Blvd, Jamaica, NY 11434",,New York,Jamaica,,11434,,,,2.8,,,,,
Rite Aid - Fairmount Ave We,"963 Fairmount Ave We, Jamestown, NY 14701",,New York,Jamestown,,14701,,,,3.3,,,,,
Rite Aid - Main St,"5447 Main St, Williamsville, NY 14221",,New York,Williamsville,,14221,,,,3.0,,,,,
Rite Aid - Jerusalem Ave,"2260 Jerusalem Ave, North Bellmore, NY 11710",,New York,North Bellmore,,11710,,,,4.2,,,,,
Rite Aid - Market St,"149 Market St, Amsterdam, NY 12010",,New York,Amsterdam,,12010,,,,3.5,,,,,
Rite Aid - Morris Park Ave,"911 Morris Park Ave, Bronx, NY 10462",,New York,Bronx,,10462,,,,3.1,,,,,
Rite Aid - E Main Rd,"3795 E Main Rd, Fredonia, NY 14063",,New York,Fredonia,,14063,,,,3.4,,,,,
Rite Aid - Central Ave,"60 Central Ave, Lancaster, NY 14086",,New York,Lancaster,,14086,,,,3.5,,,,,
Rite Aid - Pine St,"140 Pine St, Hamburg, NY 14075",,New York,Hamburg,,14075,,,,2.7,,,,,
Rite Aid - Lincoln Ave,"6616 Lincoln Ave, Lockport, NY 14094",,New York,Lockport,,14094,,,,2.7,,,,,
Rite Aid - Ransomville Rd,"3636 Ransomville Rd, Ransomville, NY 14131",,New York,Ransomville,,14131,,,,3.9,,,,,
Rite Aid - Delaware Ave,"1410 Delaware Ave, Buffalo, NY 14209",,New York,Buffalo,,14209,,,,4.0,,,,,
Rite Aid - Northern Blvd,"85-10 Northern Blvd, Jackson Heights, NY 11372",,New York,Jackson Heights,,11372,,,,2.6,,,,,
Rite Aid - Main St,"9160 Main St, Clarence, NY 14031",,New York,Clarence,,14031,,,,3.2,,,,,
Rite Aid - Portland Ave,"535 Portland Ave, Rochester, NY 14621",,New York,Rochester,,14621,,,,3.8,,,,,
Rite Aid - Buffalo Ave,"7804 Buffalo Ave, Niagara Falls, NY 14304",,New York,Niagara Falls,,14304,,,,3.5,,,,,
Rite Aid - Union Tpke,"158-02 Union Tpke, Flushing, NY 11366",,New York,Flushing,,11366,,,,2.5,,,,,
Rite Aid - Clarkson Ave,"1154 Clarkson Ave, Brooklyn, NY 11212",,New York,Brooklyn,,11212,,,,N,,,,,
Rite Aid - NY-22 Ste A,"1511 NY-22 Ste A, Brewster, NY 10509",,New York,Brewster,,10509,,,,4.0,,,,,
Rite Aid - E 183rd St,"592 E 183rd St, Bronx, NY 10458",,New York,Bronx,,10458,,,,3.9,,,,,
Rite Aid - Bay Pkwy,"5901 Bay Pkwy, Brooklyn, NY 11204",,New York,Brooklyn,,11204,,,,2.6,,,,,
Rite Aid - Eastchester Rd,"2426-34 Eastchester Rd, Bronx, NY 10469",,New York,Bronx,,10469,,,,N,,,,,
Rite Aid - E Burnside Ave,"57 E Burnside Ave, Bronx, NY 10453",,New York,Bronx,,10453,,,,3.1,,,,,
Rite Aid - W Main St,"40 W Main St, Springville, NY 14141",,New York,Springville,,14141,,,,4.2,,,,,
Rite Aid - Southern Blvd,"950-960 Southern Blvd, Bronx, NY 10459",,New York,Bronx,,10459,,,,3.0,,,,,
Rite Aid - Elmwood Ave,"2865 Elmwood Ave, Kenmore, NY 14217",,New York,Kenmore,,14217,,,,3.4,,,,,
Rite Aid - E Gun Hill Rd,"901 E Gun Hill Rd, Bronx, NY 10469",,New York,Bronx,,10469,,,,N,,,,,
Rite Aid - Church Ave,"4102 Church Ave, Brooklyn, NY 11203",,New York,Brooklyn,,11203,,,,2.6,,,,,
Rite Aid - Hempstead Ave,"218-35 Hempstead Ave, Queens Village, NY 11429",,New York,Queens Village,,11429,,,,2.6,,,,,
Rite Aid - Junction Blvd,"3700-06 Junction Blvd, Flushing, NY 11368",,New York,Flushing,,11368,,,,3.4,,,,,
Rite Aid - 4th Ave,"6900 4th Ave, Brooklyn, NY 11209",,New York,Brooklyn,,11209,,,,3.3,,,,,
Rite Aid - Bedford Ave,"1679 Bedford Ave, Brooklyn, NY 11225",,New York,Brooklyn,,11225,,,,2.9,,,,,
Rite Aid - E 233rd St,"1179 E 233rd St, Bronx, NY 10466",,New York,Bronx,,10466,,,,2.9,,,,,
Rite Aid - W Washington St,"338 W Washington St, Bath, NY 14810",,New York,Bath,,14810,,,,2.7,,,,,
Rite Aid - 37th Ave,"82-13 37th Ave, Jackson Heights, NY 11372",,New York,Jackson Heights,,11372,,,,N,,,,,
Rite Aid - Broadway,"3539 Broadway, New York, NY 10031",,New York,New York,,10031,,,,2.8,,,,,
Rite Aid - Columbus Ave,"741 Columbus Ave, New York, NY 10025",,New York,New York,,10025,,,,N,,,,,
Rite Aid - 8th Ave,"282 8th Ave, New York, NY 10001",,New York,New York,,10001,,,,3.6,,,,,
Rite Aid - 1st Ave,"81 1st Ave, New York, NY 10003",,New York,New York,,10003,,,,4.4,,,,,
Rite Aid - Nugent St,"82 Nugent St, Southampton, NY 11968",,New York,Southampton,,11968,,,,3.4,,,,,
Rite Aid - Flatbush Ave,"892-908 Flatbush Ave, Brooklyn, NY 11226",,New York,Brooklyn,,11226,,,,2.4,,,,,
Rite Aid - Mermaid Ave,"3001-27 Mermaid Ave, Brooklyn, NY 11224",,New York,Brooklyn,,11224,,,,3.0,,,,,
Rite Aid - Westchester Ave,"1516-1518 Westchester Ave, Bronx, NY 10472",,New York,Bronx,,10472,,,,N,,,,,
Rite Aid - 4th Ave,"6201-23 4th Ave, Brooklyn, NY 11220",,New York,Brooklyn,,11220,,,,3.3,,,,,
Rite Aid - White Plains Rd,"4159 White Plains Rd, Bronx, NY 10466",,New York,Bronx,,10466,,,,3.5,,,,,
Rite Aid - Jamaica Ave,"89-10 Jamaica Ave, Woodhaven, NY 11421",,New York,Woodhaven,,11421,,,,3.1,,,,,
Rite Aid - Erie Rd,"9062 Erie Rd, Angola, NY 14006",,New York,Angola,,14006,,,,3.7,,,,,
Rite Aid - 3rd Ave,"9302 3rd Ave, Brooklyn, NY 11209",,New York,Brooklyn,,11209,,,,3.5,,,,,
Rite Aid - Smith St,"182 Smith St, Brooklyn, NY 11201",,New York,Brooklyn,,11201,,,,2.8,,,,,
Rite Aid - Pitkin Ave,"1631-43 Pitkin Ave, Brooklyn, NY 11212",,New York,Brooklyn,,11212,,,,2.9,,,,,
Rite Aid - Post Ave,"210 Post Ave, Westbury, NY 11590",,New York,Westbury,,11590,,,,3.5,,,,,
Rite Aid - Manhattan Ave,"783 Manhattan Ave, Brooklyn, NY 11222",,New York,Brooklyn,,11222,,,,3.1,,,,,
Rite Aid - E 138th St,"537-539 E 138th St, Bronx, NY 10454",,New York,Bronx,,10454,,,,N,,,,,
Rite Aid - Francis Lewis Blvd,"245-14 Francis Lewis Blvd, Rosedale, NY 11422",,New York,Rosedale,,11422,,,,2.8,,,,,
Rite Aid - Liberty Ave,"122-02 Liberty Ave, South Richmond Hill, NY 11419",,New York,South Richmond Hill,,11419,,,,3.5,,,,,
Rite Aid - Great Neck Rd,"50 Great Neck Rd, Great Neck, NY 11021",,New York,Great Neck,,11021,,,,2.5,,,,,
Rite Aid - Northern Blvd,"144-29 Northern Blvd, Flushing, NY 11354",,New York,Flushing,,11354,,,,3.6,,,,,
Rite Aid - 63rd Dr,"95-14 63rd Dr, Rego Park, NY 11374",,New York,Rego Park,,11374,,,,3.1,,,,,
Rite Aid - Myrtle Ave,"55-60 Myrtle Ave, Ridgewood, NY 11385",,New York,Ridgewood,,11385,,,,3.5,,,,,
Rite Aid - Nostrand Ave,"3823 Nostrand Ave, Brooklyn, NY 11235",,New York,Brooklyn,,11235,,,,3.2,,,,,
Rite Aid - Broadway,"4910 Broadway, New York, NY 10034",,New York,New York,,10034,,,,N,,,,,
Rite Aid - Fulton St,"1950 Fulton St, Brooklyn, NY 11233",,New York,Brooklyn,,11233,,,,2.4,,,,,
Rite Aid - Titus Ave,"605 Titus Ave, Rochester, NY 14617",,New York,Rochester,,14617,,,,3.4,,,,,
Rite Aid - N Wellwood Ave,"600 N Wellwood Ave, Lindenhurst, NY 11757",,New York,Lindenhurst,,11757,,,,3.9,,,,,
Rite Aid - Central Ave,"1863 Central Ave, Colonie, NY 12205",,New York,Colonie,,12205,,,,4.5,,,,,
Rite Aid - 7th Ave,"249 7th Ave, Brooklyn, NY 11215",,New York,Brooklyn,,11215,,,,2.4,,,,,
Rite Aid - Flatlands Ave,"7812 Flatlands Ave, Brooklyn, NY 11236",,New York,Brooklyn,,11236,,,,N,,,,,
Rite Aid - Union Rd,"3050 Union Rd, Orchard Park, NY 14127",,New York,Orchard Park,,14127,,,,3.1,,,,,
Rite Aid - Hopkins Rd,"1640 Hopkins Rd, Williamsville, NY 14221",,New York,Williamsville,,14221,,,,4.2,,,,,
Rite Aid - 101st Ave,"109-07 101st Ave, Jamaica, NY 11419",,New York,Jamaica,,11419,,,,3.7,,,,,
Rite Aid - Main St,"87 Main St, Massena, NY 13662",,New York,Massena,,13662,,,,N,,,,,
Rite Aid - Frederick Douglass Blvd,"2170 Frederick Douglass Blvd, New York, NY 10026",,New York,New York,,10026,,,,3.4,,,,,
Rite Aid - Broadway,"4188 Broadway, New York, NY 10033",,New York,New York,,10033,,,,3.9,,,,,
Rite Aid - Route 9,"1701 Route 9, Clifton Park, NY 12065",,New York,Clifton Park,,12065,,,,4.4,,,,,
Rite Aid - Crum Elbow Rd,"1 Crum Elbow Rd, Hyde Park, NY 12538",,New York,Hyde Park,,12538,,,,4.0,,,,,
Rite Aid - Liberty St Ste 1,"225 Liberty St Ste 1, New York, NY 10281",,New York,New York,,10281,,,,N,,,,,
Rite Aid - Amboy Rd,"43-68 Amboy Rd, Staten Island, NY 10312",,New York,Staten Island,,10312,,,,3.4,,,,,
Rite Aid - Broadway,"5825-35 Broadway, Bronx, NY 10463",,New York,Bronx,,10463,,,,N,,,,,
Rite Aid - Knolls Crescent,"21B Knolls Crescent, Bronx, NY 10463",,New York,Bronx,,10463,,,,4.1,,,,,
Rite Aid - Saw Mill River Rd,"871 Saw Mill River Rd, Ardsley, NY 10502",,New York,Ardsley,,10502,,,,4.2,,,,,
Rite Aid - NY-52,"180 NY-52, Carmel, NY 10512",,New York,Carmel,,10512,,,,3.8,,,,,
Rite Aid - E Hartsdale Ave,"196 E Hartsdale Ave, Hartsdale, NY 10530",,New York,Hartsdale,,10530,,,,3.5,,,,,
Rite Aid - E Prospect Ave,"47 E Prospect Ave, Mount Vernon, NY 10550",,New York,Mount Vernon,,10550,,,,2.9,,,,,
Rite Aid - NY-211,"701 NY-211, Middletown, NY 10941",,New York,Middletown,,10941,,,,3.6,,,,,
Rite Aid - Port Washington Blvd,"961 Port Washington Blvd, Port Washington, NY 11050",,New York,Port Washington,,11050,,,,3.1,,,,,
Rite Aid - Broadway,"21-25 Broadway, Long Island City, NY 11106",,New York,Long Island City,,11106,,,,3.1,,,,,
Rite Aid - 3rd Ave,"7118 3rd Ave, Brooklyn, NY 11209",,New York,Brooklyn,,11209,,,,3.3,,,,,
Rite Aid - 18th Ave,"8222 18th Ave, Brooklyn, NY 11214",,New York,Brooklyn,,11214,,,,3.5,,,,,
Rite Aid - Fort Hamilton Pkwy,"6423 Fort Hamilton Pkwy, Brooklyn, NY 11219",,New York,Brooklyn,,11219,,,,3.7,,,,,
Rite Aid - Smith St,"320 Smith St, Brooklyn, NY 11231",,New York,Brooklyn,,11231,,,,2.7,,,,,
Rite Aid - Mill Ave,"2064 Mill Ave, Brooklyn, NY 11234",,New York,Brooklyn,,11234,,,,3.2,,,,,
Rite Aid - Bell Blvd,"43-20 Bell Blvd, Bayside, NY 11361",,New York,Bayside,,11361,,,,3.6,,,,,
Rite Aid - Roosevelt Ave,"50-15 Roosevelt Ave, Woodside, NY 11377",,New York,Woodside,,11377,,,,2.9,,,,,
Rite Aid - Woodside Ave,"60-26 Woodside Ave, Woodside, NY 11377",,New York,Woodside,,11377,,,,3.4,,,,,
Rite Aid - Grandview Ave,"583 Grandview Ave, Ridgewood, NY 11385",,New York,Ridgewood,,11385,,,,N,,,,,
Rite Aid - Atlantic Ave,"102-30 Atlantic Ave, Ozone Park, NY 11416",,New York,Ozone Park,,11416,,,,3.4,,,,,
Rite Aid - Forest Ave,"225 Forest Ave, Glen Cove, NY 11542",,New York,Glen Cove,,11542,,,,N,,,,,
Rite Aid - Hempstead Tpke,"1910 Hempstead Tpke, East Meadow, NY 11554",,New York,East Meadow,,11554,,,,3.3,,,,,
Rite Aid - E Park Ave,"23 E Park Ave, Long Beach, NY 11561",,New York,Long Beach,,11561,,,,3.1,,,,,
Rite Aid - N Village Ave,"168 N Village Ave, Rockville Centre, NY 11570",,New York,Rockville Centre,,11570,,,,3.4,,,,,
Rite Aid - Hillside Ave,"444 Hillside Ave, Williston Park, NY 11596",,New York,Williston Park,,11596,,,,N,,,,,
Rite Aid - Deer Park Ave,"1200 Deer Park Ave, North Babylon, NY 11703",,New York,North Babylon,,11703,,,,3.0,,,,,
Rite Aid - Brentwood Rd,"1825 Brentwood Rd, Brentwood, NY 11717",,New York,Brentwood,,11717,,,,2.7,,,,,
Rite Aid - Jericho Tpke,"126-128 Jericho Tpke, Commack, NY 11725",,New York,Commack,,11725,,,,3.9,,,,,
Rite Aid - W Main St,"391 W Main St, Huntington, NY 11743",,New York,Huntington,,11743,,,,3.1,,,,,
Rite Aid - W Jericho Tpke,"283 W Jericho Tpke, Huntington Station, NY 11746",,New York,Huntington Station,,11746,,,,3.9,,,,,
Rite Aid - Indian Head Rd,"18 Indian Head Rd, Kings Park, NY 11754",,New York,Kings Park,,11754,,,,3.8,,,,,
Rite Aid - Merrick Rd,"5125 Merrick Rd, Massapequa Park, NY 11762",,New York,Massapequa Park,,11762,,,,3.7,,,,,
Rite Aid - NY-25A,"335 NY-25A, Miller Place, NY 11764",,New York,Miller Place,,11764,,,,N,,,,,
Rite Aid - Nesconset Hwy Ste 100,"5507 Nesconset Hwy Ste 100, Mount Sinai, NY 11766",,New York,Mount Sinai,,11766,,,,3.3,,,,,
Rite Aid - Main St,"101 Main St, Sayville, NY 11782",,New York,Sayville,,11782,,,,N,,,,,
Rite Aid - Independence Plaza,"229 Independence Plaza, Selden, NY 11784",,New York,Selden,,11784,,,,3.4,,,,,
Rite Aid - Union Blvd,"532A Union Blvd, West Islip, NY 11795",,New York,West Islip,,11795,,,,3.8,,,,,
Rite Aid - Eastport Manor Rd,"23 Eastport Manor Rd, Eastport, NY 11941",,New York,Eastport,,11941,,,,2.8,,,,,
Rite Aid - E Montauk Hwy,"50 E Montauk Hwy, Hampton Bays, NY 11946",,New York,Hampton Bays,,11946,,,,2.7,,,,,
Rite Aid - Middle Country Rd,"864 Middle Country Rd, Middle Island, NY 11953",,New York,Middle Island,,11953,,,,3.2,,,,,
Rite Aid - Montauk Hwy Unit D,"803 Montauk Hwy Unit D, Shirley, NY 11967",,New York,Shirley,,11967,,,,3.4,,,,,
Rite Aid - Route 9,"1483 Route 9, Clifton Park, NY 12065",,New York,Clifton Park,,12065,,,,2.7,,,,,
Rite Aid - N Main St,"172 N Main St, Gloversville, NY 12078",,New York,Gloversville,,12078,,,,3.6,,,,,
Rite Aid - Vandenburgh Ave,"83 Vandenburgh Ave, Troy, NY 12180",,New York,Troy,,12180,,,,3.9,,,,,
Rite Aid - Western Ave,"1225 Western Ave, Albany, NY 12203",,New York,Albany,,12203,,,,4.5,,,,,
Rite Aid - Broadway,"485 Broadway, Kingston, NY 12401",,New York,Kingston,,12401,,,,3.2,,,,,
Rite Aid - NY-82,"804 NY-82, Hopewell Junction, NY 12533",,New York,Hopewell Junction,,12533,,,,4.6,,,,,
Rite Aid - Hawkins Dr,"103 Hawkins Dr, Montgomery, NY 12549",,New York,Montgomery,,12549,,,,4.5,,,,,
Rite Aid - US-9,"1604 US-9, Wappingers Falls, NY 12590",,New York,Wappingers Falls,,12590,,,,3.0,,,,,
Rite Aid - North Rd,"3350 North Rd, Poughkeepsie, NY 12601",,New York,Poughkeepsie,,12601,,,,2.7,,,,,
Rite Aid - Ridge St,"124 Ridge St, Glens Falls, NY 12801",,New York,Glens Falls,,12801,,,,3.9,,,,,
Rite Aid - Ballston Ave,"155 Ballston Ave, Saratoga Springs, NY 12866",,New York,Saratoga Springs,,12866,,,,4.2,,,,,
Rite Aid - NY-50,"3027 NY-50, Saratoga Springs, NY 12866",,New York,Saratoga Springs,,12866,,,,3.8,,,,,
Rite Aid - Grant Ave,"153 Grant Ave, Auburn, NY 13021",,New York,Auburn,,13021,,,,N,,,,,
Rite Aid - Downer St,"113 Downer St, Baldwinsville, NY 13027",,New York,Baldwinsville,,13027,,,,3.5,,,,,
Rite Aid - W Genesee St,"5335 W Genesee St, Camillus, NY 13031",,New York,Camillus,,13031,,,,4.1,,,,,
Rite Aid - Thompson Rd,"8379 Thompson Rd, Cicero, NY 13039",,New York,Cicero,,13039,,,,4.5,,,,,
Rite Aid - NY-222,"1067 NY-222, Cortland, NY 13045",,New York,Cortland,,13045,,,,4.4,,,,,
Rite Aid - Teall Ave,"1820 Teall Ave, Syracuse, NY 13206",,New York,Syracuse,,13206,,,,4.5,,,,,
Rite Aid - W Taft Rd,"5380 W Taft Rd, North Syracuse, NY 13212",,New York,North Syracuse,,13212,,,,4.6,,,,,
Rite Aid - Kellogg Rd,"46 Kellogg Rd, New Hartford, NY 13413",,New York,New Hartford,,13413,,,,4.1,,,,,
Rite Aid - Commercial Dr,"4854 Commercial Dr, New Hartford, NY 13413",,New York,New Hartford,,13413,,,,3.9,,,,,
Rite Aid - Hooper Rd,"511 Hooper Rd, Endwell, NY 13760",,New York,Endwell,,13760,,,,3.1,,,,,
Rite Aid - Chestnut St,"94 Chestnut St, Oneonta, NY 13820",,New York,Oneonta,,13820,,,,3.4,,,,,
Rite Aid - Conklin Ave,"201 Conklin Ave, Binghamton, NY 13903",,New York,Binghamton,,13903,,,,3.6,,,,,
Rite Aid - Main Rd,"12983 Main Rd, Akron, NY 14001",,New York,Akron,,14001,,,,3.6,,,,,
Rite Aid - Broadway Rd,"13090 Broadway Rd, Alden, NY 14004",,New York,Alden,,14004,,,,3.1,,,,,
Rite Aid - W Main St,"4155 W Main St, Batavia, NY 14020",,New York,Batavia,,14020,,,,3.2,,,,,
Rite Aid - E Main St,"601 E Main St, Batavia, NY 14020",,New York,Batavia,,14020,,,,3.6,,,,,
Rite Aid - Transit Rd,"4937 Transit Rd, Depew, NY 14043",,New York,Depew,,14043,,,,2.0,,,,,
Rite Aid - Broadway,"4900 Broadway, Depew, NY 14043",,New York,Depew,,14043,,,,N,,,,,
Rite Aid - Erie Rd,"6939 Erie Rd, Derby, NY 14047",,New York,Derby,,14047,,,,3.4,,,,,
Rite Aid - Central Ave,"1166 Central Ave, Dunkirk, NY 14048",,New York,Dunkirk,,14048,,,,4.2,,,,,
Rite Aid - Main St,"190 Main St, East Aurora, NY 14052",,New York,East Aurora,,14052,,,,2.658,,,,,
Rite Aid - N Main St,"8079 N Main St, Eden, NY 14057",,New York,Eden,,14057,,,,3.5,,,,,
Rite Aid - Millersport Hwy,"2545 Millersport Hwy, Getzville, NY 14068",,New York,Getzville,,14068,,,,3.2,,,,,
Rite Aid - Grand Island Blvd,"2325 Grand Island Blvd, Grand Island, NY 14072",,New York,Grand Island,,14072,,,,2.4,,,,,
Rite Aid - S Park Ave,"5999 S Park Ave, Hamburg, NY 14075",,New York,Hamburg,,14075,,,,4.3,,,,,
Rite Aid - S Transit St,"459 S Transit St, Lockport, NY 14094",,New York,Lockport,,14094,,,,3.5,,,,,
Rite Aid - Nash Rd,"1381 Nash Rd, North Tonawanda, NY 14120",,New York,North Tonawanda,,14120,,,,4.3,,,,,
Rite Aid - Meadow Dr,"343 Meadow Dr, North Tonawanda, NY 14120",,New York,North Tonawanda,,14120,,,,4.7,,,,,
Rite Aid - N Buffalo Rd,"4060 N Buffalo Rd, Orchard Park, NY 14127",,New York,Orchard Park,,14127,,,,2.9,,,,,
Rite Aid - Niagara St,"47 Niagara St, Tonawanda, NY 14150",,New York,Tonawanda,,14150,,,,3.7,,,,,
Rite Aid - Niagara Falls Blvd,"2330 Niagara Falls Blvd, Tonawanda, NY 14150",,New York,Tonawanda,,14150,,,,3.8,,,,,
Rite Aid - NY-16,"12208 NY-16, Yorkshire, NY 14173",,New York,Yorkshire,,14173,,,,3.0,,,,,
Rite Aid - Tonawanda St,"789 Tonawanda St, Buffalo, NY 14207",,New York,Buffalo,,14207,,,,3.8,,,,,
Rite Aid - Broadway St,"1625 Broadway St, Buffalo, NY 14212",,New York,Buffalo,,14212,,,,N,,,,,
Rite Aid - W Ferry St,"291 W Ferry St, Buffalo, NY 14213",,New York,Buffalo,,14213,,,,2.3,,,,,
Rite Aid - Main St,"2585 Main St, Buffalo, NY 14214",,New York,Buffalo,,14214,,,,3.4,,,,,
Rite Aid - S Park Ave,"2175 S Park Ave, Buffalo, NY 14220",,New York,Buffalo,,14220,,,,3.6,,,,,
Rite Aid - Transit Rd,"8530 Transit Rd, Amherst, NY 14221",,New York,Amherst,,14221,,,,3.1,,,,,
Rite Aid - Evans Rd,"480 Evans Rd, Williamsville, NY 14221",,New York,Williamsville,,14221,,,,3.5,,,,,
Rite Aid - Union Rd,"1454 Union Rd, West Seneca, NY 14224",,New York,West Seneca,,14224,,,,3.0,,,,,
Rite Aid - Harlem Rd,"798 Harlem Rd, West Seneca, NY 14224",,New York,West Seneca,,14224,,,,4.5,,,,,
Rite Aid - Genesee St,"2401 Genesee St, Cheektowaga, NY 14225",,New York,Cheektowaga,,14225,,,,2.7,,,,,
Rite Aid - Sheridan Dr,"3249 Sheridan Dr, Amherst, NY 14226",,New York,Amherst,,14226,,,,3.6,,,,,
Rite Aid - Union Rd,"2561 Union Rd, Cheektowaga, NY 14227",,New York,Cheektowaga,,14227,,,,3.0,,,,,
Rite Aid - Pine Ave,"1030 Pine Ave, Niagara Falls, NY 14301",,New York,Niagara Falls,,14301,,,,3.3,,,,,
Rite Aid - N Main St,"539 N Main St, Canandaigua, NY 14424",,New York,Canandaigua,,14424,,,,3.4,,,,,
Rite Aid - Eastern Blvd,"170 Eastern Blvd, Canandaigua, NY 14424",,New York,Canandaigua,,14424,,,,4.2,,,,,
Rite Aid - Hamilton St,"420 Hamilton St, Geneva, NY 14456",,New York,Geneva,,14456,,,,3.6,,,,,
Rite Aid - S Main St,"101 S Main St, Newark, NY 14513",,New York,Newark,,14513,,,,4.0,,,,,
Rite Aid - Buffalo Rd,"4374 Buffalo Rd, North Chili, NY 14514",,New York,North Chili,,14514,,,,4.4,,,,,
Rite Aid - N Goodman St,"1792 N Goodman St, Rochester, NY 14609",,New York,Rochester,,14609,,,,3.3,,,,,
Rite Aid - N Main St,"811 N Main St, Jamestown, NY 14701",,New York,Jamestown,,14701,,,,3.8,,,,,
Rite Aid - N Union St,"265 N Union St, Olean, NY 14760",,New York,Olean,,14760,,,,3.4,,,,,
Rite Aid - Conhocton St,"100 Conhocton St, Corning, NY 14830",,New York,Corning,,14830,,,,4.3,,,,,
Rite Aid - Grand Central Ave,"2144 Grand Central Ave, Horseheads, NY 14845",,New York,Horseheads,,14845,,,,4.1,,,,,
Rite Aid - Westinghouse Rd,"2898 Westinghouse Rd, Horseheads, NY 14845",,New York,Horseheads,,14845,,,,4.8,,,,,
Rite Aid - W 2nd St,"119 W 2nd St, Elmira, NY 14901",,New York,Elmira,,14901,,,,N,,,,,
Rite Aid - Mount Zoar St,"209 Mount Zoar St, Elmira, NY 14904",,New York,Elmira,,14904,,,,3.3,,,,,
Rite Aid - W Main St,"151 W Main St, Le Roy, NY 14482",,New York,Le Roy,,14482,,,,N,,,,,
Rite Aid - Elmwood Ave,"424 Elmwood Ave, Buffalo, NY 14222",,New York,Buffalo,,14222,,,,2.8,,,,,
Rite Aid - 5th Ave,"5224 5th Ave, Brooklyn, NY 11220",,New York,Brooklyn,,11220,,,,3.8,,,,,
Rite Aid - S Main St,"50 S Main St, Jamestown, NY 14701",,New York,Jamestown,,14701,,,,3.8,,,,,
Rite Aid - US-6,"1896 US-6, Carmel, NY 10512",,New York,Carmel,,10512,,,,3.9,,,,,
Rite Aid - Vassar Rd,"40 Vassar Rd, Poughkeepsie, NY 12603",,New York,Poughkeepsie,,12603,,,,3.5,,,,,
Rite Aid - N Clinton Ave,"1000 N Clinton Ave, Rochester, NY 14621",,New York,Rochester,,14621,,,,4.0,,,,,
Rite Aid - Chestnut St,"400 Chestnut St, Oneonta, NY 13820",,New York,Oneonta,,13820,,,,3.7,,,,,
Rite Aid - Ronkonkoma Ave,"139 Ronkonkoma Ave, Lake Ronkonkoma, NY 11779",,New York,Lake Ronkonkoma,,11779,,,,2.8,,,,,
Rite Aid - Seneca St,"4018 Seneca St, West Seneca, NY 14224",,New York,West Seneca,,14224,,,,3.2,,,,,
Rite Aid - Plaza,"Del-Ton Plaza, Tonawanda, NY 14150",,New York,Tonawanda,,14150,,,,3.8,,,,,
Rite Aid - Broad St,"9 Broad St, Salamanca, NY 14779",,New York,Salamanca,,14779,,,,3.5,,,,,
Rite Aid - Military Rd,"4407 Military Rd, Niagara Falls, NY 14305",,New York,Niagara Falls,,14305,,,,3.2,,,,,
Rite Aid - New Hyde Park Rd,"178 New Hyde Park Rd, Franklin Square, NY 11010",,New York,Franklin Square,,11010,,,,3.0,,,,,
Rite Aid - US-6,"159 US-6, Mahopac, NY 10541",,New York,Mahopac,,10541,,,,4.3,,,,,
Rite Aid - Hoosick St,"272 Hoosick St, Troy, NY 12180",,New York,Troy,,12180,,,,3.3,,,,,
Rite Aid - S Transit St,"125 S Transit St, Lockport, NY 14094",,New York,Lockport,,14094,,,,4.1,,,,,
Rite Aid - Prospect St,"153 Prospect St, Attica, NY 14011",,New York,Attica,,14011,,,,4.8,,,,,
Long Island Fine Wine & Liquors,"295 Montauk HWY, Remsenburg Speonk, NY 11972",,New York,Remsenburg Speonk,,11972,,,,4.6,,,,,
Sun Shore Liquors,"1241 Sunrise Hwy, Bayshore, NY 11706",,New York,Bayshore,,11706,,,,4.4,,,,,
Lake George Wine Outlet,"1476 U.S. 9, Lake George, NY 12845",,New York,Lake George,,12845,,,,4.9,,,,,
Bryant Park Wines,"3 Bryant Park, New York, NY 10036",,New York,New York,,10036,,,,4.2,,,,,
Ryann's Wines,"1897 Front Street, East Meadow, NY 11554",,New York,East Meadow,,11554,,,,4.5,,,,,
Stew Leonard’s Wines of Yonkers,"1 Stew Leonard Drive, Yonkers, NY 10710",,New York,Yonkers,,10710,,,,4.6,,,,,
Gopuff Liquor & More - Melrose,"780 St. Ann's Ave, The Bronx, NY 10456",,New York,The Bronx,,10456,,,,N,,,,,
Gopuff Liquor & More - Bedford Park,"3000 Jerome Ave, The Bronx, NY 10468",,New York,The Bronx,,10468,,,,3.3,,,,,
Gopuff Liquor & More - Parkchester,"1872 E Tremont Ave, Bronx, NY 10468",,New York,Bronx,,10468,,,,N,,,,,
Gopuff Liquor & More - Bedford Stuyvesant,"835 Broadway, Brooklyn, NY 11206",,New York,Brooklyn,,11206,,,,1.9,,,,,
Gopuff Liquor & More - Brownsville,"92 E 98th St, Brooklyn, NY 11212",,New York,Brooklyn,,11212,,,,N,,,,,
Gopuff Liquor & More - Howard Beach,"133-40 79th St, Howard Beach, NY 11414",,New York,Howard Beach,,11414,,,,N,,,,,
Gopuff Liquor & More - New Rochelle,"200 Petersville Rd, New Rochelle, NY 10801",,New York,New Rochelle,,10801,,,,N,,,,,
Gopuff Liquor & More - Upper West Side,"2680 Broadway, New York, NY 10025",,New York,New York,,10025,,,,N,,,,,
Gopuff Liquor & More - Upper East Side,"1356 Lexington Ave, New York, NY 10128",,New York,New York,,10128,,,,N,,,,,
Gopuff Liquor & More - Lower East Side,"150 Rivington St, New York, NY 10002",,New York,New York,,10002,,,,5.0,,,,,
Gopuff Liquor & More - Midtown West,"350 W 42nd St, Unit B, New York, NY 10036",,New York,New York,,10036,,,,N,,,,,
Gopuff Liquor & More - Murray Hill,"237 E 34th St, New York, NY 10016",,New York,New York,,10016,,,,N,,,,,
Gopuff Liquor & More - Flatiron District,"45 West 21st St, New York, NY 10010",,New York,New York,,10010,,,,N,,,,,
Gopuff Liquor & More - White Plains,"122 Westmoreland Ave, White Plains, NY 10606",,New York,White Plains,,10606,,,,N,,,,,
Gopuff Liquor & More - Syracuse,"101 Newbury Hollow Ln, Syracuse, NY 13210",,New York,Syracuse,,13210,,,,N,,,,,
LeVino Wine Merchants,"171 Mamaroneck Avenue, White Plains, NY 10601",,New York,White Plains,,10601,,,,4.8,,,,,
Wine Meadow Wine & Spirits,"2440 Hempstead Turnpike, East Meadow, NY 11554",,New York,East Meadow,,11554,,,,5.0,,,,,
3N Convenience Inc. (Shell),"950 Allerton Avenue, The Bronx, NY 10469",,New York,The Bronx,,10469,,,,3.8,,,,,
Smithpoint beer & smoke,"160 Margin Drive West, Shirley, NY 11967",,New York,Shirley,,11967,,,,4.7,,,,,
Orchard Food Market,"85 Rivington Street, New York, NY 10002",,New York,New York,,10002,,,,1.0,,,,,
Gopuff Liquor & More - West Hempstead,"165 Woodfield Road, West Hempstead, NY 11552",,New York,West Hempstead,,11552,,,,N,,,,,
BEER KING,"750 Suffolk Avenue, Brentwood, NY 11717",,New York,Brentwood,,11717,,,,4.0,,,,,
Five Star Liquor & Wine,"14911 Union Turnpike, Queens, NY 11367",,New York,Queens,,11367,,,,4.7,,,,,
Gopuff Liquor & More - Tribeca,"1 York Street, New York, NY 10013",,New York,New York,,10013,,,,N,,,,,
Gopuff Liquor & More - New Utrecht,"1511 86th Street, Brooklyn, NY 11228",,New York,Brooklyn,,11228,,,,N,,,,,
City liquors & wines,"1290 Sheridan Drive, Buffalo, NY 14217",,New York,Buffalo,,14217,,,,4.8,,,,,
Figari's Wine and Liquor,"120 E Main Street, Smithtown, NY 11787",,New York,Smithtown,,11787,,,,4.6,,,,,
Halcyon Liquors,"52 Glen Cove Road, Roslyn Heights, NY 11577",,New York,Roslyn Heights,,11577,,,,4.9,,,,,
Flatbush Discount Liquors,"1023 Flatbush Avenue, Brooklyn, NY 11226",,New York,Brooklyn,,11226,,,,4.5,,,,,
Lowery Wines & Liquors,"4014 Queens Boulevard, Queens, NY 11104",,New York,Queens,,11104,,,,4.5,,,,,
Sennett Still & Barrel,"354 Grant Avenue, Auburn, NY 13021",,New York,Auburn,,13021,,,,5.0,,,,,
Leslie's Classic Wines,"688 5th Avenue, Brooklyn, NY 11215",,New York,Brooklyn,,11215,,,,4.8,,,,,
New Grand Ave Wine & Liquor,"7003 Grand Avenue, New York, NY 11378",,New York,New York,,11378,,,,4.7,,,,,
Vin de Table,"354 Throop Avenue, Brooklyn, NY 11221",,New York,Brooklyn,,11221,,,,4.2,,,,,
Personal Wine Cellar,"300 Saratoga Road, Schenectady, NY 12302",,New York,Schenectady,,12302,,,,4.5,,,,,
Hawkins Wine & Liquor,"727 Hawkins Ave, Lake Ronkonkoma, NY 11779",,New York,Lake Ronkonkoma,,11779,,,,4.6,,,,,
Cypress Hills Liquor,"239A Euclid Ave, Brooklyn, NY 11208",,New York,Brooklyn,,11208,,,,5.0,,,,,
Roslyn Wine and Liquor,"1366 Old Northern Boulevard, Roslyn, NY 11576",,New York,Roslyn,,11576,,,,4.5,,,,,
Bartow Total Liquors,"2057 Bartow Avenue, The Bronx, NY 10475",,New York,The Bronx,,10475,,,,4.5,,,,,
Boisson - Southampton,"10 Montauk Highway, Southampton, NY 11968",,New York,Southampton,,11968,,,,N,,,,,
KING LIQUOR,"746 Suffolk Avenue, Brentwood, NY 11717",,New York,Brentwood,,11717,,,,3.9,,,,,
Jackey Chen Liquor Store,"725 New York 25A, Miller Place, NY 11764",,New York,Miller Place,,11764,,,,5.0,,,,,
Irondequoit Liquor,"525 Titus Avenue, Irondequoit, NY 14617",,New York,Irondequoit,,14617,,,,4.5,,,,,
WINE OBSESSION,"469 Park Avenue, Lindenhurst, NY 11757",,New York,Lindenhurst,,11757,,,,4.5,,,,,
HANA FOOD,"534 Metropolitan Avenue, Brooklyn, NY 11211",,New York,Brooklyn,,11211,,,,4.2,,,,,
Nizga Liquors,"58 Avenue A, New York, NY 10009",,New York,New York,,10009,,,,3.4,,,,,
Rogers Liquor Wine & Spirits,"107 North Street, Endicott, NY 13760",,New York,Endicott,,13760,,,,4.5,,,,,
Delancey Wine,"35 Essex Street, New York, NY 10002",,New York,New York,,10002,,,,4.7,,,,,
"Sip Wines & Spirits, Inc","67 5th Avenue, Brooklyn, NY 11217",,New York,Brooklyn,,11217,,,,4.6,,,,,
Aadhya Deli & Grocery,"82-33 Broadway, Queens, NY 11373",,New York,Queens,,11373,,,,4.4,,,,,
Yashi Deli & Grocery,"46-30 Vernon Boulevard, Queens, NY 11101",,New York,Queens,,11101,,,,3.9,,,,,
Dogwood Farm Convenience,"370 Dogwood Avenue, Franklin Square, NY 11010",,New York,Franklin Square,,11010,,,,4.7,,,,,
BEVMO WINE & LIQUOR,"1566 Brentwood Road, Bay Shore, NY 11706",,New York,Bay Shore,,11706,,,,5.0,,,,,
Lefferts Liquors NY,"103 - 55 Lefferts Boulevard, Queens, NY 11419",,New York,Queens,,11419,,,,3.5,,,,,
Knapp Liquors NY,"2312 Knapp Street, Brooklyn, NY 11229",,New York,Brooklyn,,11229,,,,N,,,,,
Yaphank Wines & Spirits,"525 Boulevard E, Yaphank, NY 11980",,New York,Yaphank,,11980,,,,4.0,,,,,
Mr. Wine,"3-11 27th Avenue, Queens, NY 11102",,New York,Queens,,11102,,,,4.3,,,,,
Park Avenue Liquors,"270 Madison Avenue, New York, NY 10016",,New York,New York,,10016,,,,4.5,,,,,
Waterfront Wines and Spirits,"360 Furman Street, Brooklyn, NY 11201",,New York,Brooklyn,,11201,,,,4.8,,,,,
Winestogo,"933 2nd Avenue, New York, NY 10022",,New York,New York,,10022,,,,5.0,,,,,
Cheeky Cocktails,"650 Flushing Ave Floor 5, Brooklyn, NY 11206",,New York,Brooklyn,,11206,,,,5.0,,,,,
Yaphank Liquors,"70 Horseblock Road, Yaphank, NY 11980",,New York,Yaphank,,11980,,,,4.6,,,,,
109 Discount Liquors,"652 New York 109, Lindenhurst, NY 11757",,New York,Lindenhurst,,11757,,,,4.3,,,,,
209 Street Wine & Liquor,"9432 209 Street, Queens Village, NY 11428",,New York,Queens Village,,11428,,,,N,,,,,
Beer Garden,"37-02 30th Ave, Long Island City, NY 11103",,New York,Long Island City,,11103,,,,4.7,,,,,
4th Ave Fine Food,"514 4th Avenue, Brooklyn, NY 11215",,New York,Brooklyn,,11215,,,,4.6,,,,,
5 Brothers Gourmet Market,"689 10th Avenue, New York, NY 10036",,New York,New York,,10036,,,,4.1,,,,,
76 Gourmet Deli,"1448 1st Avenue, New York, NY 10021",,New York,New York,,10021,,,,4.2,,,,,
7th Avenue Gourmet,"75 7th Avenue, Brooklyn, NY 11217",,New York,Brooklyn,,11217,,,,3.9,,,,,
A to Z Liquors,"185-11 union turnpike, Fresh Meadows, NY 11366",,New York,Fresh Meadows,,11366,,,,4.5,,,,,
A to Z Wine & Liquor,"21436 Hillside Avenue, Queens, NY 11427",,New York,Queens,,11427,,,,4.4,,,,,
A1 Market,"1671 Islip Avenue, Central Islip, NY 11722",,New York,Central Islip,,11722,,,,5.0,,,,,
A1 Wine & Liquor,"131-09 101st Avenue, Queens, NY 11419",,New York,Queens,,11419,,,,4.8,,,,,
"ABK Wine and Liquor, Inc.","867 Lowell Avenue, Central Islip, NY 11722",,New York,Central Islip,,11722,,,,4.2,,,,,
Ace's Wines and Spirits,"1811 Merrick Ave, Merrick Ave., NY 11566",,New York,Merrick Ave.,,11566,,,,4.6,,,,,
Ace Wine and Liquor,"8510 GRAND AVE, Elmhurst, NY 11373",,New York,Elmhurst,,11373,,,,4.6,,,,,
Addy’s Wine & Spirits,"8268 Transit Rd, Williamsville, NY 14221",,New York,Williamsville,,14221,,,,4.5,,,,,
Adolfo's Liquor Corp - NY,"5217 Roosevelt Avenue, Queens, NY 11377",,New York,Queens,,11377,,,,4.6,,,,,
Alamos Wine & Liquor,"189 Walton Street, Syracuse, NY 13202",,New York,Syracuse,,13202,,,,3.7,,,,,
Alden Wine & Liquor Inc.,"12769 Broadway, Alden, NY 14004",,New York,Alden,,14004,,,,4.5,,,,,
Alingan Wines & Liquors,"37-16 Ditmars Blvd, Astoria, NY 11105",,New York,Astoria,,11105,,,,4.3,,,,,
Alphabet City Beer Co.,"96 Avenue C, New York, NY 10009",,New York,New York,,10009,,,,4.6,,,,,
Amsterdam Tobacco House,"273 Amsterdam Ave, New York, NY 10023",,New York,New York,,10023,,,,3.8,,,,,
Amsterdam Wine Co.,"271 Amsterdam Avenue, New York, NY 10023",,New York,New York,,10023,,,,4.7,,,,,
Amys Deli,"71-06 kissena blvd, Flushing, NY 11367",,New York,Flushing,,11367,,,,N,,,,,
Angie's Deli & Grocery,"149-21 41st Avenue, Queens, NY 11354",,New York,Queens,,11354,,,,1.0,,,,,
Apple Gourmet Farm & Beer,"404 Atlantic Avenue, Brooklyn, NY 11217",,New York,Brooklyn,,11217,,,,4.1,,,,,
Aqua Vitae Wines and Liquors,"597 Smithtown Bypass, Hauppauge, NY 11788",,New York,Hauppauge,,11788,,,,4.1,,,,,
Archive Wine and Spirits,"270 Greenwich Street, New York, NY 10007",,New York,New York,,10007,,,,4.2,,,,,
Arsenal Wine and Liquor,"940 Arsenal Street, Watertown, NY 13601",,New York,Watertown,,13601,,,,4.7,,,,,
Astoria Convenience & Smoke Shop,"45-20 30th Avenue, Astoria, NY 11103",,New York,Astoria,,11103,,,,N,,,,,
Austin Deli & Grocery,"67-25 Austin Street, Forrest Hills, NY 11375",,New York,Forrest Hills,,11375,,,,4.1,,,,,
B&B Stationary,"11109 Queens Blvd, Forest Hills, NY 11375",,New York,Forest Hills,,11375,,,,N,,,,,
B D Food Supermarket,"510 7th Avenue #6128, Brooklyn, NY 11215",,New York,Brooklyn,,11215,,,,4.6,,,,,
B & G Deli Convenience,"44-02 28th Avenue, Queens, NY 11103",,New York,Queens,,11103,,,,3.9,,,,,
Baba’s Deli,"599 5th Avenue, Brooklyn, NY 11215",,New York,Brooklyn,,11215,,,,4.1,,,,,
Babylon Beverage Company,"345 Little East Neck Rd, West Babylon, NY 11704",,New York,West Babylon,,11704,,,,4.7,,,,,
Baisley Liquors,"172-06 125th Avenue, Queens, NY 11434",,New York,Queens,,11434,,,,4.4,,,,,
Bansum Wine & Liquor,"709 Medford Avenue, Patchogue, NY 11727",,New York,Patchogue,,11727,,,,4.8,,,,,
Bartow Liquors,"2057 Bartow Ave, Bronx, NY 10475",,New York,Bronx,,10475,,,,4.0,,,,,
Bayridge Wine & Spirits,"9901 3rd ave, Brooklyn, NY 11209",,New York,Brooklyn,,11209,,,,4.2,,,,,
Bed-Vyne Wine & Spirits Shop,"370 Tompkins Ave, Brooklyn, NY 11216",,New York,Brooklyn,,11216,,,,4.6,,,,,
Bedford Convenience Inc,"154 Bedford Avenue, Brooklyn, NY 11249",,New York,Brooklyn,,11249,,,,1.0,,,,,
Bedford Hills Deli & Convenience,"7 Babbitt Road, Bedford Hills, NY 10507",,New York,Bedford Hills,,10507,,,,4.3,,,,,
Bedford Nostrand Wines,"296 Nostrand Avenue, Brooklyn, NY 11216",,New York,Brooklyn,,11216,,,,3.8,,,,,
Beer Barrel,"52 Willoughby Street, Brooklyn, NY 11201",,New York,Brooklyn,,11201,,,,4.2,,,,,
Beer Fridge NYC,"41 Essex St, New York, NY 10002",,New York,New York,,10002,,,,4.7,,,,,
Beer Island & Convenience,"959 Jewett Avenue, Staten Island, NY 10314",,New York,Staten Island,,10314,,,,4.0,,,,,
Beer Town,"13526A Crossbay Blvd, Ozone Park, NY 11417",,New York,Ozone Park,,11417,,,,4.9,,,,,
Bellerose Wines and Liquor,"252-15 Union Turnpike, Bellerose, NY 11004",,New York,Bellerose,,11004,,,,4.5,,,,,
Bellmore Beverage,"1377 Newbridge Road, Bellmore, NY 11710",,New York,Bellmore,,11710,,,,4.6,,,,,
Best Buy Liquors - Brooklyn,"1613 Neptune Ave, Brooklyn, NY 11224",,New York,Brooklyn,,11224,,,,4.6,,,,,
Westfield Market Place,"686 10th Ave, Manhattan, NY 10019",,New York,Manhattan,,10019,,,,3.8,,,,,
Big Apple Wine & Spirits,"1408 2 nd Avenue, Between 73rd & 74th Street, New York, NY 10021",,New York,New York,,10021,,,,4.0,,,,,
Big Green Market,"41-17 Bell Blvd, Bayside, NY 11361",,New York,Bayside,,11361,,,,N,,,,,
Blanc Et Rouge,"81 Washington St, Brooklyn, NY 11201",,New York,Brooklyn,,11201,,,,4.0,,,,,
Bleecker's Finest Deli,"171 Bleecker St, New York, NY 10012",,New York,New York,,10012,,,,3.5,,,,,
Blue Label Wine & Liquor,"154 N Plank Rd, STE 350, Newburgh, NY 12550",,New York,Newburgh,,12550,,,,4.8,,,,,
Bluemoon Beer & Smoke Shop,"999 Main Street, Holbrook, NY 11741",,New York,Holbrook,,11741,,,,4.7,,,,,
Boardwalk Wines & Spirits,"1195 Halsey St, Brooklyn, NY 11207",,New York,Brooklyn,,11207,,,,4.4,,,,,
Bob & Betty's Food Market,"805 Franklin Avenue, Brooklyn, NY 11238",,New York,Brooklyn,,11238,,,,4.1,,,,,
Bottle & Soul,"1200 Lexington Ave, New York, NY 10028",,New York,New York,,10028,,,,3.4,,,,,
Bottoms Up Wine & Spirits,"731 Franklin Ave, Brooklyn, NY 11238, Brooklyn, NY 11238",,New York,Brooklyn,,11238,,,,4.8,,,,,
BP,"566 Northern Boulevard, Great Neck, NY 11021",,New York,Great Neck,,11021,,,,4.3,,,,,
Braddock Wine and Liquor,"236-01 Braddock Avenue, Queens, NY 11426",,New York,Queens,,11426,,,,4.4,,,,,
Bread & Butter Convenience & Beer,"705 Port Washington Boulevard, Port Washington, NY 11050",,New York,Port Washington,,11050,,,,3.0,,,,,
Bread & Honey,"941 8th Avenue, New York, NY 10019",,New York,New York,,10019,,,,4.2,,,,,
Broad Channel Wine,"909 Crossbay Blvd, Broad Channel, NY 11693",,New York,Broad Channel,,11693,,,,4.7,,,,,
Broadway Wholesome Food & Beer,"3578 Broadway, New York, NY 10031",,New York,New York,,10031,,,,3.8,,,,,
Best Value Wine,"340 Orchard Park Road, West Seneca, NY 14224",,New York,West Seneca,,14224,,,,4.4,,,,,
Brooklyn Barrel,"252 4th Ave, Brooklyn, NY 11220",,New York,Brooklyn,,11220,,,,4.4,,,,,
BTL Harlem,"311 W 127th St, New York, NY 10027",,New York,New York,,10027,,,,4.1,,,,,
Burnside Discount Liquor,"50b West Burnside Avenue, The Bronx, NY 10453",,New York,The Bronx,,10453,,,,4.2,,,,,
Butchy's Wine & Spirits Inc,"104 South 4th Avenue, Mount Vernon, NY 10550",,New York,Mount Vernon,,10550,,,,4.4,,,,,
C-Town Fresh,"31-18 24th Ave, Astoria, NY 11102",,New York,Astoria,,11102,,,,3.7,,,,,
Caliente,"221 East Tremont Avenue, The Bronx, NY 10457",,New York,The Bronx,,10457,,,,3.9,,,,,
Canal E Smoke & Convenience,"52 Canal Street, New York, NY 10002",,New York,New York,,10002,,,,3.4,,,,,
Canal Gift & Convenience Store,"342 Canal Street, New York, NY 10013",,New York,New York,,10013,,,,N,,,,,
Canal Ponds Liquor,"2516 Ridgeway Ave, Rochester, NY 14626",,New York,Rochester,,14626,,,,4.5,,,,,
Canalside Liquors and Wine,"45 North Main Street, Brockport, NY 14420",,New York,Brockport,,14420,,,,4.5,,,,,
Carmel Beverage Center,"323 NY-52, Carmel Hamlet, NY 10512",,New York,Carmel Hamlet,,10512,,,,4.6,,,,,
Carousel Beverages,"436 3rd Ave., Brooklyn, NY 11215",,New York,Brooklyn,,11215,,,,4.6,,,,,
Beer Island,"3811 Hempstead Turnpike, Levittown, NY 11756",,New York,Levittown,,11756,,,,4.9,,,,,
Cazenovia Liquors Inc.,"2348 Seneca Street, Buffalo, NY 14210",,New York,Buffalo,,14210,,,,4.6,,,,,
Centerview Liquor,"1850 Union Road, West Seneca, NY 14224",,New York,West Seneca,,14224,,,,4.4,,,,,
Channel Market,"925 Cross Bay Blvd, Broad Channel, NY 11693",,New York,Broad Channel,,11693,,,,3.9,,,,,
Cherry Valley Marketplace,"94-53 Corona Avenue, Queens, NY 11373",,New York,Queens,,11373,,,,4.3,,,,,
Cherry Valley Supermarket,"2016 21st Avenue, Queens, NY 11105",,New York,Queens,,11105,,,,3.7,,,,,
Chili Liquor Store,"3218 Chili Avenue, Rochester, NY 14624",,New York,Rochester,,14624,,,,4.7,,,,,
Choithrams Inc.,"111 Nassau St, New York, NY 10038",,New York,New York,,10038,,,,3.4,,,,,
Chris Liquor Store,"4586 3rd Ave, Bronx, NY 10458",,New York,Bronx,,10458,,,,4.4,,,,,
Cigar Shop,"197 Franklin Ave, Franklin Square, NY 11010",,New York,Franklin Square,,11010,,,,5.0,,,,,
Concord Market,"91 Tillary St, Brooklyn, NY 11201",,New York,Brooklyn,,11201,,,,3.8,,,,,
Continental Wines & Spirits,"161-24 Union Turnpike, Fresh Meadows, NY 11366",,New York,Fresh Meadows,,11366,,,,4.3,,,,,
Convive Wine & Spirits,"196 Avenue A, New York, NY 10009",,New York,New York,,10009,,,,4.7,,,,,
Cork & Cap Wine and Spirits,"372 Mooney Pond Road, Farmingville, NY 11738",,New York,Farmingville,,11738,,,,4.9,,,,,
Corner Grocers,"140 Orchard Street, New York, NY 10002",,New York,New York,,10002,,,,4.0,,,,,
Costlow Wine and Liquors,"91-20 59th ave, Elmhurst, NY 11373",,New York,Elmhurst,,11373,,,,4.2,,,,,
CP Wine & Liquor,"47 college plaza, Selden, NY 11784",,New York,Selden,,11784,,,,4.1,,,,,
Crest Wines & Liquor,"3565 Boston Rd, Bronx, NY 10469",,New York,Bronx,,10469,,,,4.7,,,,,
Crown Bagel,"719 Washington Ave, Brooklyn, NY 11215",,New York,Brooklyn,,11215,,,,4.7,,,,,
Da Finest Wine And Liquor,"650 Melrose Avenue, Store #2, Bronx, NY 10455",,New York,Bronx,,10455,,,,4.2,,,,,
Da Liquor Store,"535 Liberty Avenue, Brooklyn, NY 11207",,New York,Brooklyn,,11207,,,,3.5,,,,,
Da'Vine Wines and Liquor,"157 Mount Vernon Avenue, Mount Vernon, NY 10550",,New York,Mount Vernon,,10550,,,,5.0,,,,,
Dairy City,"42 Bay Shore Road, Bay Shore, NY 11706",,New York,Bay Shore,,11706,,,,4.2,,,,,
Deb's Liquor Mart,"2107 Buffalo Road, Rochester, NY 14624",,New York,Rochester,,14624,,,,4.4,,,,,
Deep Stationary,"29-10a 30th ave, Astoria, NY 11377",,New York,Astoria,,11377,,,,N,,,,,
Delancey Wine,"35 Essex St, New York, NY 10002",,New York,New York,,10002,,,,4.7,,,,,
Delicious Deli,"219 Eldridge Street, New York, NY 10002",,New York,New York,,10002,,,,N,,,,,
Diplomat Wines,"933 2nd Ave, New York, NY 10022",,New York,New York,,10022,,,,3.6,,,,,
Ditmars Supermarket,"46-14 Ditmars Boulevard, Astoria, NY 11105",,New York,Astoria,,11105,,,,N,,,,,
Diya Deli,"142-01 38th Avenue, Flushing, NY 11354",,New York,Flushing,,11354,,,,3.8,,,,,
Douglaston Wine & Spirits,"242-02 61st Ave, Douglaston, NY 11363",,New York,Douglaston,,11363,,,,4.4,,,,,
Downtown Discount Liquors,"25 Court Street, Binghamton, NY 13901",,New York,Binghamton,,13901,,,,4.4,,,,,
Downtown Natural Market,"1701 Church Avenue, Brooklyn, NY 11226",,New York,Brooklyn,,11226,,,,4.1,,,,,
Drink,"492 Flatbush Avenue, Brooklyn, NY 11225",,New York,Brooklyn,,11225,,,,4.6,,,,,
Wine Seller Fine Wine & Liquor,"300 W Main Street, Sayville, NY 11801",,New York,Sayville,,11801,,,,4.5,,,,,
DY Trading Inc Wine & Liquor,"245-10 Jericho Tpke, Bellerose, NY 11001",,New York,Bellerose,,11001,,,,N,,,,,
E&F Discount Liquors,"8774 Bay Parkway, Brooklyn, NY 11214",,New York,Brooklyn,,11214,,,,4.3,,,,,
E Smoke & Beer,"31 Saint Marks Place, New York, NY 10003",,New York,New York,,10003,,,,3.8,,,,,
E Smoke & Convenience - Kissena Boulevard,"43-67 Kissena Boulevard, Queens, NY 11355",,New York,Queens,,11355,,,,N,,,,,
E-Smoke & Convenience,"8002 Roosevelt Avenue, Jackson Heights, NY 11372",,New York,Jackson Heights,,11372,,,,4.2,,,,,
E-Ville Spirits Wine & Liquor,"10 Monroe Street PO Box1262, Ellicottville, NY 14731",,New York,Ellicottville,,14731,,,,4.6,,,,,
"Eagle Cosmetics, Inc.","971 1st Ave, New York, NY 10022",,New York,New York,,10022,,,,4.3,,,,,
East Village Wines & Liquors,"80 Clinton St, New York, NY 10002",,New York,New York,,10002,,,,4.6,,,,,
EHP Liquors,"1774 Old Country Road, Riverhead, NY 11901",,New York,Riverhead,,11901,,,,4.1,,,,,
El-Zahraa Deli & Grocery,"2311 Steinway St, Astoria, NY 11105",,New York,Astoria,,11105,,,,3.9,,,,,
Eliot Convenience,"84-54 Eliot Ave, Middle Village, NY 11379",,New York,Middle Village,,11379,,,,4.1,,,,,
Esmoke & Convenience - Parsons Blvd,"7924 Parsons Boulevard, Queens, NY 11366",,New York,Queens,,11366,,,,4.4,,,,,
Esmoke and Convenience,"370 Ronkonkoma ave, Ronkonkoma, NY 11779",,New York,Ronkonkoma,,11779,,,,5.0,,,,,
Evans Discount Wines and Liquors,"1013 fairmount ave, Jamestown, NY 14701",,New York,Jamestown,,14701,,,,4.7,,,,,
Evolve Smoke Shop #6,"612 S Oyster Bay Road, Hicksville, NY 11801",,New York,Hicksville,,11801,,,,2.9,,,,,
EZ Smoke Shop,"141 Essex Street, New York, NY 10002",,New York,New York,,10002,,,,5.0,,,,,
EZ wine and liquor,"1108 New York 112, Port Jefferson Stati, NY 11776",,New York,Port Jefferson Stati,,11776,,,,4.4,,,,,
Fairway Market - 74th Street,"2131 Broadway, New York, NY 10023",,New York,New York,,10023,,,,4.2,,,,,
Fairway Market East 86th Street,"240 East 86th Street, New York, NY 10028",,New York,New York,,10028,,,,4.1,,,,,
Fairway Market- Harlem,"2328 12th Avenue, New York, NY 10027",,New York,New York,,10027,,,,4.4,,,,,
Fairway Market- Red Hook,"500 Van Brunt Street, Brooklyn, NY 11231",,New York,Brooklyn,,11231,,,,N,,,,,
Falls Quick Stop,"2569 Military Road, Niagara Falls, NY 14304",,New York,Niagara Falls,,14304,,,,5.0,,,,,
Family Grocery,"107-27 Atlantic Ave, Jamaica, NY 11418",,New York,Jamaica,,11418,,,,4.6,,,,,
Family Liquor,"84 Park Ave, Bay Shore, NY 11706",,New York,Bay Shore,,11706,,,,4.7,,,,,
Figari's Wine and Liquor,"120 E Main Street, Smithtown, NY 11787",,New York,Smithtown,,11787,,,,4.6,,,,,
Fine Wines Unlimited,"1021 Oyster Bay Road, East Norwich, NY 11732",,New York,East Norwich,,11732,,,,5.0,,,,,
The Market Place,"271 Flatbush Avenue, Brooklyn, NY 11217",,New York,Brooklyn,,11217,,,,4.3,,,,,
Flatbush Family Grocery,"1217 Flatbush ave, Brooklyn, NY 11226",,New York,Brooklyn,,11226,,,,4.8,,,,,
Flatiron Wine And Spirits - Broadway,"929 Broadway, New York, NY 10010",,New York,New York,,10010,,,,4.6,,,,,
Flushing Mini Food Market,"169-02 35th Avenue, Flushing, NY 11358",,New York,Flushing,,11358,,,,4.2,,,,,
Frankly Wines,"66 W Broadway, New York, NY 10007",,New York,New York,,10007,,,,5.0,,,,,
Freddy's Food Market,"257 Driggs Ave, Brooklyn, NY 11222",,New York,Brooklyn,,11222,,,,3.9,,,,,
Freedom News - 90 Broad St.,"90 Broad Street, New York, NY 10004",,New York,New York,,10004,,,,N,,,,,
Freedom News,"600 W 42nd St, New York, NY 10036",,New York,New York,,10036,,,,3.7,,,,,
Fresh Wine and Liquor,"2150 Amsterdam Ave, New York, NY 10032",,New York,New York,,10032,,,,5.0,,,,,
Friendly Deli,"800 W Beech Street, Long Beach, NY 11561",,New York,Long Beach,,11561,,,,4.8,,,,,
Fulton Smoke Shop & Convenience,"283-b Fulton Avenue, Hempstead, NY 11355",,New York,Hempstead,,11355,,,,4.7,,,,,
Fulton Smoke Shop,"727 Fulton Street, Brooklyn, NY 11217",,New York,Brooklyn,,11217,,,,4.3,,,,,
Z-Star Deli,"62-66 69th Street, Queens, NY 11379",,New York,Queens,,11379,,,,N,,,,,
G2 Wine and Spirits,"1278 New York 300, Newburgh, NY 12550",,New York,Newburgh,,12550,,,,4.3,,,,,
Gary's Liquor,"141 Essex St, New York, NY 10002",,New York,New York,,10002,,,,3.7,,,,,
Gogula Beer and Smoke,"582 Sunrise Hwy South Service Rd, Patchogue, NY 11772",,New York,Patchogue,,11772,,,,4.7,,,,,
Gold Label Wine and Liquor,"451 fishkill ave, suite f, Beacon, NY 12508",,New York,Beacon,,12508,,,,4.8,,,,,
Gowanus Wine Merchants,"493 3rd Avenue, Brooklyn, NY 11215",,New York,Brooklyn,,11215,,,,4.8,,,,,
Sunoco Lucas Ave,"352 Lucas Ave, Kingston, NY 12401",,New York,Kingston,,12401,,,,4.1,,,,,
Grace Wine & Spirits,"610 10th Ave, New York, NY 10036",,New York,New York,,10036,,,,4.4,,,,,
Graham Garden,"359 graham avenue, Brooklyn, NY 11211",,New York,Brooklyn,,11211,,,,4.0,,,,,
Gramercy Wine Cellars,"236 3rd Ave, New York, NY 10003",,New York,New York,,10003,,,,4.6,,,,,
Grand Mart Inc,"176 Grand Street, Brooklyn, NY 11211",,New York,Brooklyn,,11211,,,,N,,,,,
Grand Wine & Spirits,"38 Grand Street, Brooklyn, NY 11249",,New York,Brooklyn,,11249,,,,4.9,,,,,
Green's Wine & Liquors,"216 West Old Country Road, Hicksville, NY 11801",,New York,Hicksville,,11801,,,,4.2,,,,,
Hamilton Wine House,"2714 Frederick Douglass Blvd, New York, NY 10030",,New York,New York,,10030,,,,4.7,,,,,
Harlem Express Wine & Liquor,"108 West 145th Street, New York, NY 10039",,New York,New York,,10039,,,,N,,,,,
Harry's Market,"179 Atlantic Ave,, Freeport, NY 11520",,New York,Freeport,,11520,,,,N,,,,,
HCK Liquor Store,"1045B E 163RD Street, Bronx, NY 10459",,New York,Bronx,,10459,,,,4.4,,,,,
Hamptons Food Market,"217 1st Avenue, New York, NY 10003",,New York,New York,,10003,,,,5.0,,,,,
Heights Wine & Spirits,"4470 Broadway, New York, NY 10040",,New York,New York,,10040,,,,4.1,,,,,
Hi Mango Natural Market,"1055 Flushing Ave, Brooklyn, NY 11237",,New York,Brooklyn,,11237,,,,3.9,,,,,
Hi Mango,"137-75 Queens Blvd, Jamaica, NY 11435",,New York,Jamaica,,11435,,,,4.3,,,,,
Highline Wine,"156 10th Ave, New York, NY 10026",,New York,New York,,10026,,,,4.8,,,,,
Hilltop Wines & Spirits,"423 King Street, Chappaqua, NY 10514",,New York,Chappaqua,,10514,,,,4.7,,,,,
Holbrook Liquors,"125 Beacon Drive, Holbrook, NY 11741",,New York,Holbrook,,11741,,,,4.5,,,,,
Hoosick Street Wine Cellar,"260 Hoosick Street, Troy, NY 12180",,New York,Troy,,12180,,,,4.5,,,,,
Houston Village Farm,"61 1st Ave, New York, NY 10003",,New York,New York,,10003,,,,3.8,,,,,
Hudson Liquor,"1400 Hudson Ave, Rochester, NY 14621",,New York,Rochester,,14621,,,,4.3,,,,,
Hyde Park Liquors,"2425 Hyde Park Blvd., Suite 1, Niagara Falls, NY 14305",,New York,Niagara Falls,,14305,,,,4.5,,,,,
"Hyr, Inc.","98 Suffolk Street, New York, NY 10002",,New York,New York,,10002,,,,5.0,,,,,
I & M Wine & Liquor,"626 Sheepshead Bay Road, Brooklyn, NY 11224",,New York,Brooklyn,,11224,,,,N,,,,,
Iconic,"188 Mulberry Street, New York, NY 10012",,New York,New York,,10012,,,,N,,,,,
International Wine & Spirits,"2903 Broadway, New York, NY 10025",,New York,New York,,10025,,,,4.2,,,,,
Irondequoit Liquor,"525 Titus Avenue, Irondequoit, NY 14617",,New York,Irondequoit,,14617,,,,4.5,,,,,
Island Spirits Wine & Liquor,"77 Ontario Street, Cohoes, NY 12047",,New York,Cohoes,,12047,,,,4.4,,,,,
J.K Deli,"7080 Kissena Blvd, Flushing, NY 11367",,New York,Flushing,,11367,,,,4.3,,,,,
10th Ave Wines and Liquors,"812 10th Avenue, New York, NY 10019",,New York,New York,,10019,,,,4.1,,,,,
Javier Wines & Liquor,"273E 165th St, Bronx, NY 10456",,New York,Bronx,,10456,,,,4.3,,,,,
Jericho Liquor & Wine,"245-10 Jericho Tpke, Floral Park, NY 11001",,New York,Floral Park,,11001,,,,N,,,,,
Jewel Convenience,"6934 Main Street, Queens, NY 11367",,New York,Queens,,11367,,,,4.0,,,,,
Sandwich King and Beer,"146-25 Northern Boulevard, Queens, NY 11354",,New York,Queens,,11354,,,,3.5,,,,,
JJ Gourmet Grocery,"433 Ralph avenue, Brooklyn, NY 11233",,New York,Brooklyn,,11233,,,,N,,,,,
Jubilee Market Place,"99 John St., New York, NY 10038",,New York,New York,,10038,,,,4.2,,,,,
K & D Wines,"1343 Madison Avenue, New York, NY 10128",,New York,New York,,10128,,,,4.0,,,,,
Kapiraj Smoke Shop,"206 B 116th Street, Queens, NY 11694",,New York,Queens,,11694,,,,3.0,,,,,
BYOC Test Store 3,"175 Greenwich Street, New York, NY 10007",,New York,New York,,10007,,,,N,,,,,
Kessler Wines & Spirits,"23 East 28th Street, New York, NY 10016",,New York,New York,,10016,,,,3.6,,,,,
Kevin's Korner,"204 Broadway, Bethpage, NY 11714",,New York,Bethpage,,11714,,,,4.0,,,,,
Kiana Wine And Liquor,"926 Little East Neck Road, West Babylon, NY 11704",,New York,West Babylon,,11704,,,,4.6,,,,,
Kianely Wines,"1442 University Ave, Bronx, NY 10452",,New York,Bronx,,10452,,,,N,,,,,
King Liquor - Suffolk Ave,"727 Suffolk Ave, Brentwood, NY 11717",,New York,Brentwood,,11717,,,,3.9,,,,,
Kings Park Wine & Liquor,"88 Main Street, Kings Park, NY 11754",,New York,Kings Park,,11754,,,,4.3,,,,,
Kwik Pik Inc,"25-07 30th Avenue, Astoria, NY 11102",,New York,Astoria,,11102,,,,5.0,,,,,
Lakeshore Wine and Liquor,"699 South Main Street, Canandaigua, NY 14424",,New York,Canandaigua,,14424,,,,4.8,,,,,
Lance Wines & Liquors,"658 Rockaway Turnpike, Lawrence, NY 11559",,New York,Lawrence,,11559,,,,4.5,,,,,
Landing Liquors,"62A Landing Road, Glen Cove, NY 11542",,New York,Glen Cove,,11542,,,,4.2,,,,,
Landmark Wine & Spirits,"167 W 23rd St, New York, NY 10011",,New York,New York,,10011,,,,4.7,,,,,
Larchmont Wine & Liquor,"1945 Palmer Avenue, Larchmont, NY 10538",,New York,Larchmont,,10538,,,,4.1,,,,,
Laxmi Deli,"393 East Meadow Avenue, East Meadow, NY 11554",,New York,East Meadow,,11554,,,,4.3,,,,,
Liberty Smoke Shop,"118-20 Liberty Ave, S Richmond Hill, NY 11419",,New York,S Richmond Hill,,11419,,,,3.7,,,,,
Lindenwood Cut-Rate Liquors,"78-10 Linden Blvd, Howard Beach, NY 11414",,New York,Howard Beach,,11414,,,,4.5,,,,,
Liquor Cabinet,"111-07 Atlantic Ave, Richmond Hill, NY 11418",,New York,Richmond Hill,,11418,,,,4.9,,,,,
Liquor Foam,"3603 164TH ST, Flushing, NY 11358",,New York,Flushing,,11358,,,,4.3,,,,,
Little Mo Wine & Spirits,"1125 Nostrand Ave, Brooklyn, NY 11225",,New York,Brooklyn,,11225,,,,4.6,,,,,
Lucky Corner,"93-23 63rd drive, Rego Park, NY 11374",,New York,Rego Park,,11374,,,,2.3,,,,,
Lucky Star Liquor & Wine,"215 Fulton Avenue, Hempstead, NY 11550",,New York,Hempstead,,11550,,,,4.4,,,,,
MAB Fine Wine and Spirits,"385 Merrick Ave, East Meadow, NY 11554",,New York,East Meadow,,11554,,,,4.4,,,,,
Mac Liquors,"23 lenox ave, New York City, NY 10026",,New York,New York City,,10026,,,,4.0,,,,,
Madison Ave Wine & Liquors,"1793 Madison Avenue, New York, NY 10035",,New York,New York,,10035,,,,4.4,,,,,
Mamaroneck Ave Deli Grocery,"454 Mamaroneck Ave, White Plains, NY 10605",,New York,White Plains,,10605,,,,3.6,,,,,
Manhattan Ave Liquor,"64 Manhattan Avenue, Brooklyn, NY 11206",,New York,Brooklyn,,11206,,,,4.5,,,,,
Marathon Liquors and Wine Inc,"249-08 horace harding expressway, Little Neck, NY 11362",,New York,Little Neck,,11362,,,,3.1,,,,,
Southport Wine Liquor,"999 Montauk Highway, Shirley, NY 11967",,New York,Shirley,,11967,,,,4.0,,,,,
Marpat Wines,"31-12 FARRINGTON STREET, Flushing, NY 11432",,New York,Flushing,,11432,,,,4.4,,,,,
Martin Liquors,"130 Dolson Avenue, Middletown, NY 10940",,New York,Middletown,,10940,,,,4.4,,,,,
Maspeth Mini Mart,"6928 Grand Ave, Queens, NY 11378",,New York,Queens,,11378,,,,5.0,,,,,
Maximum Wine & Liquors,"8011 Brewerton Rd,, Cicero, NY 13039",,New York,Cicero,,13039,,,,4.6,,,,,
McCarren Natural,"57 Nassau Ave, Brooklyn, NY 11222",,New York,Brooklyn,,11222,,,,3.9,,,,,
Meadows Deli Grocery and Alcohol,"6146 188th Street, Fresh Meadows, NY 11365",,New York,Fresh Meadows,,11365,,,,3.9,,,,,
Merrick Wines and Spirits,"2152 Merrick Road, Merrick, NY 11566",,New York,Merrick,,11566,,,,4.6,,,,,
Metro Deli & Grocery,"117-01 Hillside Avenue, Richmond Hill, NY 11418",,New York,Richmond Hill,,11418,,,,4.3,,,,,
Metro Wine & Liquor,"100-03 Metropolitan Ave, Forest Hills, NY 11375",,New York,Forest Hills,,11375,,,,4.8,,,,,
Mike’s Convenience,"804 Jericho Tpke, New Hyde Park, NY 11040",,New York,New Hyde Park,,11040,,,,3.9,,,,,
Miller Place Discount Liquor Inc,"725 route 25A, Miller Place, NY 11764",,New York,Miller Place,,11764,,,,5.0,,,,,
Millesima,"1355 2nd Avenue, New York, NY 10021",,New York,New York,,10021,,,,4.3,,,,,
Mimi's Market,"1209-1211 Cortelyou Road, Brooklyn, NY 11218",,New York,Brooklyn,,11218,,,,4.4,,,,,
Mineola Cigar,"124 E Jericho Tpk, Mineola, NY 11501",,New York,Mineola,,11501,,,,4.7,,,,,
Mini Mart Deli Grocery & Beer,"2154 Frederick Douglass Boulevard, New York, NY 10026",,New York,New York,,10026,,,,4.0,,,,,
Mobil Mart,"63 8th Avenue, New York, NY 10014",,New York,New York,,10014,,,,3.4,,,,,
Morton Williams (Bleecker Street),"130 Bleecker St, New York, NY 10012",,New York,New York,,10012,,,,4.0,,,,,
Morton Williams (71st Street),"1331 1st Avenue, New York, NY 10021",,New York,New York,,10021,,,,4.0,,,,,
Morton Williams - Columbia,"2941 Broadway, New York, NY 10027",,New York,New York,,10027,,,,3.6,,,,,
Morton Williams (Columbus Circle),"917 9th Ave, New York, NY 10019",,New York,New York,,10019,,,,3.9,,,,,
Morton Williams (23rd Street),"311 E 23rd St #1, New York, NY 10010",,New York,New York,,10010,,,,3.8,,,,,
Morton Williams (Sutton Place),"1031 1st Avenue, New York, NY 10022",,New York,New York,,10022,,,,4.1,,,,,
Mount Carmel Wine & Spirits,"609 E 187th St, Bronx, NY 10458",,New York,Bronx,,10458,,,,4.6,,,,,
Mozzy Liquors,"50 WEST SUFFOLK AVE, Central Islip, NY 11722",,New York,Central Islip,,11722,,,,4.6,,,,,
Mr. Beet,"193 Smith Street, Brooklyn, NY 11201",,New York,Brooklyn,,11201,,,,4.7,,,,,
Mr. Mango,"59 Lafayette Ave, Brooklyn, NY 11217",,New York,Brooklyn,,11217,,,,4.6,,,,,
Mr. Plum,"658 Manhattan Avenue, Brooklyn, NY 11222",,New York,Brooklyn,,11222,,,,4.5,,,,,
My Wine and Spirits,"1895 South Road Suite 3B, Poughkeepsie, NY 12601",,New York,Poughkeepsie,,12601,,,,4.5,,,,,
New Margarita’s Grocery,"23-01 Astoria Boulevard, Queens, NY 11102",,New York,Queens,,11102,,,,4.8,,,,,
New Smithtown Liquor Store,"67 New York 111, Smithtown, NY 11787",,New York,Smithtown,,11787,,,,4.7,,,,,
New Way Mini Market,"696 5th Avenue, Brooklyn, NY 11215",,New York,Brooklyn,,11215,,,,3.4,,,,,
Newbridge Wine & Liquor,"1377 Newbridge Road, North Bellmore, NY 11710",,New York,North Bellmore,,11710,,,,4.3,,,,,
Newburgh Market,"271 Washington Street, Newburgh, NY 12550",,New York,Newburgh,,12550,,,,N,,,,,
Newburgh Oasis,"367 Broadway, Newburgh, NY 12550",,New York,Newburgh,,12550,,,,4.2,,,,,
NEX2U Market,"1158 2nd Avenue, New York, NY 10065",,New York,New York,,10065,,,,4.6,,,,,
Nk Deli & Beer Spot,"169-05 26th ave, Flushing, NY 11358",,New York,Flushing,,11358,,,,N,,,,,
NK Organic Food,"22-73 41st St, Astoria, NY 11105",,New York,Astoria,,11105,,,,N,,,,,
NOFO Beer and Smoke,"55 Middle Road, Mattituck, NY 11952",,New York,Mattituck,,11952,,,,N,,,,,
Nolita Wine Merchants,"227 Mulberry St, New York, NY 10012",,New York,New York,,10012,,,,4.8,,,,,
NRS Wine & Liquor,"403 8th Avenue, New York, NY 10001",,New York,New York,,10001,,,,4.6,,,,,
O and F Wine Store,"2753 Webster Ave, Bronx, NY 10458",,New York,Bronx,,10458,,,,4.6,,,,,
Oakdale Wine,"949 montauk highway, Oakdale, NY 11769",,New York,Oakdale,,11769,,,,4.5,,,,,
Ocean Cigar and Vape,"3015 LONG BEACH ROAD, Oceanside, NY 11572",,New York,Oceanside,,11572,,,,4.9,,,,,
Ohm Deli Corp,"642 Lorimer Street Ste A, Brooklyn, NY 11211",,New York,Brooklyn,,11211,,,,4.1,,,,,
Old Harbor Wine & Liquor,"1235 Grundy Avenue, Holbrook, NY 11741",,New York,Holbrook,,11741,,,,5.0,,,,,
Omega Liquors,"23-18 31ST STREET, Astoria, NY 11105",,New York,Astoria,,11105,,,,4.8,,,,,
ON THE SIDE LIQUOR,"2828 W STATE ST, Olean, NY 14760",,New York,Olean,,14760,,,,4.6,,,,,
One’s Convenience,"315 1st Avenue, New York, NY 10003",,New York,New York,,10003,,,,3.8,,,,,
One Stop Beer,"122 mastic road, Mastic Beach, NY 11951",,New York,Mastic Beach,,11951,,,,N,,,,,
Orange County Wine and Liquor,"136 Lake St, Newburgh, NY 12550",,New York,Newburgh,,12550,,,,4.2,,,,,
Park Avenue Liquor Shop,"270 Madison Ave, New York, NY 10016",,New York,New York,,10016,,,,4.5,,,,,
Park Manor Wine & Spirits,"800 Hooper Rd, Suite 310, Endicott, NY 13760",,New York,Endicott,,13760,,,,4.5,,,,,
Parkway Wine and Spirits - Dobbs Ferry,"50 Hamilton Street, Dobbs Ferry, NY 10603",,New York,Dobbs Ferry,,10603,,,,4.8,,,,,
Parsons Wine & Liquor,"75-09 Parsons Boulevard, Queens, NY 11366",,New York,Queens,,11366,,,,3.7,,,,,
Pascale's Liquor Square,"3150 Erie Blvd E, Syracuse, NY 13214",,New York,Syracuse,,13214,,,,4.4,,,,,
Peekskill Mobil,"120 Washington Street, Peekskill, NY 10566",,New York,Peekskill,,10566,,,,4.2,,,,,
Peppino's Wine & Spirits,"7723 3rd ave, Brooklyn, NY 11209",,New York,Brooklyn,,11209,,,,4.7,,,,,
Phillips Gourmet Deli,"3659 East Tremont Avenue, The Bronx, NY 10465",,New York,The Bronx,,10465,,,,4.2,,,,,
Pigger’s Liquors,"5690 State Route 104, Oswego, NY 13126",,New York,Oswego,,13126,,,,N,,,,,
Pike's Wine & Liquor,"645 Hempstead Turnpike, Elmont, NY 11003",,New York,Elmont,,11003,,,,4.7,,,,,
Pioneer Supermarket,"289 Columbus Avenue, New York, NY 10023",,New York,New York,,10023,,,,4.0,,,,,
Platho Deli Grocery,"53-80 65th Place, Queens, NY 11378",,New York,Queens,,11378,,,,4.8,,,,,
Plymouth Beer and Smoke,"863 W Jericho Turnpike # 6, Smithtown, NY 11787",,New York,Smithtown,,11787,,,,5.0,,,,,
Polish Town Deli and Corner Grocery,"432 Pulaski St, Riverhead, NY 11901",,New York,Riverhead,,11901,,,,4.3,,,,,
Pompette Wine Shop,"420 Lenox Ave., New York, NY 10037",,New York,New York,,10037,,,,4.7,,,,,
Poper Liquors Inc.,"117-08 Rockaway Blvd, South Ozone Park, NY 11420",,New York,South Ozone Park,,11420,,,,4.3,,,,,
Post Wine & Spirits,"2112 Boston Post Road, Larchmont, NY 10538",,New York,Larchmont,,10538,,,,4.8,,,,,
Preet Liquors,"1035 Little Britain Rd #3, New Windsor, NY 12553",,New York,New Windsor,,12553,,,,4.5,,,,,
Prime Essentials,"345 Broadway, New York, NY 10013",,New York,New York,,10013,,,,N,,,,,
Puja Convenience Inc.,"425 3rd Ave., New York, NY 10016",,New York,New York,,10016,,,,3.8,,,,,
Queens Center Wine & Liquor,"89-25 Queens Boulevard, Elmhurst, NY 11373",,New York,Elmhurst,,11373,,,,4.4,,,,,
Quickstop - Forest Hills,"71-52 Yellowstone Boulevard, Queens, NY 11375",,New York,Queens,,11375,,,,5.0,,,,,
Quickstop - Flushing,"6008 main Street, Flushing, NY 11355",,New York,Flushing,,11355,,,,3.5,,,,,
Red's Wine & Spirits,"7606 5th Avenue, Brooklyn, NY 11209",,New York,Brooklyn,,11209,,,,4.5,,,,,
Reyes Wines & Liquor Inc,"53 E 183rd st, Bronx, NY 10453",,New York,Bronx,,10453,,,,4.2,,,,,
Ridge Organic Inc.,"8204 3rd Avenue, Brooklyn, NY 11209",,New York,Brooklyn,,11209,,,,4.1,,,,,
Roanoke Plaza Liquor,"1096 Old Country Rd, Riverhead, NY 11901",,New York,Riverhead,,11901,,,,4.6,,,,,
ROC Wine and Spirits,"2517 Adam Clayton Powell Junior Boulevard, New York, NY 10039",,New York,New York,,10039,,,,3.9,,,,,
Rogers Liquor Wine and Spirits,"107 North Street, Endicott, NY 13760",,New York,Endicott,,13760,,,,4.5,,,,,
S B Deli,"50-02 69th St, Woodside, NY 11377",,New York,Woodside,,11377,,,,4.3,,,,,
S&P Liquor & Wines,"89 2nd Ave, New York, NY 10003",,New York,New York,,10003,,,,4.4,,,,,
Saanvi Food Mart,"61-68 Roosevelt Avenue, Queens, NY 11377",,New York,Queens,,11377,,,,N,,,,,
SAS Newsstand Corp,"1371 1st Avenue, New York, NY 10021",,New York,New York,,10021,,,,N,,,,,
Seaport Wine and Liquor,"110 Fulton Street, New York, NY 10038",,New York,New York,,10038,,,,4.4,,,,,
Seward Park Liquors,"53 N, Ludlow St, New York, NY 10002",,New York,New York,,10002,,,,4.6,,,,,
Shan Market,"2620 Cropsey Avenue, Brooklyn, NY 11214",,New York,Brooklyn,,11214,,,,4.1,,,,,
Tonawanda Wine,"61 broad st, Tonawanda, NY 14150",,New York,Tonawanda,,14150,,,,4.6,,,,,
Shayona Food Market,"157-11 Linden Boulevard, Queens, NY 11434",,New York,Queens,,11434,,,,4.2,,,,,
Sherry-Lehmann Warehouse,"156-2 Liberty Ave, Jamaica, NY 11433",,New York,Jamaica,,11433,,,,1.0,,,,,
Sherry-Lehmann Wine & Spirits - Park Ave,"505 Park Ave, New York, NY 10022",,New York,New York,,10022,,,,3.3,,,,,
Shopping Center Wines & Liquor,"3008 East Main Street, Cortlandt Manor, NY 10567",,New York,Cortlandt Manor,,10567,,,,4.5,,,,,
Shoreline Beverage,"645 New York Ave, Huntington, NY 11743",,New York,Huntington,,11743,,,,4.7,,,,,
Franks Beverage N More,"240 Page Avenue, Staten Island, NY 10307",,New York,Staten Island,,10307,,,,5.0,,,,,
Smiley's,"802 Lexington Avenue, New York, NY 10065",,New York,New York,,10065,,,,3.6,,,,,
Smith's Colonie Wine,"1701 Central Ave, Albany, NY 12205",,New York,Albany,,12205,,,,4.6,,,,,
Smith Street Grocery,"365 Smith Street, Brooklyn, NY 11231",,New York,Brooklyn,,11231,,,,N,,,,,
Smoke Gift & Convenience,"118 Mulberry Street, New York, NY 10013",,New York,New York,,10013,,,,4.0,,,,,
"Smoke, Gift & Convenience","364 West 23rd Street, New York, NY 10011",,New York,New York,,10011,,,,1.9,,,,,
Smoke Plus,"1064 1st Avenue, New York, NY 10022",,New York,New York,,10022,,,,3.7,,,,,
Smoke Shop,"141 Woodbury Rd, Woodbury, NY 11797",,New York,Woodbury,,11797,,,,4.2,,,,,
"Smoke, Vape & Lotto","272-10 Union Turnpike, New Hyde Park, NY 11040",,New York,New Hyde Park,,11040,,,,4.4,,,,,
Snappie Sips,"815 Portland Ave, Rochester, NY 14621",,New York,Rochester,,14621,,,,4.7,,,,,
Soho Deli & Grocery,"15 Stanton St, New York, NY 10002",,New York,New York,,10002,,,,4.0,,,,,
Soho News International,"186 Prince St, New York, NY 10012",,New York,New York,,10012,,,,4.4,,,,,
Somm Cellars,"655 W. 59th St., New York, NY 10019",,New York,New York,,10019,,,,4.8,,,,,
Sons Liquor Enterprise,"424 Clinton Street, Hempstead, NY 11550",,New York,Hempstead,,11550,,,,4.2,,,,,
Soreiku Liquor,"387 Broadway, Brooklyn, NY 11211",,New York,Brooklyn,,11211,,,,4.7,,,,,
South Bronx Wine and Liquor,"225 Brook Ave, Bronx, NY 10454",,New York,Bronx,,10454,,,,4.6,,,,,
Spring Mart,"202 Mott Street, New York, NY 10012",,New York,New York,,10012,,,,3.4,,,,,
SquareWine and Spirits,"2420 Jackson Ave., Long Island City, NY 11101",,New York,Long Island City,,11101,,,,4.4,,,,,
Star Wines & Liquors,"475 Route 17M, Monroe, NY 10950",,New York,Monroe,,10950,,,,4.6,,,,,
Stop & Go Convenience & Beer - 69th St,"55-47 69th Street, Queens, NY 11378",,New York,Queens,,11378,,,,3.5,,,,,
Stop & Go Deli & Convenience,"100-01 Metropolitan Avenue, Queens, NY 11375",,New York,Queens,,11375,,,,4.3,,,,,
Stop N Go Deli Convenience,"41-11 Union Street, Queens, NY 11355",,New York,Queens,,11355,,,,4.1,,,,,
J&R Discount Liquor,"16424 69th Ave, Flushing, NY 11365",,New York,Flushing,,11365,,,,4.1,,,,,
Super Deli,"461 Station Rd, Bellport, NY 11713",,New York,Bellport,,11713,,,,4.0,,,,,
Superior Discount's Wine & Liquor,"105 Towne Drive, Fayetteville, NY 13066",,New York,Fayetteville,,13066,,,,4.2,,,,,
Superstar Beverage- Amityville,"560 Broadway, Amityville, NY 11701",,New York,Amityville,,11701,,,,4.4,,,,,
Sussex Wines & Spirits,"300 E 42nd Street, New York, NY 10017",,New York,New York,,10017,,,,4.3,,,,,
Sutton Wine Shop,"403 East 57 Street, New York, NY 10022",,New York,New York,,10022,,,,4.3,,,,,
TapRm Cold Beer Store,"284 Flushing Avenue, Brooklyn, NY 11217",,New York,Brooklyn,,11217,,,,4.5,,,,,
Taste Wine Co.,"50 3rd Avenue, New York, NY 10003",,New York,New York,,10003,,,,4.5,,,,,
VJ Wine & Liquor,"1623 Hillside Ave, New Hyde Park, NY 11040",,New York,New Hyde Park,,11040,,,,4.2,,,,,
The Bottlenose Wine Co.,"703 2ND AVE, New York, NY 10016",,New York,New York,,10016,,,,4.5,,,,,
The Food Emporium - Union Square,"10 Union Square East, New York, NY 10003",,New York,New York,,10003,,,,N,,,,,
The Gilded Grape,"727 Church Ave, Brooklyn, NY 11218",,New York,Brooklyn,,11218,,,,4.5,,,,,
The Liquor Store,"557 East Fordham Road, Bronx, NY 10458",,New York,Bronx,,10458,,,,5.0,,,,,
The Wine Authority,"5507 Nesconset Hwy, Mt Sinai, NY 11766",,New York,Mt Sinai,,11766,,,,4.4,,,,,
The Wine Sellar,"21305 Sams Drive, Watertown, NY 13601",,New York,Watertown,,13601,,,,4.8,,,,,
The Wine Tent,"714 Avenue U, Brooklyn, NY 11223",,New York,Brooklyn,,11223,,,,4.9,,,,,
The Winey Neighbor,"679 Washington Avenue, Brooklyn, NY 11238",,New York,Brooklyn,,11238,,,,4.5,,,,,
Third Avenue Garden,"1616 3rd ave, New York, NY 10128",,New York,New York,,10128,,,,3.7,,,,,
Culver Narrows (Thrifty Beverage Center),"990 McDonald Avenue, Brooklyn, NY 11230",,New York,Brooklyn,,11230,,,,4.7,,,,,
Time Out Deli,"8837 51st ave, Corona, NY 11373",,New York,Corona,,11373,,,,N,,,,,
Tipsy NY Liquors and Wines,"1663 Clay Avenue, The Bronx, NY 10457",,New York,The Bronx,,10457,,,,4.5,,,,,
Tj’s Lizzie’s,"3009 Harding Avenue, Bronx, NY 10465",,New York,Bronx,,10465,,,,4.1,,,,,
Tribeca Wine Merchants,"40 Hudson St, New York, NY 10013",,New York,New York,,10013,,,,4.4,,,,,
Tropical Deli,"44-02 Broadway, Astoria, NY 11103",,New York,Astoria,,11103,,,,3.0,,,,,
Tropical Mini Market,"6906 Woodside ave, Woodside, New York, NY 11377",,New York,"Woodside, New York",,11377,,,,5.0,,,,,
Tudor Food & Convenience,"45 Tudor City Place #1, New York, NY 10017",,New York,New York,,10017,,,,4.0,,,,,
Twins Deli & Smoke Shop,"1578 Hempstead Tpke, Elmont, NY 11003",,New York,Elmont,,11003,,,,4.8,,,,,
Two Guys Wines & Liquor,"56-60 Myrtle Ave, Queens, NY 11385",,New York,Queens,,11385,,,,4.3,,,,,
Underground Wine and Spirits,"1000 8th Ave, New York, NY 10019",,New York,New York,,10019,,,,4.0,,,,,
Union Square Wine & Spirits,"140 Fourth Ave, New York, NY 10003",,New York,New York,,10003,,,,4.2,,,,,
Uptown Wine & Liquors,"278 Nagle Ave, New York, NY 10034",,New York,New York,,10034,,,,4.3,,,,,
Urban Uncorked,"306 Gold Street C1, Brooklyn, NY 11201",,New York,Brooklyn,,11201,,,,N,,,,,
Uva Wines,"237 Bedford Ave First Floor, Brooklyn, NY 11211",,New York,Brooklyn,,11211,,,,4.1,,,,,
Vals Wine & Spirits,"64-30 Metropolitan Ave, Flushing, NY 11379",,New York,Flushing,,11379,,,,4.5,,,,,
VDK Grocery & Beer,"1442 College point Blvd, College Point, NY 11356",,New York,College Point,,11356,,,,N,,,,,
Vernon Wine & Liquor,"5006 Vernon Blvd, Long Island City, NY 11101",,New York,Long Island City,,11101,,,,4.0,,,,,
Village Vape & Cigar,"171 West 4th Street, New York, NY 10014",,New York,New York,,10014,,,,4.3,,,,,
Vino Bueno Liqueur,"187 Dekalb Avenue, Brooklyn, NY 11205",,New York,Brooklyn,,11205,,,,4.9,,,,,
Vino By The Sea,"190 Beach 69th Street, Averne, NY 11692",,New York,Averne,,11692,,,,4.4,,,,,
Vino Fine Wine & Spirits,"121 E 27th Street, New York, NY 10016",,New York,New York,,10016,,,,N,,,,,
Vintage on 2nd,"1752 2nd Ave, New York, NY 10128",,New York,New York,,10128,,,,4.6,,,,,
Viraj Mart,"4003 Queens Blvd, Sunnyside, NY 11104",,New York,Sunnyside,,11104,,,,5.0,,,,,
Vista Wine & Spirits,"228 Oakridge Commons, South Salem, NY 10590",,New York,South Salem,,10590,,,,4.5,,,,,
Odyssey Wine & Spirits,"490 10th Ave, New York, NY 10018",,New York,New York,,10018,,,,4.3,,,,,
Walden Wine and Liquor,"81 E MAIN ST, Walden, NY 12586",,New York,Walden,,12586,,,,4.7,,,,,
Wanakah Wines & Liquor LLC,"4931 Lake Shore Road, Hamburg, NY 14075",,New York,Hamburg,,14075,,,,4.3,,,,,
Waterfront Wines & Spirits,"360 Furman St, Brooklyn, NY 11201",,New York,Brooklyn,,11201,,,,4.8,,,,,
Waverly Mart,"455 Waverly Ave, Patchogue, NY 11772",,New York,Patchogue,,11772,,,,4.5,,,,,
West Ridge Liquor,"630 West Ridge Rd, Ste 12, Rochester, NY 14615",,New York,Rochester,,14615,,,,4.5,,,,,
Chelsea Wine Co.,"75 9th Ave, New York, NY 10011",,New York,New York,,10011,,,,N,,,,,
Westbury Liquors,"1250 Old Country Road, Westbury, NY 11590",,New York,Westbury,,11590,,,,4.3,,,,,
Westcott Liquors,"111 Harvard Place, Syracuse, NY 13210",,New York,Syracuse,,13210,,,,4.4,,,,,
Westside Market - 84 Third Avenue,"84 3rd Avenue, New York, NY 10003",,New York,New York,,10003,,,,4.3,,,,,
Wet Whistle Wines,"357 Van Brunt St, Brooklyn, NY 11231",,New York,Brooklyn,,11231,,,,4.9,,,,,
Williams Wine & Spirits,"138-20A Farmers Boulevard, Queens, NY 11434",,New York,Queens,,11434,,,,4.4,,,,,
Williston Park Wine and Spirits,"609 Willis Avenue, Williston Park, NY 11596",,New York,Williston Park,,11596,,,,4.7,,,,,
Wine At Five,"1 Elm Place, Rye, NY 10580",,New York,Rye,,10580,,,,5.0,,,,,
Wine Cellar,"209 South Research Place, Central Islip, NY 11722",,New York,Central Islip,,11722,,,,4.6,,,,,
Wine & Liquor Depot,"799 Main Street, New Rochelle, NY 10801",,New York,New Rochelle,,10801,,,,4.0,,,,,
Wine & Liquor Marketplace,"3523A Hempstead Tpke, Levittown, NY 11756",,New York,Levittown,,11756,,,,4.5,,,,,
Wine Society,"41 Northern Boulevard, Greenvale, NY 11548",,New York,Greenvale,,11548,,,,4.6,,,,,
Wine Story,"1585 1st Ave, New York, NY 10028",,New York,New York,,10028,,,,4.3,,,,,
Woodhaven Discount Wine and Liquor,"92-14 Jamaica Avenue, Queens, NY 11421",,New York,Queens,,11421,,,,4.6,,,,,
Yas Quick Mart,"191 ROUTE 59 SUITE 1, Suffern, NY 10901",,New York,Suffern,,10901,,,,4.3,,,,,
Yolo Wine & Spirits,"639 Broadway, New York, NY 10012",,New York,New York,,10012,,,,4.3,,,,,
Showplace Liquors,"3401 Venice Blvd, Los Angeles, CA 90019",,California,Los Angeles,,90019,,,,4.5,,,,,
Bobby's liquor store,"4161 W Washington Blvd, Los Angeles, CA 90018",,California,Los Angeles,,90018,,,,4.5,,,,,
Veer Liquor,"3271 W Pico Blvd, Los Angeles, CA 90019",,California,Los Angeles,,90019,,,,4.2,,,,,
Midway Liquor Market,"3186 w Pico blvd, Los Angeles, CA 90019",,California,Los Angeles,,90019,,,,4.6,,,,,
TONY'S LIQUOR,"4485 W Pico Blvd, Los Angeles, CA 90019",,California,Los Angeles,,90019,,,,3.1,,,,,
Grand Prize Liquor,"4555 W Washington blvd, Los Angeles, CA 90016",,California,Los Angeles,,90016,,,,4.3,,,,,
Jack's Liquor and Cigars,"3720 W Olympic Blvd, Los Angeles, CA 90019",,California,Los Angeles,,90019,,,,4.1,,,,,
Olympic Park's Liquor,"3533 W Olympic Blvd, Los Angeles, CA 90019",,California,Los Angeles,,90019,,,,4.5,,,,,
A & S Liquor Market,"3088 W Pico Blvd, Los Angeles, CA 90006",,California,Los Angeles,,90006,,,,3.8,,,,,
Bottle Bar Liquor Store,"2642 Crenshaw Blvd, Los Angeles, CA 90016",,California,Los Angeles,,90016,,,,3.6,,,,,
L A Liquor,"4816 W Washington Blvd, Los Angeles, CA 90016",,California,Los Angeles,,90016,,,,4.1,,,,,
West Seven Liquor Store,"707 S Western Ave, Los Angeles, CA 90005",,California,Los Angeles,,90005,,,,4.5,,,,,
Sandy Liquor Mart & Wine,"553 S Western Ave #1, Los Angeles, CA 90020",,California,Los Angeles,,90020,,,,4.3,,,,,
Venice Liquor,"2171 Venice Blvd., Los Angeles, CA 90006",,California,Los Angeles,,90006,,,,4.3,,,,,
Adams Liquor,"4620 W Adams Blvd , Los Angeles , CA 90016",,California,Los Angeles,,90016,,,,4.0,,,,,
West Pico Market & Liquor,"2801 west Pico blvd , Los Angeles , CA 90006",,California,Los Angeles,,90006,,,,4.1,,,,,
La Brea Liquor,"1617 S La Brea Ave, Los Angeles, CA 90019",,California,Los Angeles,,90019,,,,4.2,,,,,
Catalina Liquor,"3130 West 8th Street , Los Angeles , CA 90005",,California,Los Angeles,,90005,,,,4.6,,,,,
Teddy's Liquor & Market,"2112 S La Brea Ave, Los Angeles, CA 90016",,California,Los Angeles,,90016,,,,4.1,,,,,
Jubilee Liquor,"4212 West 3rd Street , Los Angeles , CA 90020",,California,Los Angeles,,90020,,,,3.1,,,,,
7-Star Liquor & Market,"4217 West 3rd Street, Suite C, Los Angeles, CA 90020",,California,Los Angeles,,90020,,,,3.6,,,,,
Century Liquor,"2115 W Jefferson Blvd, Los Angeles, CA 90018",,California,Los Angeles,,90018,,,,4.1,,,,,
Holiday Liquor Market,"4966 W Adams Blvd, Los Angeles, CA 90016",,California,Los Angeles,,90016,,,,3.9,,,,,
Saki Liquor Store,"3200 W Jefferson Blvd, Los Angeles, CA 90018",,California,Los Angeles,,90018,,,,4.3,,,,,
Liquor Town,"1298 S La Brea Ave, Los Angeles, CA 90019",,California,Los Angeles,,90019,,,,4.2,,,,,
Topper Liquor,"3061 W 8th St, Los Angeles, CA 90005",,California,Los Angeles,,90005,,,,3.8,,,,,
Ardmore Liquor,"4056 W 3rd St, Los Angeles, CA 90020",,California,Los Angeles,,90020,,,,4.2,,,,,
Sammy's Liquor Market,"2833 W Jefferson Blvd, Los Angeles, CA 90018",,California,Los Angeles,,90018,,,,4.2,,,,,
James Liquor,"4657 Beverly Blvd, Los Angeles, CA 90004",,California,Los Angeles,,90004,,,,4.1,,,,,
Dick's Liquor,"3315 W 6th St, Los Angeles, CA 90020",,California,Los Angeles,,90020,,,,3.5,,,,,
Jan-Ette’s Liquor,"4028 W Jefferson Blvd, Los Angeles, CA 90016",,California,Los Angeles,,90016,,,,4.3,,,,,
Service Liquor House,"3803 W 3rd St, Los Angeles, CA 90020",,California,Los Angeles,,90020,,,,3.9,,,,,
Amigos Liquor,"3010 W 7th St, Los Angeles, CA 90005",,California,Los Angeles,,90005,,,,4.6,,,,,
"Larchmont Village Wine, Spirits & Cheese","223 N Larchmont Blvd, Los Angeles, CA 90004",,California,Los Angeles,,90004,,,,4.6,,,,,
Cheyenne Liquor Store,"1611 Vermont Ave, Los Angeles, CA 90006",,California,Los Angeles,,90006,,,,4.8,,,,,
P G's Liquor,"4407 W Jefferson Blvd, Los Angeles, CA 90016",,California,Los Angeles,,90016,,,,4.5,,,,,
Abic Liquor,"3115 S Western Ave, Los Angeles, CA 90018",,California,Los Angeles,,90018,,,,2.3,,,,,
O Kay Liquor,"5500 W Pico Blvd, Los Angeles, CA 90019",,California,Los Angeles,,90019,,,,4.6,,,,,
Hoover liquor store,"2701 W 8th St, Los Angeles, CA 90005",,California,Los Angeles,,90005,,,,4.5,,,,,
Pacific Liquor,"4228 Beverly Blvd, Los Angeles, CA 90004",,California,Los Angeles,,90004,,,,2.8,,,,,
Bengal Liquor,"3600 W 3rd St, Los Angeles, CA 90020",,California,Los Angeles,,90020,,,,5,,,,,
Hiro's Liquor & Groceries,"2340 W Pico Blvd, Los Angeles, CA 90006",,California,Los Angeles,,90006,,,,4.2,,,,,
Amigo Liquor,"2601 W 7th St, Los Angeles, CA 90057",,California,Los Angeles,,90057,,,,3.3,,,,,
Lawrence Liquor & Jr. Market,"2301 James M Wood Blvd, Los Angeles, CA 90006",,California,Los Angeles,,90006,,,,4.2,,,,,
John's Liquor,"2428 S Vermont Ave , Los Angeles , CA 90007",,California,Los Angeles,,90007,,,,4.3,,,,,
Liquor Center,"861north, N Western Ave, Los Angeles, CA 90029",,California,Los Angeles,,90029,,,,4.2,,,,,
Lucky 9 Liquor,"2201 W Pico Blvd H, Los Angeles, CA 90006",,California,Los Angeles,,90006,,,,4.3,,,,,
Garden Liquor Store,"1479 W Washington Blvd, Los Angeles, CA 90007",,California,Los Angeles,,90007,,,,4.3,,,,,
Grand Liquor & Junior Market,"4669 Melrose Ave, Los Angeles, CA 90029",,California,Los Angeles,,90029,,,,4.5,,,,,
Tony's Liquors,"5707 Santa Monica Blvd, Los Angeles, CA 90038",,California,Los Angeles,,90038,,,,4.1,,,,,
I & A Liquor,"701 N Normandie Ave, Los Angeles, CA 90029",,California,Los Angeles,,90029,,,,4.3,,,,,
Marvin's Liquor,"1650 W Jefferson Blvd, Los Angeles, CA 90018",,California,Los Angeles,,90018,,,,4.6,,,,,
A & A Liquor Market,"111 S Vermont Ave, Los Angeles, CA 90004",,California,Los Angeles,,90004,,,,3.7,,,,,
The Liquor Fountain,"5203 Fountain Ave, Los Angeles, CA 90029",,California,Los Angeles,,90029,,,,4.6,,,,,
Cork Runner Wine & Spirits,"4610, 5956 W Olympic Blvd, Los Angeles, CA 90036",,California,Los Angeles,,90036,,,,4.3,,,,,
J & H Liquor,"1154 Venice Blvd., Los Angeles, CA 90015",,California,Los Angeles,,90015,,,,4.1,,,,,
Park Liquor Store,"3554 Beverly Blvd, Los Angeles, CA 90004",,California,Los Angeles,,90004,,,,4.5,,,,,
Gourmet Liquors,"826 S Alvarado St, Los Angeles, CA 90057",,California,Los Angeles,,90057,,,,4.5,,,,,
Ocean Liquor,"760 S Alvarado St, Los Angeles, CA 90057",,California,Los Angeles,,90057,,,,4.3,,,,,
Bogie's Liquors,"5753 Melrose Ave, Los Angeles, CA 90038",,California,Los Angeles,,90038,,,,4.3,,,,,
Crest Liquors,"2543 W 3rd St, Los Angeles, CA 90057",,California,Los Angeles,,90057,,,,4.8,,,,,
Silver Liquor Market,"2717 W 3rd St, Los Angeles, CA 90057",,California,Los Angeles,,90057,,,,4.5,,,,,
Corner Shop,"559 N Hoover St, Los Angeles, CA 90004",,California,Los Angeles,,90004,,,,4.0,,,,,
Sean's liquor,"1683 W 11th St, Los Angeles, CA 90015",,California,Los Angeles,,90015,,,,4.4,,,,,
Bill's Liquor,"5334 Sunset Blvd, Los Angeles, CA 90027",,California,Los Angeles,,90027,,,,4.3,,,,,
Occidental Liquor,"2755 Beverly Blvd, Los Angeles, CA 90057",,California,Los Angeles,,90057,,,,3.8,,,,,
Imperial Liquor,"1602 W Pico Blvd, Los Angeles, CA 90015",,California,Los Angeles,,90015,,,,4.5,,,,,
Trojan Liquor,"3000 Vermont Ave #3032, Los Angeles, CA 90007",,California,Los Angeles,,90007,,,,4.4,,,,,
Buzz Liquor,"5063 Sunset Blvd, Los Angeles, CA 90027",,California,Los Angeles,,90027,,,,4.8,,,,,
P. M. Liquor,"1976 La Cienega Blvd e, Los Angeles, CA 90034",,California,Los Angeles,,90034,,,,4,,,,,
Bar Keeper,"614 NORTH HOOVER STREET, Los Angeles, CA 90004",,California,Los Angeles,,90004,,,,4.9,,,,,
Le Chateau Wine & Spirits,"6252 Wilshire Blvd, Los Angeles, CA 90048",,California,Los Angeles,,90048,,,,3.6,,,,,
Liquor Mart - Melrose Avenue,"6023 Melrose Avenue, Los Angeles, CA 90038",,California,Los Angeles,,90038,,,,4.2,,,,,
Eleven Union Liquor,"1605 W 11th St, Los Angeles, CA 90015",,California,Los Angeles,,90015,,,,4.3,,,,,
J & F Liquor Store,"1512 W Pico Blvd, Los Angeles, CA 90015",,California,Los Angeles,,90015,,,,3.6,,,,,
Sam's Corner,"2001 W 6th St, Los Angeles, CA 90057",,California,Los Angeles,,90057,,,,4.1,,,,,
Lucky Liquor,"2109 W Martin Luther King Jr Blvd, Los Angeles, CA 90008",,California,Los Angeles,,90008,,,,4.2,,,,,
Quick Stop Liquor,"5102 Hollywood Blvd, Los Angeles, CA 90027",,California,Los Angeles,,90027,,,,4.2,,,,,
Mikron Liquor,"631 Silver Lake Blvd, Los Angeles, CA 90026",,California,Los Angeles,,90026,,,,4.6,,,,,
Psychic Wines,"2825 Bellevue Ave, Los Angeles, CA 90026",,California,Los Angeles,,90026,,,,4.6,,,,,
Fountain Liquor,"4711 Fountain Ave, Los Angeles, CA 90029",,California,Los Angeles,,90029,,,,4.2,,,,,
Hope's Liquor,"2104 Beverly Blvd, Los Angeles, CA 90057",,California,Los Angeles,,90057,,,,4,,,,,
Bespoke Bar LA,"2677 S. La Cienega Blvd., Los Angeles, CA 90036",,California,Los Angeles,,90036,,,,5.0,,,,,
Domaine LA,"6801 Melrose Ave, Los Angeles, CA 90038",,California,Los Angeles,,90038,,,,4.8,,,,,
Annex Liquors,"1607 W 6th St, Los Angeles, CA 90017",,California,Los Angeles,,90017,,,,4.3,,,,,
Quaker State Liquor Store,"6901 Melrose Ave, Los Angeles, CA 90038",,California,Los Angeles,,90038,,,,4.5,,,,,
Union Liquor Store,"1703 Beverly Blvd, Los Angeles, CA 90026",,California,Los Angeles,,90026,,,,4.3,,,,,
EasyGo Liquor,"1324 W 7th St, Los Angeles, CA 90017",,California,Los Angeles,,90017,,,,4.4,,,,,
Hollywood Star liquor,"5566 Hollywood Blvd, Los Angeles, CA 90028",,California,Los Angeles,,90028,,,,4,,,,,
Deep liquor,"2527 S Hill St, Los Angeles, CA 90007",,California,Los Angeles,,90007,,,,4.4,,,,,
One Stop Market,"4355 Arlington Ave, Los Angeles, CA 90008",,California,Los Angeles,,90008,,,,4.2,,,,,
Hope’s Liquor,"1216 W 7th St, Los Angeles, CA 90017",,California,Los Angeles,,90017,,,,4.2,,,,,
Pink Elephant Liquors,"1836 N Western Ave, Los Angeles, CA 90027",,California,Los Angeles,,90027,,,,4,,,,,
Wine Stop SVLK,"2856 Sunset Blvd, Los Angeles, CA 90026",,California,Los Angeles,,90026,,,,4.7,,,,,
Beverly Hills Liquor & Wine,"8318 Wilshire Blvd, Beverly Hills, CA 90211",,California,Beverly Hills,,90211,,,,4.1,,,,,
Studio Liquor,"6759 Santa Monica Blvd, Los Angeles, CA 90038",,California,Los Angeles,,90038,,,,3,,,,,
Mark's Liquor,"1259 W 6th St, Los Angeles, CA 90017",,California,Los Angeles,,90017,,,,3.8,,,,,
One Stop Liquor & Check Cashing,"255 E Adams Blvd, Los Angeles, CA 90011",,California,Los Angeles,,90011,,,,4.3,,,,,
Liquor To Go Go,"5901 Hollywood Blvd, Los Angeles, CA 90028",,California,Los Angeles,,90028,,,,3.7,,,,,
AGC Liquor Store Silver Lake,"4323 Sunset Blvd, Los Angeles, CA 90029",,California,Los Angeles,,90029,,,,4.4,,,,,
King Liquors,"2105 Sunset Blvd, Los Angeles, CA 90026",,California,Los Angeles,,90026,,,,4.0,,,,,
Big Mac's Liquor,"3735 Sunset Blvd, Los Angeles, CA 90026",,California,Los Angeles,,90026,,,,4.4,,,,,
Dave's Liquor Store,"2704 S Robertson Blvd, Los Angeles, CA 90034",,California,Los Angeles,,90034,,,,3.6,,,,,
Cap N' Cork Junior Market,"1674 Hillhurst Ave, Los Angeles, CA 90027",,California,Los Angeles,,90027,,,,4.7,,,,,
Gourmet Liquors,"1476 W 3rd St, Los Angeles, CA 90017",,California,Los Angeles,,90017,,,,3.8,,,,,
Maple Liquor Market,"3000 Maple Ave, Los Angeles, CA 90011",,California,Los Angeles,,90011,,,,3.6,,,,,
Jerry's Liquor,"4279 S Vermont Ave, Los Angeles, CA 90037",,California,Los Angeles,,90037,,,,4.1,,,,,
C & C Liquor,"4606 S Broadway, Los Angeles, CA 90037",,California,Los Angeles,,90037,,,,4.5,,,,,
Jo's Liquor,"333 W Pico Blvd, Los Angeles, CA 90015",,California,Los Angeles,,90015,,,,4,,,,,
Oligarc Wine & Spirits,"6095 1/2 Sunset Blvd., Los Angeles, CA 90028",,California,Los Angeles,,90028,,,,3.9,,,,,
Bixel Liquor Store,"467 S Bixel St, Los Angeles, CA 90017",,California,Los Angeles,,90017,,,,4.3,,,,,
SH Liquor,"4002 S Avalon Blvd, Los Angeles, Los Angeles, CA 90011",,California,Los Angeles,,90011,,,,4.2,,,,,
Hill Street Market,"1401 S Hill St, Los Angeles, CA 90015",,California,Los Angeles,,90015,,,,3.6,,,,,
Lou Wine Shop natural + unusual wine Los Angeles,"1911 Hillhurst Ave, Los Angeles, CA 90027",,California,Los Angeles,,90027,,,,4.8,,,,,
Two & One Liquor Store,"4829 Normandie Ave, Los Angeles, CA 90037",,California,Los Angeles,,90037,,,,4.3,,,,,
Wally's Market,"1955 San Pedro St, Los Angeles, CA 90011",,California,Los Angeles,,90011,,,,3.9,,,,,
Prince Liquor Market & Liquor,"842 E Jefferson Blvd, Los Angeles, CA 90011",,California,Los Angeles,,90011,,,,3.6,,,,,
Royale Liquor,"1508 Sunset Blvd, Los Angeles, CA 90026",,California,Los Angeles,,90026,,,,1.8,,,,,
Vermont Center Market,"5402 S Vermont ave , Los Angeles , CA 90037",,California,Los Angeles,,90037,,,,4.1,,,,,
Liquor Us,"Los Angeles, CA 90011",,California,Los Angeles,,90011,,,,4.3,,,,,
"Mel and Rose Wine, Spirits & Gifts","8344 Melrose Ave, Los Angeles, CA 90069",,California,Los Angeles,,90069,,,,3.9,,,,,
Pla-Boy Liquor,"6435 Yucca St, Los Angeles, CA 90028",,California,Los Angeles,,90028,,,,4.1,,,,,
Kenny's Liquor,"3104 West 48th Street, Los Angeles, CA 90043",,California,Los Angeles,,90043,,,,4.2,,,,,
Ace Liquor,"2525 Griffith Ave, Los Angeles, CA 90011",,California,Los Angeles,,90011,,,,4,,,,,
George's Liquor Store,"1300 W Temple St, Los Angeles, CA 90026",,California,Los Angeles,,90026,,,,4.3,,,,,
Buddy's Liquor,"3231 S Central Ave, Los Angeles, CA 90011",,California,Los Angeles,,90011,,,,4.3,,,,,
Robert Burns Wines,"157 S Robertson Blvd, Beverly Hills, CA 90211",,California,Beverly Hills,,90211,,,,4.5,,,,,
Lee's Liquors | The Wine Center,"8572 W 3rd St, Los Angeles, CA 90048",,California,Los Angeles,,90048,,,,4.5,,,,,
Empire Liquor & Market,"1100 E 22nd St, Los Angeles, CA 90011",,California,Los Angeles,,90011,,,,3.5,,,,,
Hillhurst Liquor,"2060 Hillhurst Ave, Los Angeles, CA 90027",,California,Los Angeles,,90027,,,,4.1,,,,,
Koko's Liquor,"5029 S Figueroa St, Los Angeles, CA 90037",,California,Los Angeles,,90037,,,,4.2,,,,,
Prince Albert Liquor #5,"1161 E Vernon Ave, Los Angeles, CA 90011",,California,Los Angeles,,90011,,,,4.2,,,,,
Golden Rule Liquor,"7753 Santa Monica Blvd, West Hollywood, CA 90046",,California,West Hollywood,,90046,,,,4.5,,,,,
H&H Liquor Market,"1862 Glendale Blvd, Los Angeles, CA 90026",,California,Los Angeles,,90026,,,,4.5,,,,,
John & Pete's Fine Wine & Spirits,"621 N La Cienega Blvd, West Hollywood, CA 90069",,California,West Hollywood,,90069,,,,4.2,,,,,
One Stop Liquor,"2315 S Central Ave, Los Angeles, CA 90011",,California,Los Angeles,,90011,,,,4.4,,,,,
Avalon Liqour,"5111 S Avalon Blvd, Los Angeles, CA 90011",,California,Los Angeles,,90011,,,,4.2,,,,,
Jason's Wine & Spirits,"828 Main St, Los Angeles, CA 90014",,California,Los Angeles,,90015,,,,4.2,,,,,
Stanley's Wet Goods,"9620 Venice Blvd, Los Angeles, CA 90232",,California,Los Angeles,,90232,,,,4.8,,,,,
538 Wine & Spirits,"538 Flower St, Los Angeles, CA 90071",,California,Los Angeles,,90071,,,,4.7,,,,,
Bob's Food Mart & Liquors,"10000 National Blvd, Los Angeles, CA 90034",,California,Los Angeles,,90034,,,,4.3,,,,,
Carmel Liquor,"8204 Santa Monica Blvd, West Hollywood, CA 90046",,California,West Hollywood,,90046,,,,3.5,,,,,
Esquire Liquor & Deli,"619 S Olive St, Los Angeles, CA 90014",,California,Los Angeles,,90014,,,,4.1,,,,,
Hollywood Liquors,"7040 Hollywood Blvd, Los Angeles, CA 90028",,California,Los Angeles,,90028,,,,2.6,,,,,
Steve's Liquor & Market,"1501 E 22nd St, Los Angeles, CA 90011",,California,Los Angeles,,90011,,,,4.3,,,,,
Weird Beers,"213 W 7th St, Los Angeles, CA 90014",,California,Los Angeles,,90014,,,,4.4,,,,,
Big 7 Liquor,"10217 Venice Blvd., Los Angeles, CA 90034",,California,Los Angeles,,90034,,,,4.6,,,,,
Consumers Liquor,"7151 Sunset Blvd, Los Angeles, CA 90046",,California,Los Angeles,,90046,,,,4.1,,,,,
Hillis Liquors,"3308 Motor Ave, Los Angeles, CA 90034",,California,Los Angeles,,90034,,,,3.5,,,,,
Monaco Liquor,"8513 Santa Monica Blvd, Los Angeles, CA 90069",,California,Los Angeles,,90069,,,,4.3,,,,,
Fountain Liquor & Market,"7952 Fountain Ave, West Hollywood, CA 90046",,California,West Hollywood,,90046,,,,3.9,,,,,
Palm Tree Liquor,"10425 Venice Blvd., Los Angeles, CA 90034",,California,Los Angeles,,90034,,,,4,,,,,
Gourmet Wines & Spirits,"300 S Grand Ave LP110, Los Angeles, CA 90071",,California,Los Angeles,,90071,,,,4.7,,,,,
Limelite Liquors,"1649 N La Brea Ave, Los Angeles, CA 90028",,California,Los Angeles,,90028,,,,3.9,,,,,
Central Liquor Market,"5000 S Central Ave, Los Angeles, CA 90011",,California,Los Angeles,,90011,,,,4.4,,,,,
Webbs Liquor & Market,"4762 S Central Ave, Los Angeles, CA 90011",,California,Los Angeles,,90011,,,,4.3,,,,,
Duke's Liquor Store,"818 San Pedro St, Los Angeles, CA 90014",,California,Los Angeles,,90014,,,,3.9,,,,,
Almor Wine & Spirits,"7855 Sunset Blvd , Los Angeles , CA 90046",,California,Los Angeles,,90046,,,,4.4,,,,,
Sunset Plaza Liquors,"7365 Sunset Blvd, Los Angeles, CA 90046",,California,Los Angeles,,90046,,,,4.3,,,,,
ANS Liquor,"4625 Hooper Ave., Los Angeles, CA 90011",,California,Los Angeles,,90011,,,,4.4,,,,,
49'ERS Liquors & Groceries,"3701 Mission St, San Francisco, CA 94110",,California,San Francisco,,94110,,,,4.1,,,,,
PlumpJack Wine & Spirits,"4011 24th St, San Francisco, CA 94114",,California,San Francisco,,94114,,,,4,,,,,
Bogie's Liquor,"2560 Hyperion Ave, Los Angeles, CA 90027",,California,Los Angeles,,90027,,,,4.0,,,,,
Noe Valley Wine & Spirits,"3821 24th St, San Francisco, CA 94114",,California,San Francisco,,94114,,,,4.7,,,,,
St Clair’s Liquors,"3900 24th St, San Francisco, CA 94114",,California,San Francisco,,94114,,,,4.7,,,,,
23rd liquor store,"3558 23rd St, San Francisco, CA 94110",,California,San Francisco,,94110,,,,4.7,,,,,
Jesse's Liquor,"2527 W 54th St, Los Angeles, CA 90043",,California,Los Angeles,,90043,,,,4.3,,,,,
DJ Market Liquors,"3278 Mission St, San Francisco, CA 94110",,California,San Francisco,,94110,,,,4.9,,,,,
F & J Liquor Store,"5360 Crenshaw Blvd, Los Angeles, CA 90043",,California,Los Angeles,,90043,,,,3.7,,,,,
Bookers Liquor Market,"5879 S Figueroa St, Los Angeles, CA 90003",,California,Los Angeles,,90003,,,,4.2,,,,,
Castro Village Wine Co,"4121 19th St, San Francisco, CA 94114",,California,San Francisco,,94114,,,,4.7,,,,,
MR LIQUOR Store,"1200 Valencia St, San Francisco, CA 94110",,California,San Francisco,,94110,,,,4.7,,,,,
Healthy Spirits - 249 Cortland Ave,"249 Cortland Ave, San Francisco, CA 94110",,California,San Francisco,,94110,,,,4.7,,,,,
Mission Liquor Store,"3168 Mission St, San Francisco, CA 94110",,California,San Francisco,,94110,,,,5.0,,,,,
Swirl On Castro,"572 Castro St, San Francisco, CA 94114",,California,San Francisco,,94114,,,,4.8,,,,,
Mutual Wholesale Liquor,"830 E 5th St, Los Angeles, CA 90013",,California,Los Angeles,,90013,,,,3.7,,,,,
Judah Ninth Avenue Liquors,"1400 9th Ave, San Francisco, CA 94122",,California,San Francisco,,94122,,,,4.2,,,,,
Rancho Park Liquor,"10526 W Pico Blvd, Los Angeles, CA 90064",,California,Los Angeles,,90064,,,,4.1,,,,,
Castro Liquor and Wine,"2416 Market St, San Francisco, CA 94114",,California,San Francisco,,94114,,,,3.1,,,,,
Johnson's Liquor Store,"4345 Long Beach Ave, Los Angeles, CA 90058",,California,Los Angeles,,90058,,,,4.3,,,,,
Silverlake Wine,"2395 Glendale Blvd A, Los Angeles, CA 90039",,California,Los Angeles,,90039,,,,4.7,,,,,
Sunset Strip Liquor Store,"8860 Sunset Blvd, West Hollywood, CA 90069",,California,West Hollywood,,90069,,,,4.8,,,,,
Val de Cole Liquor Store,"906 Cole St, San Francisco, CA 94117",,California,San Francisco,,94117,,,,4.8,,,,,
Mission Silver Market,"4304 Mission St, San Francisco, CA 94112",,California,San Francisco,,94112,,,,4.3,,,,,
City Beer Store,"853 Valencia St, San Francisco, CA 94110",,California,San Francisco,,94110,,,,4.6,,,,,
Healthy Spirits - 2299 15th St,"2299 15th St, San Francisco, CA 94114",,California,San Francisco,,94114,,,,4.6,,,,,
Haight & Cole Liquors,"1699 Haight St, San Francisco, CA 94117",,California,San Francisco,,94117,,,,4.5,,,,,
Mike's Groceries & Liquors,"2499 Mission St, San Francisco, CA 94110",,California,San Francisco,,94110,,,,4.4,,,,,
George's Market,"3149 24th St, San Francisco, CA 94110",,California,San Francisco,,94110,,,,4.3,,,,,
Liquid Experience,"1589 Haight St, San Francisco, CA 94117",,California,San Francisco,,94117,,,,4.5,,,,,
Randa's Market,"3131 16th St, San Francisco, CA 94103",,California,San Francisco,,94103,,,,4.7,,,,,
S & A Liquors,"98 1/2 Sanchez St, San Francisco, CA 94114",,California,San Francisco,,94114,,,,4.1,,,,,
Sunshine Wine & Liquor,"1754 Haight St, San Francisco, CA 94117",,California,San Francisco,,94117,,,,3.9,,,,,
Fred's Liquor,"200 Valencia St, San Francisco, CA 94103",,California,San Francisco,,94103,,,,4.4,,,,,
Healthy Spirits,"300 Valencia St, San Francisco, CA 94103",,California,San Francisco,,94103,,,,4.7,,,,,
S&M Liquor Market,"1939 Mission St, San Francisco, CA 94103",,California,San Francisco,,94103,,,,3.1,,,,,
Superette Market & Liquor Store,"901 Haight St, San Francisco, CA 94117",,California,San Francisco,,94117,,,,3.4,,,,,
Maurice Corner Liquor,"3046 24th St, San Francisco, CA 94110",,California,San Francisco,,94110,,,,4.3,,,,,
New Star-Ell Liquor,"501 Divisadero St, San Francisco, CA 94117",,California,San Francisco,,94117,,,,4.2,,,,,
Central Park Natural,"1900 Hayes St, San Francisco, CA 94117",,California,San Francisco,,94117,,,,4.5,,,,,
Ed & Danny's Market & Liquor,"999 S Van Ness Ave, San Francisco, CA 94110",,California,San Francisco,,94110,,,,3.5,,,,,
Town Deli & Liquor,"5948 S Main St, Los Angeles, CA 90003",,California,Los Angeles,,90003,,,,3.9,,,,,
AA Market,"667 Broderick St, San Francisco, CA 94117",,California,San Francisco,,94117,,,,4.1,,,,,
Champion Liquor Mart,"10891 Venice Blvd., Los Angeles, CA 90034",,California,Los Angeles,,90034,,,,4.6,,,,,
R & F Liquor,"6026 S Broadway, Los Angeles, CA 90003",,California,Los Angeles,,90003,,,,4,,,,,
Slauson Liquor,"2825 W Slauson Ave, Los Angeles, CA 90043",,California,Los Angeles,,90043,,,,4,,,,,
Gourmet Liquor Store,"714 W Gage Ave, Los Angeles, CA 90044",,California,Los Angeles,,90044,,,,4.2,,,,,
Cheers On Demand,"867 Fillmore St, San Francisco, CA 94117",,California,San Francisco,,94117,,,,4.9,,,,,
Sam's Liquor,"580 Precita Ave, San Francisco, CA 94110",,California,San Francisco,,94110,,,,3.3,,,,,
San Francisco Wine & Cheese,"141 1/2 Gough St, San Francisco, CA 94102",,California,San Francisco,,94102,,,,4.9,,,,,
19th avenue liquors,"1800 19th Ave, San Francisco, CA 94122",,California,San Francisco,,94122,,,,4.1,,,,,
True Sake,"556 Hayes St, San Francisco, CA 94102",,California,San Francisco,,94102,,,,4.7,,,,,
Victoria Liquors & Groceries,"201 Gough St, San Francisco, CA 94102",,California,San Francisco,,94102,,,,3.4,,,,,
Samy's Liquor & Groceries,"2847 24th St, San Francisco, CA 94110",,California,San Francisco,,94110,,,,4.8,,,,,
Gemini Bottle Co,"2801 22nd St, San Francisco, CA 94110",,California,San Francisco,,94110,,,,4.8,,,,,
8th Liquor Market,"6007 8th Ave, Los Angeles, CA 90043",,California,Los Angeles,,90043,,,,4.3,,,,,
Arlequin Wine Merchant,"372 Hayes St, San Francisco, CA 94102",,California,San Francisco,,94102,,,,4.4,,,,,
Drink Liquor,"601 2nd Ave, San Francisco, CA 94118",,California,San Francisco,,94118,,,,4.6,,,,,
Serv U Market,"2750 21st St, San Francisco, CA 94110",,California,San Francisco,,94110,,,,4.5,,,,,
Excelsior Liquors,"4501 Mission St, San Francisco, CA 94112",,California,San Francisco,,94112,,,,4.0,,,,,
Tony's Market & Liquor,"2751 24th St, San Francisco, CA 94110",,California,San Francisco,,94110,,,,4.5,,,,,
BevMo! - 201 Bayshore Blvd,"201 Bayshore Blvd, San Francisco, CA 94124",,California,San Francisco,,94124,,,,4.2,,,,,
Gil Turner's Fine Wines & Spirits,"9101 Sunset Blvd, West Hollywood, CA 90069",,California,West Hollywood,,90069,,,,4.2,,,,,
N & V Liquor and Grocery Store,"2702 24th St, San Francisco, CA 94110",,California,San Francisco,,94110,,,,4.1,,,,,
New Hampshire Market,"2701 20th St, San Francisco, CA 94110",,California,San Francisco,,94110,,,,4.6,,,,,
Columbia Liquor,"5901 Compton Ave, Los Angeles, CA 90001",,California,Los Angeles,,90001,,,,4.4,,,,,
Red Liquor Market,"2600 Southwest Dr, Los Angeles, CA 90043",,California,Los Angeles,,90043,,,,4,,,,,
Juicefly Wine & Spirits - Alcohol Delivery,"10725 Jefferson Blvd, Culver City, CA 90230",,California,Culver City,,90230,,,,4.9,,,,,
Cameo Liquor Store,"6507 S Western Ave, Los Angeles, CA 90047",,California,Los Angeles,,90047,,,,4.2,,,,,
BevMo! - 3455 Geary Blvd,"3455 Geary Blvd, San Francisco, CA 94118",,California,San Francisco,,94118,,,,4.2,,,,,
House of Ambrose Wine & Spirits,"3331 Barham Blvd #1403, Los Angeles, CA 90068",,California,Los Angeles,,90068,,,,4.6,,,,,
Super Sam,"691 McAllister St, San Francisco, CA 94102",,California,San Francisco,,94102,,,,3.7,,,,,
Wine Stop DTLA,"1025 S Santa Fe Ave, Los Angeles, CA 90021",,California,Los Angeles,,90021,,,,4.9,,,,,
Jupiter Market,"4567 Mission St, San Francisco, CA 94112",,California,San Francisco,,94112,,,,4.6,,,,,
Kansas Food Market,"2250 23rd St, San Francisco, CA 94107",,California,San Francisco,,94107,,,,4.1,,,,,
The San Francisco Wine Trading Company,"250 Taraval St, San Francisco, CA 94116",,California,San Francisco,,94116,,,,4.7,,,,,
Mr Spirits Liquor Store,"6818 S Western Ave, Los Angeles, CA 90047",,California,Los Angeles,,90047,,,,4,,,,,
Cable Car Liquors & Grocery,"841 Clement St, San Francisco, CA 94118",,California,San Francisco,,94118,,,,4.7,,,,,
Frank's Wine & Spirits,"10559 CA-2, Los Angeles, CA 90025",,California,Los Angeles,,90025,,,,4.2,,,,,
Frank's Wine & Spirits,"10559 Santa Monica Blvd, Los Angeles, CA 90025",,California,West Los Angeles,,90025,,,,4.2,,,,,
Friends Liquor,"1758 Fillmore St, San Francisco, CA 94115",,California,San Francisco,,94115,,,,3.5,,,,,
Sunshine Liquor,"2619 W Florence Ave, Los Angeles, CA 90043",,California,Los Angeles,,90043,,,,4.2,,,,,
W C Liquor & Groceries,"1836 Divisadero St Ste A, San Francisco, CA 94115",,California,San Francisco,,94115,,,,4.2,,,,,
White Palace Liquor & Deli,"1524 Silver Ave #1230, San Francisco, CA 94134",,California,San Francisco,,94134,,,,4.7,,,,,
Healthy Spirits - 1042 Clement St,"1042 Clement St, San Francisco, CA 94118",,California,San Francisco,,94118,,,,4.7,,,,,
Diana Market #2,"282 9th St, San Francisco, CA 94103",,California,San Francisco,,94103,,,,4.1,,,,,
Park Presidio Liquors,"4400 California St, San Francisco, CA 94118",,California,San Francisco,,94118,,,,3.6,,,,,
Tom's Liquor,"1355 W Florence Ave # 755, Los Angeles, CA 90044",,California,Los Angeles,,90044,,,,4.4,,,,,
Wilking Wine & Liquor,"3273 Sacramento St, San Francisco, CA 94115",,California,San Francisco,,94115,,,,3.2,,,,,
Yick's Liquors,"4701 Mission St, San Francisco, CA 94112",,California,San Francisco,,94112,,,,3.9,,,,,
Hillcrest Liquor,"11300 Venice Blvd., Los Angeles, CA 90066",,California,Los Angeles,,90066,,,,3.9,,,,,
Wine Merchant of Show Place Sq,"2 Henry Adams St # 21, San Francisco, CA 94103",,California,San Francisco,,94103,,,,4.5,,,,,
Maison Corbeaux - London Market,"2901 Sacramento St, San Francisco, CA 94115",,California,San Francisco,,94115,,,,4.7,,,,,
A & M Liquor,"1600 Sutter St, San Francisco, CA 94109",,California,San Francisco,,94109,,,,4.2,,,,,
McAllister Market & Deli,"136 McAllister St, San Francisco, CA 94102",,California,San Francisco,,94102,,,,3.7,,,,,
B & B Liquor Market,"8207 S Western Ave, Los Angeles, CA 90047",,California,Los Angeles,,90047,,,,4.1,,,,,
D&M Wine And Liquor Co,"2200 Fillmore St, San Francisco, CA 94115",,California,San Francisco,,94115,,,,4.7,,,,,
Ruby Wine,"1419 18th St, San Francisco, CA 94107",,California,San Francisco,,94107,,,,4.6,,,,,
Martell's Liquor,"5615 Geary Blvd, San Francisco, CA 94121",,California,San Francisco,,94121,,,,3.9,,,,,
Blackwell's Wines & Spirits - San Francisco,"5620 Geary Blvd, San Francisco, CA 94121",,California,San Francisco,,94121,,,,4.1,,,,,
KT Liquor,"6226 Holmes Ave, Los Angeles, CA 90001",,California,Los Angeles,,90001,,,,3.9,,,,,
M & J Liquor,"7405 Crenshaw Blvd, Los Angeles, CA 90043",,California,Los Angeles,,90043,,,,4.5,,,,,
Frank's Market & Liquors,"4799 Mission St, San Francisco, CA 94112",,California,San Francisco,,94112,,,,4.1,,,,,
G & H Liquor & Grocery,"201 Jones St, San Francisco, CA 94102",,California,San Francisco,,94102,,,,4.2,,,,,
BevMo!,"1301 Van Ness Ave, San Francisco, CA 94109",,California,San Francisco,,94019,,,,4.3,,,,,
Woerners Liquors,"901 Geary St, San Francisco, CA 94109",,California,San Francisco,,94109,,,,3.5,,,,,
Silver Dollar Liquor,"1650 W Manchester Ave, Los Angeles, CA 90047",,California,Los Angeles,,90047,,,,4.2,,,,,
Verve Wine,"2358 Fillmore St, San Francisco, CA 94115",,California,San Francisco,,94115,,,,4.7,,,,,
Sonoma Market & Liquors,"65 6th St, San Francisco, CA 94103",,California,San Francisco,,94103,,,,3.8,,,,,
Slauson Liquor Spot,"4834 W SLAUSON AVE, Los Angeles, CA 90056",,California,Los Angeles,,90056,,,,4.6,,,,,
Cypress Liquor Store,"1207 Cypress Ave, Los Angeles, CA 90065",,California,Los Angeles,,90065,,,,4.7,,,,,
Royal Liquors,"2501 Pasadena Ave, Los Angeles, CA 90031",,California,Los Angeles,,90031,,,,4.1,,,,,
M & W Liquors,"2801 Fletcher Dr, Los Angeles, CA 90039",,California,Los Angeles,,90039,,,,4.2,,,,,
EZ Stop Liquor,"2135 N San Fernando Rd, Los Angeles, CA 90065",,California,Los Angeles,,90065,,,,4.6,,,,,
Tenderloin Liquor,"62 Turk St, San Francisco, CA 94102",,California,San Francisco,,94102,,,,4.5,,,,,
San's Liquor and Market,"7911 S Van Ness Ave, Inglewood, CA 90305",,California,Inglewood,,90305,,,,4.3,,,,,
Bill's Liquor Store,"3150 Glendale Blvd, Los Angeles, CA 90039",,California,Los Angeles,,90039,,,,4.6,,,,,
GNG Liquors,"40 5th St, San Francisco, CA 94103",,California,San Francisco,,94103,,,,3.3,,,,,
Imperial Sq Liquors,"251 Ellis St, San Francisco, CA 94102",,California,San Francisco,,94102,,,,3.6,,,,,
O'Farrell Liquors,"405 O'Farrell St, San Francisco, CA 94102",,California,San Francisco,,94102,,,,4,,,,,
Geary Wine & Spirits,"599 Geary St, San Francisco, CA 94102",,California,San Francisco,,94102,,,,4.1,,,,,
Cat's Liquor,"7217 S Broadway, Los Angeles, CA 90003",,California,Los Angeles,,90003,,,,4.2,,,,,
Napa Valley Winery Exchange,"415 Taylor St, San Francisco, CA 94102",,California,San Francisco,,94102,,,,4.7,,,,,
Ramirez Beverage Center,"2765 E. Olympic Blvd, Los Angeles, CA 90023",,California,Los Angeles,,90023,,,,4.7,,,,,
Royal Liquors,"1400 Polk St, San Francisco, CA 94109",,California,San Francisco,,94109,,,,3.9,,,,,
The Wine House,"829 26th St, San Francisco, CA 94107",,California,San Francisco,,94107,,,,4.5,,,,,
Bus Stop Liquors & Deli,"2698 San Bruno Ave, San Francisco, CA 94134",,California,San Francisco,,94134,,,,4.0,,,,,
Check N Bottle,"1261 E Florence Ave #2432, Los Angeles, CA 90001",,California,Los Angeles,,90001,,,,4.5,,,,,
Reno's Liquor,"728 22nd St, San Francisco, CA 94107",,California,San Francisco,,94107,,,,4.6,,,,,
Snack & Bottle Shop..liquor store,"644 Persia Ave, San Francisco, CA 94112",,California,San Francisco,,94112,,,,4.4,,,,,
Balboa Bi-Rite Market,"2449 Balboa St, San Francisco, CA 94121",,California,San Francisco,,94121,,,,4.2,,,,,
Fred's Liquor Store,"300 Mason St, San Francisco, CA 94102",,California,San Francisco,,94102,,,,2.1,,,,,
K&L Wine Merchants,"855 Harrison St, San Francisco, CA 94107",,California,San Francisco,,94107,,,,4.7,,,,,
Multani's Liquor & Check Cashing,"622 Centinela Ave, Inglewood, CA 90302",,California,Inglewood,,90302,,,,4.5,,,,,
Nob Hill Liquors,"1000 Hyde St, San Francisco, CA 94109",,California,San Francisco,,94109,,,,4.1,,,,,
Sav-Mor Mart,"4522 3rd St, San Francisco, CA 94124",,California,San Francisco,,94124,,,,4.5,,,,,
Liquid Gold,"1040 Hyde St, San Francisco, CA 94109",,California,San Francisco,,94109,,,,4.8,,,,,
A M Liquor,"11700 Washington Pl, Los Angeles, CA 90066",,California,Los Angeles,,90066,,,,4.4,,,,,
Van Ness Liquors,"1846 Van Ness Ave, San Francisco, CA 94109",,California,San Francisco,,94109,,,,4.3,,,,,
Town & Country Market,"600 Post St, San Francisco, CA 94109",,California,San Francisco,,94109,,,,3.6,,,,,
City Wine & Spirits,"805 Howard St, San Francisco, CA 94103",,California,San Francisco,,94103,,,,4.8,,,,,
Kopper Keg Liquor,"3237 Glendale Boulevard, Los Angeles, CA 90039",,California,Los Angeles,,90039,,,,4.6,,,,,
Polk and Clay Liquor,"1700 Polk St, San Francisco, CA 94109",,California,San Francisco,,94109,,,,33,,,,,
MMC Wines & Spirits,"615 Sutter St, San Francisco, CA 94102",,California,San Francisco,,94102,,,,2.7,,,,,
Bayview Liquors,"4700 3rd st, San Francisco, CA 94124",,California,San Francisco,,94124,,,,4.3,,,,,
Linda's Liquor,"1026 Taraval St, San Francisco, CA 94116",,California,San Francisco,,94116,,,,4.0,,,,,
Michaelis Wine and Spirits,"2198 Union St, San Francisco, CA 94123",,California,San Francisco,,94123,,,,5,,,,,
The Wine House,"2311 Cotner Ave, Los Angeles, CA 90064",,California,Los Angeles,,90064,,,,4.7,,,,,
Happy Time Liquors,"730 N La Brea Ave, Inglewood, CA 90302",,California,Inglewood,,90302,,,,4.1,,,,,
Cottage Market & Corner Store,"798 Bush St, San Francisco, CA 94108",,California,San Francisco,,94108,,,,2.8,,,,,
Pine & Taylor Market,"996 Pine St, San Francisco, CA 94108",,California,San Francisco,,94108,,,,4.3,,,,,
Union Square Wine and Spirits,"522 Sutter Street, San Francisco, CA 94102",,California,San Francisco,,94102,,,,3.7,,,,,
Tigers Liquors,"2400 Clement St, San Francisco, CA 94121",,California,San Francisco,,94121,,,,4.4,,,,,
The Jug Shop,"1648 Pacific Ave, San Francisco, CA 94109",,California,San Francisco,,94109,,,,4.7,,,,,
Wiley's Liquor,"1015 Ocean Ave, San Francisco, CA 94112",,California,San Francisco,,94112,,,,3.8,,,,,
Ken's Liquor & Deli,"8400 8th Ave, Inglewood, CA 90305",,California,Inglewood,,90305,,,,4.4,,,,,
Plumpjack Wine & Spirits (Fillmore Street),"3201 Fillmore St, San Francisco, CA 94123",,California,San Francisco,,94123,,,,3.7,,,,,
JS Liquor & Market,"1005 W Century Blvd, Los Angeles, CA 90044",,California,Los Angeles,,90044,,,,4.5,,,,,
My Liquor Bank,"7420 S Central Ave, Los Angeles, CA 90001",,California,Los Angeles,,90001,,,,4.4,,,,,
The Silver Platter,"2501 Van Ness Ave, San Francisco, CA 94109",,California,San Francisco,,94109,,,,4.4,,,,,
Bank Liquor Store,"1740 E Florence Ave, Los Angeles, CA 90001",,California,Los Angeles,,90001,,,,3.8,,,,,
Hyde & Pacific Liquors,"1600 Hyde St, San Francisco, CA 94109",,California,San Francisco,,94109,,,,4.3,,,,,
Cask - San Francisco,"685 Market St Ste 140 B, San Francisco, CA 94105",,California,San Francisco,,94103,,,,4.7,,,,,
Food Fair Market Liquors,"611 Bush St, San Francisco, CA 94108",,California,San Francisco,,94108,,,,4.3,,,,,
Liquor & Deli On Union Square,"423 Stockton St, San Francisco, CA 94108",,California,San Francisco,,94108,,,,4.2,,,,,
Liquorette,"1400 Centinela Ave, Inglewood, CA 90302",,California,Inglewood,,90302,,,,4.3,,,,,
S&H Liquor Store,"3006 W Manchester Blvd, Inglewood, CA 90305",,California,Inglewood,,90305,,,,4.6,,,,,
"Ramirez Liquor, Wine, & Kegs","736 S Soto St, Los Angeles, CA 90023",,California,Los Angeles,,90023,,,,4.6,,,,,
Red's Liquor Store,"1201 W Century Blvd, Los Angeles, CA 90044",,California,Los Angeles,,90044,,,,4.2,,,,,
Shyrea's Liquor Jr. Market,"1753 W Century Blvd, Los Angeles, CA 90047",,California,Los Angeles,,90047,,,,4.2,,,,,
The Whisky Shop of San Francisco,"360 Sutter St, San Francisco, CA 94108",,California,San Francisco,,94108,,,,4.8,,,,,
Westside Liquor & Jr Market,"11031 Santa Monica Blvd, Los Angeles, CA 90025",,California,Los Angeles,,90025,,,,3.1,,,,,
Flatiron Wines & Spirits,"2 New Montgomery St, San Francisco, CA 94105",,California,San Francisco,,94105,,,,4.7,,,,,
Set 4 Life Liquor,"9301 S Van Ness Ave, Inglewood, CA 90305",,California,Inglewood,,90305,,,,4.4,,,,,
"F&M Smokes, Wine and Liquor","57 New Montgomery St, San Francisco, CA 94105",,California,San Francisco,,94105,,,,3.8,,,,,
Soma Wines & Spirits,"600 Folsom St, San Francisco, CA 94105",,California,San Francisco,,94105,,,,4,,,,,
A & N Liquors,"1521 Ocean Ave, San Francisco, CA 94112",,California,San Francisco,,94112,,,,4.7,,,,,
Mandala Liquor Store,"2920 N Broadway, Los Angeles, CA 90031",,California,Los Angeles,,90031,,,,3.8,,,,,
Studio City Liquor,"11312 Ventura Boulevard, Los Angeles, CA 91604",,California,Los Angeles,,91604,,,,5.0,,,,,
D's Corner,"700 Naples St, San Francisco, CA 94112",,California,San Francisco,,94112,,,,3.3,,,,,
Financial District Wine & Spirits,"300 Kearny St, San Francisco, CA 94108",,California,San Francisco,,94108,,,,3.8,,,,,
Maple Liquors,"10421 S Western Ave, Los Angeles, CA 90047",,California,Los Angeles,,90047,,,,4.2,,,,,
Ralph's Drive-In Liquor,"2130 W Century Blvd, Los Angeles, CA 90047",,California,Los Angeles,,90047,,,,4,,,,,
Liquor Junction,"7651 Compton Ave, Los Angeles, CA 90001",,California,Los Angeles,,90001,,,,4.1,,,,,
Blackbeard's Crafts,"1820 Sawtelle Blvd, Los Angeles, CA 90025",,California,Los Angeles,,90025,,,,4.9,,,,,
FAMOUS ED LIQUR & JR MARKET,"2720 Whittier Blvd, Los Angeles, CA 90023",,California,Los Angeles,,90023,,,,4.5,,,,,
Happy's Liquor - Verdugo Rd.,"3192 Verdugo Rd, Los Angeles, CA 90065",,California,Los Angeles,,90065,,,,4.2,,,,,
Nold's Liquor,"10801 S Broadway, Los Angeles, CA 90061",,California,Los Angeles,,90061,,,,4.1,,,,,
Prince Liquor,"10301 S Main St, Los Angeles, CA 90003",,California,Los Angeles,,90003,,,,4.3,,,,,
Central Liquor Store,"7727 S Central Ave, Los Angeles, CA 90001",,California,Los Angeles,,90001,,,,4.4,,,,,
Brooklyn Center Liquor Stores,"2101 E Cesar E Chavez Ave # 4, Los Angeles, CA 90033",,California,Los Angeles,,90033,,,,4.4,,,,,
Danny's Liquor,"6830 La Tijera Blvd, Los Angeles, CA 90045",,California,Los Angeles,,90045,,,,4.2,,,,,
Los Feliz Liquor,"3006 Los Feliz Blvd, Los Angeles, CA 90039",,California,Los Angeles,,90039,,,,4.4,,,,,
S&M Liquor,"3000 N Main St, Los Angeles, CA 90031",,California,Los Angeles,,90031,,,,4.4,,,,,
Martino's Liquor,"706 E Manchester Blvd, Inglewood, CA 90301",,California,Inglewood,,90301,,,,4.2,,,,,
HAPPY CORNER LIQUOR AND MARKET,"4584 S Centinela Ave, Los Angeles, CA 90066",,California,Los Angeles,,90066,,,,4.3,,,,,
"Maison Fayard - Bottle store, gifts and tastings","1408 2nd St, Napa, CA 94559",,California,Los Angeles,,94559,,,,5,,,,,
Wayne's Liquor,"911 Kearny St, San Francisco, CA 94133",,California,San Francisco,,94133,,,,3.9,,,,,
Broadway Cigars & Liquors,"550 Broadway, San Francisco, CA 94133",,California,San Francisco,,94133,,,,4.5,,,,,
Laker's Liquor,"1040 W Imperial Hwy, Los Angeles, CA 90044",,California,Los Angeles,,90044,,,,4.2,,,,,
Mike's Liquors,"5084 Mission St, San Francisco, CA 94112",,California,San Francisco,,94112,,,,4.6,,,,,
Coit Liquors,"1657 Powell St, San Francisco, CA 94133",,California,San Francisco,,94133,,,,4.6,,,,,
Drumm Liquor & Deli,"15 Drumm St, San Francisco, CA 94111",,California,San Francisco,,94111,,,,4.1,,,,,
Broadway Liquors,"460 Broadway, San Francisco, CA 94133",,California,San Francisco,,94133,,,,4.3,,,,,
Golden Liquor Store,"3924 N Figueroa St, Los Angeles, CA 90065",,California,Los Angeles,,90065,,,,4.5,,,,,
Friendly Liquor,"1499 Thomas Ave, San Francisco, CA 94124",,California,San Francisco,,94124,,,,4,,,,,
Westside Liquor - LA,"3501 So. Centinela Ave , Los Angeles , CA 90066",,California,Los Angeles,,90066,,,,3.8,,,,,
ANS Liquor & Market,"11701 W Pico Blvd, Los Angeles, CA 90064",,California,Los Angeles,,90064,,,,3.8,,,,,
Astros liquor,"259 W Imperial Hwy, Los Angeles, CA 90061",,California,Los Angeles,,90061,,,,5,,,,,
Golden 7,"940 Columbus Ave, San Francisco, CA 94133",,California,San Francisco,,94133,,,,4.6,,,,,
Ferry Plaza Wine Merchant,"1 Ferry Building Shop 23, San Francisco, CA 94111",,California,San Francisco,,94111,,,,4.4,,,,,
Big Bear Liquor & Market,"2600 1st St, Los Angeles, CA 90033",,California,Los Angeles,,90033,,,,4.6,,,,,
Harry's Liquor Store,"11315 S Main St, Los Angeles, CA 90061",,California,Los Angeles,,90061,,,,4.3,,,,,
United Liquor Market,"5298 Mission St, San Francisco, CA 94112",,California,San Francisco,,94112,,,,4.8,,,,,
Astro Liquor,"10000 S Avalon Blvd, Los Angeles, CA 90003",,California,Los Angeles,,90003,,,,4.3,,,,,
Andys Liquor,"440 W Manchester Blvd, Inglewood, CA 90301",,California,Inglewood,,90301,,,,4.2,,,,,
Cheers Beers Market,"4307 Griffin Ave, Los Angeles, CA 90031",,California,Los Angeles,,90031,,,,4.5,,,,,
Anchorage Liquor and Deli,"580 Beach St, San Francisco, CA 94133",,California,San Francisco,,94133,,,,2.9,,,,,
Spotts Liquor,"4195 Fairmount Avenue , San Diego, CA 92105",,California,San Diego,,92105,,,,4.5,,,,,
State Market Liquor #6,"1231 Geneva Ave, San Francisco, CA 94112",,California,San Francisco,,94112,,,,4.3,,,,,
Forum Liquor,"801 S Prairie Ave, Inglewood, CA 90301",,California,Inglewood,,90301,,,,4.2,,,,,
Flask Fine Wine & Whisky,"12194 Ventura Blvd, Studio City, CA 91604",,California,Studio City,,91604,,,,4.4,,,,,
"Cordova Market - Grocery, Meat, Produce, Liquor & Craft Beer","301 Rolph St, San Francisco, CA 94112",,California,San Francisco,,94112,,,,4.4,,,,,
Fickett Market,"711 North Sickett Street, Los Angeles, CA 90033",,California,Los Angeles,,90033,,,,4.5,,,,,
Stans Liquor,"842 W Manchester Blvd, Inglewood, CA 90301",,California,Inglewood,,90301,,,,4,,,,,
Clem's Bottle House,"4100 Adams Ave, San Diego, CA 92116",,California,San Diego,,92116,,,,4.7,,,,,
Party time liquor,"3435 Euclid Ave, San Diego, CA 92105",,California,San Diego,,92105,,,,4.5,,,,,
Colfax Liquor,"11710 Riverside Dr, North Hollywood, CA 91607",,California,North Hollywood,,91607,,,,4.5,,,,,
Jans Liquor,"12300 W Pico Blvd, Los Angeles, CA 90064",,California,Los Angeles,,90064,,,,4.3,,,,,
Van's market liquor,"12707 Washington Pl, Los Angeles, CA 90066",,California,Los Angeles,,90066,,,,3.9,,,,,
Reggie's Liquor & Jr Market,"10004 S Central Ave, Los Angeles, CA 90002",,California,Los Angeles,,90002,,,,4.1,,,,,
Top Shelf Liquor,"10625 S Prairie Ave, Inglewood, CA 90303",,California,Inglewood,,90303,,,,3.7,,,,,
"An's Market Liquor | Beer, Wine & Spirits","1196 S Lorena St, Los Angeles, CA 90023",,California,Chino,,90023,,,,4.6,,,,,
La Brea Discount Liquor,"707 S La Brea Ave, Inglewood, CA 90301",,California,Inglewood,,90301,,,,4.3,,,,,
H & K Liquor & Deli,"1300 Fitzgerald Ave, San Francisco, CA 94124",,California,San Francisco,,94124,,,,4.4,,,,,
Liquor Warehouse,"10023 S Prairie Ave, Inglewood, CA 90303",,California,Inglewood,,90303,,,,4.3,,,,,
Grande Vista Liquor & Market,"3124 East 4th St, Los Angeles, CA 90063",,California,Los Angeles,,90063,,,,4.2,,,,,
Cherokee Market Beer & Wine,"4600 Cherokee Ave, San Diego, CA 92116",,California,San Diego,,92116,,,,4.6,,,,,
Brothers Market,"5501 Mission St, San Francisco, CA 94112",,California,San Francisco,,94112,,,,4.4,,,,,
Maddox Liquor,"3243 Fairmount Ave, San Diego, CA 92105",,California,San Diego,,92105,,,,4.5,,,,,
Snappy Food Mart,"4172 W Imperial Hwy, Inglewood, CA 90304",,California,Inglewood,,90304,,,,4.1,,,,,
Century Jr. Liquor Market,"4082 W Century Blvd, Inglewood, CA 90304",,California,Inglewood,,90304,,,,4.4,,,,,
Athens Liquor Store,"12000 S Figueroa St, Los Angeles, CA 90061",,California,Los Angeles,,90061,,,,4,,,,,
Soto Liquor Market,"1602 N Soto St, Los Angeles, CA 90033",,California,Los Angeles,,90033,,,,4.1,,,,,
Robert's Market,"5744 W Manchester Avenue , Los Angeles , CA 90045",,California,Los Angeles,,90045,,,,4.2,,,,,
Star Liquor,"201 W Arbor Vitae St, Inglewood, CA 90301",,California,Inglewood,,90301,,,,4.3,,,,,
Bine & Vine Bottle Shop,"3334 Adams Ave, San Diego, CA 92116",,California,San Diego,,92116,,,,4.8,,,,,
Teddy’s market & Liquor store,"298 Teddy Ave, San Francisco, CA 94134",,California,San Francisco,,94134,,,,4.1,,,,,
Handy Liquor,"3001 Adams Ave, San Diego, CA 92116",,California,San Diego,,92116,,,,4.9,,,,,
John's Avalon Liquor,"12003 S Avalon Blvd # 101, Los Angeles, CA 90061",,California,Los Angeles,,90061,,,,4.2,,,,,
Liquor & Joy,"1013 W El Segundo Blvd, Gardena, CA 90247",,California,Gardena,,90247,,,,4.1,,,,,
Speedy Spot Liquor,"1190 S La Brea Ave, Inglewood, CA 90301",,California,Inglewood,,90301,,,,3.7,,,,,
Sunny Liquor & Market,"12815-12817 Venice Blvd., Los Angeles, CA 90066",,California,Los Angeles,,90066,,,,4.8,,,,,
Poplar Liquor,"4232 Poplar St, San Diego, CA 92105",,California,San Diego,,92105,,,,4.5,,,,,
Corey's Liquor Store,"3605 University Ave #2316, San Diego, CA 92104",,California,San Diego,,92104,,,,4.5,,,,,
Happy's Liquor,"4172 Norse Way, Long Beach, CA 90808",,California,Long Beach,,90808,,,,4.5,,,,,
Meme's Liquor Market,"12929 Normandie Ave, Gardena, CA 90247",,California,Gardena,,90249,,,,4.3,,,,,
Pacific Liquor,"2931 El Cajon Blvd, San Diego, CA 92104",,California,San Diego,,92104,,,,4.5,,,,,
Adams Wine & Spirits,"2740 Adams Ave, San Diego, CA 92116",,California,San Diego,,92116,,,,4.3,,,,,
Signature Wines & Spirits,"2717 Ocean Park Blvd, Santa Monica, CA 90405",,California,Santa Monica,,90405,,,,4.0,,,,,
Bottlecraft North Park,"3007 University Ave, San Diego, CA 92104",,California,San Diego,,92104,,,,4.7,,,,,
Glenn's Market,"2861 University Ave, San Diego, CA 92104",,California,San Diego,,92104,,,,4.4,,,,,
Ray's Liquor Center,"3041 30th St, San Diego, CA 92104",,California,San Diego,,92104,,,,4.6,,,,,
Fox Liquors #2,"2168 East 92nd Street, Los Angeles, CA 90002",,California,Los Angeles,,90002,,,,4.4,,,,,
Kings Liquor - Gardena,"13901 Van Ness Ave, Gardena, CA 90249",,California,Gardena,,90249,,,,4.3,,,,,
Happy Time Liquor,"2567 University Ave, San Diego, CA 92104",,California,San Diego,,92104,,,,4.9,,,,,
Quality Liquor Store,"2329 Madison Ave, San Diego, CA 92116",,California,San Diego,,92116,,,,4.2,,,,,
JACK'S LIQUOR MARKET,"4700 W Imperial Hwy, Inglewood, CA 90304",,California,Inglewood,,90304,,,,3.4,,,,,
Old Green Mill,"4520 San Fernando Rd, Glendale, CA 91204",,California,Glendale,,91204,,,,4.5,,,,,
Village Market Liquor,"2713 W Olive Ave, Burbank, CA 91505",,California,Burbank,,91505,,,,4.6,,,,,
Boulevard Liquor,"2105 El Cajon Blvd, San Diego, CA 92104",,California,San Diego,,92104,,,,4.6,,,,,
K C Liquor Store,"4128 Orange Ave, Long Beach, CA 90807",,California,Long Beach,,90807,,,,4.1,,,,,
Circus liquor LAX,"5014 W Century Blvd, Inglewood, CA 90304",,California,Inglewood,,90304,,,,4.3,,,,,
Brockton Liquor,"11932 Santa Monica Blvd, Los Angeles, CA 90025",,California,Los Angeles,,90025,,,,3.5,,,,,
S & P Liquor Store,"13007 Prairie Ave, Hawthorne, CA 90250",,California,Hawthorne,,90250,,,,4.2,,,,,
Sunshine Market & Liquor,"3824 Park Blvd, San Diego, CA 92103",,California,San Diego,,92103,,,,4.5,,,,,
Valley Village Liquor and Wine,"5144 Colfax Avenue , Los Angeles , CA 91601",,California,Los Angeles,,91601,,,,4.6,,,,,
G.I. Liquor,"9319 Alameda St, Los Angeles, CA 90002",,California,Los Angeles,,90002,,,,4.3,,,,,
Vercher's Central Liquor Store,"12020 S Central Ave, Los Angeles, CA 90059",,California,Los Angeles,,90059,,,,4.1,,,,,
California Heights Market,"3766 Orange Ave, Long Beach, CA 90807",,California,Long Beach,,90807,,,,4.7,,,,,
Corked,"4100 Atlantic Ave, Long Beach, CA 90807",,California,Long Beach,,90807,,,,4.6,,,,,
Surfside Liquors,"950 Innes Ave, San Francisco, CA 94124",,California,San Francisco,,94124,,,,4.7,,,,,
Beverage Warehouse,"4935 McConnell Ave #21, Los Angeles, CA 90066",,California,Los Angeles,,90066,,,,4.7,,,,,
Gene's Liquor & Deli,"2201 Taraval St, San Francisco, CA 94116",,California,San Francisco,,94116,,,,4.5,,,,,
Hills Wine & Spirits,"3981 Eagle St, San Diego, CA 92103",,California,San Diego,,92103,,,,4.6,,,,,
Tradewinds Liquor Store,"3111 54th St, San Diego, CA 92105",,California,San Diego,,92105,,,,3.9,,,,,
Clos Wine Shop,"4521 Park Blvd, San Diego, CA 92116",,California,San Diego,,92116,,,,4.9,,,,,
Nate's Friendly Liquor Store,"4412 Huntington Dr S, Los Angeles, CA 90032",,California,Los Angeles,,90032,,,,4.4,,,,,
Cottage Drive-In Liquor,"3747 park blvd, San Diego, CA 92103",,California,San Diego,,92103,,,,4.3,,,,,
Harp's Liquor,"6917 Lankershim Blvd, North Hollywood, CA 91605",,California,North Hollywood,,91605,,,,4.3,,,,,
Louie's Liquor II,"13360 Sherman Way , Los Angeles , CA 91605",,California,Los Angeles,,91605,,,,4.5,,,,,
Summer's Liquor,"4602 park blvd, San Diego, CA 92116",,California,San Diego,,92116,,,,4.3,,,,,
USA Liquor,"6530 Lankershim Blvd A#B, North Hollywood, CA 91606",,California,North Hollywood,,91606,,,,4.8,,,,,
Happy's Liquor - S. Indiana St.,"405 South Indiana Street, Los Angeles, CA 90063",,California,Los Angeles,,90063,,,,4.6,,,,,
Happy's Liquor & Market,"4412-14 Huntington Dr S, Los Angeles, CA 90032",,California,Los Angeles,,90032,,,,4.5,,,,,
Sunset Plaza Liquor and Jr Market,"2602 Pico Blvd, Santa Monica, CA 90405",,California,Santa Monica,,90405,,,,4.0,,,,,
Topline Wine,"556 Riverdale Dr, Glendale, CA 91204",,California,Glendale,,91204,,,,4.6,,,,,
K-1 Liquor Market,"13056 Sherman Way, North Hollywood, CA 91605",,California,North Hollywood,,91605,,,,4.0,,,,,
G S Tobacco & Liquor,"2222 W Redondo Beach Blvd, Torrance, CA 90504",,California,Torrance,,90504,,,,4.7,,,,,
Marc's Liquor,"4177 N Bellflower Blvd, Long Beach, CA 90808",,California,Long Beach,,90808,,,,4.3,,,,,
Woody's Liquor,"5799 Mission St, San Francisco, CA 94112",,California,San Francisco,,94112,,,,3.9,,,,,
California Liquor,"3013 Juniper St, San Diego, CA 92104",,California,San Diego,,92104,,,,4.5,,,,,
Del Mesa Liquor,"6090 Friars Rd, San Diego, CA 92108",,California,San Diego,,92108,,,,4.2,,,,,
Mission Hills Liquor,"1630 W Lewis St, San Diego, CA 92103",,California,San Diego,,92103,,,,4.8,,,,,
Bixby Knolls Liquor Store,"4507 Orange Ave, Long Beach, CA 90807",,California,Long Beach,,90807,,,,3.6,,,,,
The Bottle House,"3012 Grape Street, San Diego, CA 92102",,California,San Diego,,92102,,,,4.7,,,,,
Liquor Land,"3580 Long Beach Blvd #3905, Long Beach, CA 90807",,California,Long Beach,,90807,,,,4.7,,,,,
Noho Wine & Spirits,"5940 Lankershim Blvd, North Hollywood, CA 91601",,California,North Hollywood,,91601,,,,4.5,,,,,
Wonderland Liquor,"1178 W Katella Ave, Anaheim, CA 92802",,California,Anaheim,,92802,,,,3.9,,,,,
Green Mill Liquor,"3812 Whittier Blvd, Los Angeles, CA 90023",,California,Los Angeles,,90023,,,,4.4,,,,,
The Liquor Store,"3563 East Cesar E Chavez Avenue, Los Angeles, CA 90063",,California,Los Angeles,,90063,,,,3.9,,,,,
Eddie's Liquor & Jr Market,"3400 Orange Ave, Long Beach, CA 90807",,California,Long Beach,,90807,,,,4.5,,,,,
Oscar's Market & Liquor Store,"4210 Market St, San Diego, CA 92102",,California,San Diego,,92102,,,,4.6,,,,,
Ace Liquor,"12211 Long Beach Blvd, Lynwood, CA 90262",,California,Lynwood,,90262,,,,4.1,,,,,
C & W Liquor,"12903 S. Willowbrook Ave, Compton, CA 90222",,California,Compton,,90222,,,,4.4,,,,,
Julien's Liquor,"12109 Long Beach Blvd, Lynwood, CA 90262",,California,Lynwood,,90262,,,,4.2,,,,,
Ladd Liquor,"11336 Vanowen Street, Los Angeles, CA 91605",,California,Los Angeles,,91605,,,,4.0,,,,,
Party Time Liquor,"4101 Market St, San Diego, CA 92102",,California,San Diego,,92102,,,,4.6,,,,,
Barney’s Liquor,"5001 Monte Vista St, Los Angeles, CA 90042",,California,Los Angeles,,90042,,,,4.1,,,,,
US LIQUORLAND,"1770 S Harbor Blvd # 124, Anaheim, CA 92802",,California,Anaheim,,92802,,,,1.6,,,,,
ABC Liquor,"12435 Haster St, Garden Grove, CA 92840",,California,Garden Grove,,92840,,,,4.4,,,,,
Eastman Liquor store,"3984 Whittier Blvd, Los Angeles, CA 90023",,California,Los Angeles,,90023,,,,3.9,,,,,
Norman's Liquor,"733 Randolph St, San Francisco, CA 94132",,California,San Francisco,,94132,,,,4.1,,,,,
M & N Liquor,"3020 Woodruff Ave, Long Beach, CA 90808",,California,Long Beach,,90808,,,,4,,,,,
S K Liquor Mart,"15202 Prairie Ave, Lawndale, CA 90260",,California,Lawndale,,90260,,,,4.4,,,,,
US Liquor,"3122 N Los Coyotes Diagonal, Long Beach, CA 90808",,California,Long Beach,,90808,,,,4.7,,,,,
G & G Liquors,"14989 Prairie Ave, Lawndale, CA 90260",,California,Lawndale,,90260,,,,3.8,,,,,
Jigger Liquor Store,"13041 W Chapman Ave, Orange, CA 92868",,California,Orange,,92868,,,,3.5,,,,,
Hero's Liquor,"9510 Katella Ave, Anaheim, CA 92804",,California,Anaheim,,92804,,,,3.9,,,,,
Kings Liquor & Junior Market,"500 W Orangewood Ave, Anaheim, CA 92802",,California,Anaheim,,92802,,,,4.1,,,,,
P & J Liquor,"1679 W Katella Ave, Anaheim, CA 92802",,California,Anaheim,,92802,,,,4.6,,,,,
ShopSK,"10500 Magnolia Ave, Anaheim, CA 92804",,California,Anaheim,,92804,,,,4.3,,,,,
ShopSK - Van Nuys,"7227 Van Nuys Boulevard, Los Angeles, CA 91405",,California,Los Angeles,,91405,,,,N/A,,,,,
H & C Liquor,"1701 S Brookhurst St, Anaheim, CA 92804",,California,Anaheim,,92804,,,,4.4,,,,,
Joe’s Liquor,"1845 W Katella Ave, Anaheim, CA 92804",,California,Anaheim,,92804,,,,4.2,,,,,
Orange Liquor Market,"511 W Chapman Ave, Anaheim, CA 92802",,California,Anaheim,,92802,,,,3.9,,,,,
Purdy's Liquor,"5919 W 98th St, Los Angeles, CA 90045",,California,Los Angeles,,90045,,,,4.3,,,,,
Alex's Liquor Store,"12035 Magnolia Blvd, Valley Village, CA 91607",,California,Valley Village,,91607,,,,4.6,,,,,
Host Shop Liquor,"2265 N Lakewood Blvd #2507, Long Beach, CA 90815",,California,Long Beach,,90815,,,,4,,,,,
Booze & Brews #2,"4803 Whitsett Ave, Valley Village, CA 91607",,California,Valley Village,,91607,,,,4.6,,,,,
Hi-Crest Liquor & Jr Market,"12055 Chapman Ave, Garden Grove, CA 92840",,California,Garden Grove,,92840,,,,4.2,,,,,
ABC Liquor 14,"4029 W Chapman Ave, Orange, CA 92868",,California,Orange,,92868,,,,4.3,,,,,
Corked,"4360 Stearns St, Long Beach, CA 90815",,California,Long Beach,,90815,,,,4.7,,,,,
Dales Liquor,"14040 Burbank Blvd, Sherman Oaks, CA 91401",,California,Sherman Oaks,,91401,,,,4.2,,,,,
Duke's Sportsman Liquor Store,"3918 City Terrace Dr, Los Angeles, CA 90063",,California,Los Angeles,,90063,,,,4.4,,,,,
JS Liquor,"3133 Artesia Blvd, Torrance, CA 90504",,California,Torrance,,90504,,,,4.3,,,,,
Mission Liquor - Burbank Blvd,"13654 Burbank Boulevard, Los Angeles, CA 91401",,California,Los Angeles,,91401,,,,4.7,,,,,
Veeco Liquor Stores,"1500 S Euclid St, Anaheim, CA 92802",,California,Anaheim,,92802,,,,4.1,,,,,
Willow Glen Liquor & Market,"450 Willow Glen Way, San Jose, CA 95125",,California,San Jose,,95125,,,,4.1,,,,,
Eddies Liquor,"2215 Artesia Blvd, Torrance, CA 90504",,California,Torrance,,90504,,,,4.4,,,,,
Hughie's Liquor,"12121 Magnolia Blvd, Valley Village, CA 91607",,California,Valley Village,,91607,,,,4.1,,,,,
Liquor Palace 2,"13649 Burbank Blvd, Van Nuys, CA 91401",,California,Sherman Oaks,,91401,,,,4.4,,,,,
Stanton Liquor,"9001 Katella Ave, Anaheim, CA 92804",,California,Anaheim,,92804,,,,4.1,,,,,
Eddies Liquor & Jr. Market,"2045 20th St, Santa Monica, CA 90404",,California,Santa Monica,,90404,,,,4.3,,,,,
Go Go Liquor,"2439 W Ball Rd, Anaheim, CA 92804",,California,Anaheim,,92804,,,,4.4,,,,,
Highland Liquor#2 Market,"12062 West St, Garden Grove, CA 92840",,California,Garden Grove,,92840,,,,4.3,,,,,
Magicland Market,"220 E Katella Ave, Anaheim, CA 92802",,California,Anaheim,,92802,,,,3.9,,,,,
Malone Food & Liquor,"830 Malone Rd, San Jose, CA 95125",,California,San Jose,,95125,,,,4.4,,,,,
Pat's Liquor Mart,"12392 Brookhurst St, Garden Grove, CA 92840",,California,Garden Grove,,92840,,,,4.3,,,,,
Triangle Liquor,"8120 Sepulveda Boulevard , Los Angeles , CA 91402",,California,Los Angeles,,91402,,,,4.3,,,,,
La Paz Liquor,"4101 W Magnolia Blvd, Burbank, CA 91505",,California,Burbank,,91505,,,,4,,,,,
Ruby's liquor,"5442 Del Amo Blvd, Long Beach, CA 90808",,California,Long Beach,,90808,,,,4.7,,,,,
Lincoln Avenue Liquor & Deli,"2049 Lincoln Ave, San Jose, CA 95125",,California,San Jose,,95125,,,,3.6,,,,,
Lucky Mart and Liquor,"10074 Chapman Ave, Garden Grove, CA 92840",,California,Garden Grove,,92840,,,,4.2,,,,,
Vucko's Liquors,"1585 Meridian Ave, San Jose, CA 95125",,California,San Jose,,95125,,,,4.2,,,,,
Lucky 7 Liquor & Market,"13225 Garden Grove Blvd, Garden Grove, CA 92843",,California,Garden Grove,,92843,,,,4.5,,,,,
Lucky Dog Liquor,"3615 Artesia Blvd, Torrance, CA 90504",,California,Torrance,,90504,,,,4.9,,,,,
Village Liquors & Grocery,"2285 Lincoln Ave, San Jose, CA 95125",,California,San Jose,,95125,,,,3.3,,,,,
Wine Expo,"2933 Santa Monica Blvd, Santa Monica, CA 90404",,California,Santa Monica,,90404,,,,4.5,,,,,
Chappy's Liquor,"9682 Chapman Ave, Garden Grove, CA 92841",,California,Garden Grove,,92841,,,,4.5,,,,,
Beach Ball Liquors & Wines,"1218 S Beach Blvd, Anaheim, CA 92804",,California,Anaheim,,92804,,,,4.2,,,,,
Liqour,"9731 #b, Galway St, Garden Grove, CA 92841",,California,Garden Grove,,92841,,,,2.3,,,,,
7 Days Liquor & Jr Market,"5401 Cherry Ave, Long Beach, CA 90805",,California,Long Beach,,90805,,,,4.4,,,,,
Starz Liquor,"1800 W Olive Ave, Burbank, CA 91506",,California,Burbank,,91506,,,,4.6,,,,,
7 Days Liquor Store,"1700 Victory Blvd, Glendale, CA 91201",,California,Glendale,,91201,,,,4.3,,,,,
Day & Night Liquor,"1002 Venice Boulevard, Los Angeles, CA 90291",,California,Los Angeles,,90291,,,,2.5,,,,,
Palomar market,"1802 W Washington St, San Diego, CA 92103",,California,San Diego,,92103,,,,4.2,,,,,
Alma's Liquor,"148 W Alma Ave C, San Jose, CA 95110",,California,San Jose,,95110,,,,4.5,,,,,
Anaheim Liquor,"937 S Euclid St, Anaheim, CA 92802",,California,Anaheim,,92802,,,,4,,,,,
Cork'n Bottle,"5166 E Imperial Hwy, Lynwood, CA 90262",,California,Lynwood,,90262,,,,4.7,,,,,
Nickey's Liquor Mart,"12011 Garden Grove Blvd, Garden Grove, CA 92843",,California,Garden Grove,,92843,,,,3.6,,,,,
Bi Rite Market,"2228 First Ave., San Diego, CA 92101",,California,San Diego,,92101,,,,4,,,,,
Cherry Liquors,"1443 Bird Ave., San Jose, CA 95125",,California,San Jose,,95125,,,,4.2,,,,,
Gardens Liquor Inc,"11562 Garden Grove Blvd, Garden Grove, CA 92843",,California,Garden Grove,,92843,,,,4.4,,,,,
Stadium liquor,"1459 S Anaheim Blvd, Anaheim, CA 92805",,California,Anaheim,,92805,,,,4.4,,,,,
Ace Liquor Jr Market,"1740 S Victory Blvd, Glendale, CA 91201",,California,Glendale,,91201,,,,4.5,,,,,
Esquire Liquor,"5300 San Fernando Rd # A, Glendale, CA 91203",,California,Glendale,,91203,,,,3.7,,,,,
Lindy's Liquor Warehouse,"11720 Aviation Blvd, Inglewood, CA 90304",,California,Inglewood,,90304,,,,4.1,,,,,
San Diego Wine & Spirits,"2244 San Diego Ave A, San Diego, CA 92110",,California,San Diego,,92110,,,,4.4,,,,,
El Rancho • Taquería y Liquors,"1401 Almaden Rd, San Jose, CA 95125",,California,San Jose,,95125,,,,4.3,,,,,
Eva's Liquor Store,"4139 City Terrace Dr, Los Angeles, CA 90063",,California,Los Angeles,,90063,,,,4.5,,,,,
Family Liquor & Water Market,"2034 W Lincoln Ave, Anaheim, CA 92801",,California,Anaheim,,92801,,,,4.9,,,,,
Heroes Liquor Market,"13161 Harbor Blvd, Garden Grove, CA 92843",,California,Garden Grove,,92843,,,,3.6,,,,,
Hero's liquor & Market,"13211 Brookhurst St ate A, Garden Grove, CA 92843",,California,Garden Grove,,92843,,,,3.4,,,,,
Monterey Liquors,"1651 Monterey St, San Jose, CA 95112",,California,San Jose,,95112,,,,3.8,,,,,
Calimex Market & Liquor,"318 N Brookhurst St, Anaheim, CA 92801",,California,Anaheim,,92801,,,,4.4,,,,,
Stagecoach Liquor,"2701 W Lincoln Ave, Anaheim, CA 92801",,California,Anaheim,,92801,,,,4.3,,,,,
Star Keg Liquor,"10664 Garden Grove Blvd, Garden Grove, CA 92843",,California,Garden Grove,,92843,,,,4.3,,,,,
BWS Beer Wine & Spirit,"940 Willow St, San Jose, CA 95125",,California,San Jose,,95125,,,,4.5,,,,,
Campus Liquor,"5427 El Cajon Blvd, San Diego, CA 92115",,California,San Diego,,92115,,,,3.8,,,,,
Compton Market,"625 W Compton Blvd, Compton, CA 90220",,California,Compton,,90220,,,,4.2,,,,,
Jerrys Liquor,"10320 Westminster Ave, Garden Grove, CA 92843",,California,Garden Grove,,92843,,,,3.8,,,,,
One Stop Liquor Inc,"801 Lincoln Ave, San Jose, CA 95126",,California,San Jose,,95126,,,,4.1,,,,,
Papa Joe's liquor and market,"2745 W Lincoln Ave #6332, Anaheim, CA 92801",,California,Anaheim,,92801,,,,4.8,,,,,
Royal Liquor,"5600 Cahuenga Boulevard, Los Angeles, CA 91601",,California,Los Angeles,,91601,,,,4.5,,,,,
Walker's Liquor & Deli,"1841 W Lincoln Ave Suite D, Anaheim, CA 92801",,California,Anaheim,,92801,,,,4.6,,,,,
BevMo!,"1133 Lincoln Ave, San Jose, CA 95125",,California,San Jose,,95125,,,,4.4,,,,,
Fox Liquor Market,"5402 Orange Ave, Long Beach, CA 90805",,California,Long Beach,,90805,,,,3.9,,,,,
R & D Liquors,"662 Willow St, San Jose, CA 95125",,California,San Jose,,95125,,,,4.2,,,,,
Hanshaw Liquors,"10971 Westminster Ave, Garden Grove, CA 92843",,California,Garden Grove,,92843,,,,4.0,,,,,
Liquor Zone,"424 S Central Ave, Glendale, CA 91204",,California,Glendale,,91204,,,,4.6,,,,,
Van's Liquor Market,"901 S Harbor Blvd, Anaheim, CA 92805",,California,Anaheim,,92805,,,,4,,,,,
VIRA MARKET & LIQUOR,"6189 Mission St, Daly City, CA 94014",,California,Daly City,,94014,,,,4.9,,,,,
B & B Liquor,"9782 Westminster Ave, Garden Grove, CA 92844",,California,Garden Grove,,92844,,,,4.9,,,,,
House of Liquor,"465 W Broadway, Glendale, CA 91204",,California,Glendale,,91204,,,,5.0,,,,,
Johny's Liquor,"2500 W Lincoln Ave #13, Anaheim, CA 92801",,California,Anaheim,,92801,,,,5,,,,,
Magic liquor (Disny Liquor Before),"135 W Ball Rd Unit B, Anaheim, CA 92805",,California,Anaheim,,92805,,,,4.7,,,,,
Chapman Liquor,"1721 W Chapman Ave, Orange, CA 92868",,California,Orange,,92868,,,,4.4,,,,,
Five Points Liquor Store,"1779 W Lincoln Ave, Anaheim, CA 92801",,California,Anaheim,,92801,,,,3.9,,,,,
Hype Liquors,"1290 S Bascom Ave unit d, San Jose, CA 95128",,California,San Jose,,95128,,,,4.9,,,,,
The Ultimate Liquor Jr. Market,"14461 Brookhurst St, Garden Grove, CA 92844",,California,Garden Grove,,92844,,,,4.3,,,,,
Williams Liquors,"1064 Leigh Ave #4152, San Jose, CA 95126",,California,San Jose,,95126,,,,4.1,,,,,
Airline Liquors,"11924 Aviation Blvd, Inglewood, CA 90304",,California,Inglewood,,90304,,,,4.6,,,,,
D & B Food Store & Liquor,"13518 Harbor Blvd # A1, Garden Grove, CA 92843",,California,Garden Grove,,92843,,,,3.6,,,,,
Minit Mart Market,"2351 Ulric st, San Diego, CA 92111",,California,San Diego,,92111,,,,4.6,,,,,
El Sereno Liquor,"3327 N Eastern Ave, Los Angeles, CA 90032",,California,Los Angeles,,90032,,,,4,,,,,
Jaroco Market,"1148 25th St, San Diego, CA 92102",,California,San Diego,,92102,,,,4.5,,,,,
Kenny's Liquor Market,"3070 W Lincoln Ave, Anaheim, CA 92801",,California,Anaheim,,92801,,,,4.0,,,,,
Bottle Liquor & Spirit,"4502 W 1st St, Santa Ana, CA 92703",,California,Santa Ana,,92703,,,,4.5,,,,,
Crocker Market & Liquors,"98 Crocker Ave, Daly City, CA 94014",,California,Daly City,,94014,,,,4.7,,,,,
David's Friendly Market Liquor & Check Cashing,"543 32nd St, San Diego, CA 92102",,California,San Diego,,92102,,,,4.3,,,,,
5 Points Liquor #2,"3079 W Lincoln Ave Unit D, Anaheim, CA 92801",,California,Anaheim,,92801,,,,4.2,,,,,
Belwood Liquor,"12045 Roscoe Blvd, Sun Valley, CA 91352",,California,Sun Valley,,91352,,,,3.9,,,,,
Adolfo's Liquor Store,"2734 N Bristol St, Santa Ana, CA 92706",,California,Santa Ana,,92706,,,,4.4,,,,,
Odyssey Liquor,"3400 E Pacific Coast Hwy, Long Beach, CA 90804",,California,Long Beach,,90804,,,,4.5,,,,,
ABC Liquor,"3709 W 190th St, Torrance, CA 90504",,California,Torrance,,90504,,,,4.5,,,,,
Liquor Stop N Shop Mini Market,"12552 Westminster Ave, Garden Grove, CA 92843",,California,Santa Ana,,92706,,,,4.2,,,,,
Windsor Liquor,"801 S Glendale Ave #6, Glendale, CA 91205",,California,Glendale,,91205,,,,4.8,,,,,
Liquor Mart,"804 S Anaheim Blvd, Anaheim, CA 92805",,California,Anaheim,,92805,,,,4,,,,,
Party Time Liquor,"1350 Sixth Ave #130, San Diego, CA 92101",,California,San Diego,,92101,,,,4.8,,,,,
Foxworthy Liquors,"1417 Foxworthy Ave, San Jose, CA 95118",,California,San Jose,,95118,,,,4.4,,,,,
Keg N Bottle - El Cajon,"6060 El Cajon Blvd, San Diego, CA 92115",,California,San Diego,,92115,,,,4.4,,,,,
Linda Liquor,"6950 Linda Vista Rd, San Diego, CA 92111",,California,San Diego,,92111,,,,4.6,,,,,
Mickys Liquor,"4904 Huntington Dr, Los Angeles, CA 90032",,California,Los Angeles,,90032,,,,3.7,,,,,
Para Liquor,"5660 Paramount Blvd, Long Beach, CA 90805",,California,Long Beach,,90805,,,,4,,,,,
Rosecrans Liquor #9,"3337 E South St, Long Beach, CA 90805",,California,Long Beach,,90805,,,,4.0,,,,,
Seabee Liquor,"3000 Taraval St, San Francisco, CA 94116",,California,San Francisco,,94116,,,,4,,,,,
American Market,"1710 Lake St, Glendale, CA 91201",,California,Glendale,,91201,,,,4.1,,,,,
D&M Liquor,"McFadden Ave, Garden Grove, CA 92843",,California,Garden Grove,,92843,,,,4.4,,,,,
Fruitdale Liquors,"2169 Fruitdale Ave, San Jose, CA 95128",,California,San Jose,,95128,,,,4.5,,,,,
Ocean View Liquor Store,"3744 Ocean View Blvd, San Diego, CA 92113",,California,San Diego,,92113,,,,4.1,,,,,
One Stop Market Food & liquor,"2561 Newhall St, Santa Clara, CA 95050",,California,Santa Clara,,95050,,,,3.4,,,,,
"First Stop Liquor - Spirit, Beer, & Wine Delivery!","1000 W Lincoln Ave, Anaheim, CA 92805",,California,Anaheim,,92805,,,,4.1,,,,,
Magnolia Liquor Market,"13045 Magnolia St. Garden Grove, CA 92844",,California,Garden Grove,,92844,,,,4.0,,,,,
Miami Liquor and Food,"876 The Alameda, San Jose, CA 95126",,California,San Jose,,95126,,,,4.0,,,,,
Tri-City Liquor & Deli,"13421 Lakewood Blvd, Downey, CA 90242",,California,Downey,,90242,,,,3.3,,,,,
Magnolia Market Inc,"540 N Magnolia Ave, Anaheim, CA 92801",,California,Anaheim,,92801,,,,4.1,,,,,
Michael's Liquor,"13417 Lakewood Blvd, Downey, CA 90242",,California,Downey,,90242,,,,4,,,,,
Tony's Liquor Store,"13368 Ventura Blvd, Sherman Oaks, CA 91423",,California,Sherman Oaks,,91423,,,,4.1,,,,,
Palm Tree Liquor & Food Mart,"3014 N Studebaker Rd # B, Long Beach, CA 90808",,California,Long Beach,,90808,,,,4.3,,,,,
paul's imperio liquors #2,"134 E San Salvador St, San Jose, CA 95112",,California,San Jose,,95112,,,,3.9,,,,,
Dave & Mina Liquor Mart,"5125 W Edinger Ave, Santa Ana, CA 92704",,California,Santa Ana,,92704,,,,4.3,,,,,
Flask Highland Park,"5900 North Figueroa Street, Los Angeles, CA 90042",,California,Los Angeles,,90042,,,,5.0,,,,,
Cherry Liquor,"6069 Cherry Ave, Long Beach, CA 90805",,California,Long Beach,,90805,,,,4.6,,,,,
Nady's Market,"652 S Harbor Blvd, Santa Ana, CA 92704",,California,Santa Ana,,92704,,,,4.1,,,,,
Grizzly Spirits,"2364 Pruneridge Ave, Santa Clara, CA 95050",,California,Santa Clara,,95050,,,,4.7,,,,,
M & M Liquor & Grocery Store,"2051 Scott St, San Jose, CA 95128",,California,San Jose,,95128,,,,4.1,,,,,
Ball Road Liquor,"3200 W Ball RD, Anaheim, CA 92804",,California,Anaheim,,92804,,,,4.4,,,,,
Del's Liquor Store,"4935 Long Beach Blvd, Long Beach, CA 90805",,California,Long Beach,,90805,,,,4.2,,,,,
El Barato Liquor and Market,"5306 Atlantic Blvd, Maywood, CA 90270",,California,Maywood,,90270,,,,4.8,,,,,
Crazy Liquor & Spirits,"8604 Garden Grove Blvd, Garden Grove, CA 92844",,California,Garden Grove,,92844,,,,4.7,,,,,
JM Liquor,"3801 Noriega St, San Francisco, CA 94122",,California,San Francisco,,94122,,,,4.5,,,,,
Stadium Market,"356 Keyes St, San Jose, CA 95112",,California,San Jose,,95112,,,,4.4,,,,,
Alameda Liquor,"929 S Victory Blvd, Burbank, CA 91502",,California,Burbank,,91502,,,,4.5,,,,,
Captain Don's Liquor & General,"12820 Paramount Blvd, Downey, CA 90242",,California,Downey,,90242,,,,4.5,,,,,
On the Way Liquor & Convenient,"10150 Warner Ave, Fountain Valley, CA 92708",,California,Fountain Valley,,92708,,,,4.3,,,,,
Double Lucky Liquor,"3411 E Artesia Blvd, Long Beach, CA 90805",,California,Long Beach,,90805,,,,5,,,,,
Joe's Liquor Store,"3606 Santa Fe Ave, Long Beach, CA 90810",,California,Long Beach,,90810,,,,4.0,,,,,
Mara's Liquor Mart,"8201 W Garden Grove Blvd, Garden Grove, CA 92844",,California,Garden Grove,,92844,,,,4.1,,,,,
Royal Liquor & Grocery,"13103 Lakewood Blvd, Downey, CA 90242",,California,Downey,,90242,,,,4.0,,,,,
Vanhorn Liquor,"6900 Paramount Blvd, Long Beach, CA 90805",,California,Long Beach,,90805,,,,4.6,,,,,
Grewal Food & Liquor,"601 S 10th St, San Jose, CA 95112",,California,San Jose,,95112,,,,4.4,,,,,
Royal Market Liquor,"835 w chapman ave, Orange, CA 92868",,California,Orange,,92868,,,,4.4,,,,,
Rose Liquor,"1201 E South St #4320, Long Beach, CA 90805",,California,Long Beach,,90805,,,,3.8,,,,,
S - Mart Liquor,"811 N Fairview St, Santa Ana, CA 92703",,California,Santa Ana,,92703,,,,4.4,,,,,
San Carlos Market & Liquor,"1875 W San Carlos St, San Jose, CA 95128",,California,San Jose,,95128,,,,4.5,,,,,
Save Max Food & Liquor,"1191 El Camino Real, Santa Clara, CA 95050",,California,Santa Clara,,95050,,,,4.6,,,,,
B & K Liquor,"16210 Inglewood Ave, Lawndale, CA 90260",,California,Lawndale,,90260,,,,3.7,,,,,
Champs Liquor #2,"8414 Alondra Blvd, Paramount, CA 90723",,California,Paramount,,90723,,,,4.8,,,,,
Colony Wine Merchant,"280 S Lemon St, Anaheim, CA 92805",,California,Anaheim,,92805,,,,4.9,,,,,
El Dorado Food & Liquor,"449 Keyes St, San Jose, CA 95112",,California,San Jose,,95112,,,,4.1,,,,,
Garden City Liquors,"371 E Hamilton Ave, Campbell, CA 95008",,California,Campbell,,95008,,,,4.5,,,,,
Hop & Vine,"1435 The Alameda, San Jose, CA 95126",,California,San Jose,,95126,,,,4.4,,,,,
Liquor Mart & Deli,"10497 San Diego Mission Rd, San Diego, CA 92108",,California,San Diego,,92108,,,,4.7,,,,,
Lucky 7 Market,"3268 W Lincoln Ave, Anaheim, CA 92801",,California,Anaheim,,92801,,,,3.6,,,,,
Mena's Liquor,"1011 N Euclid St, Anaheim, CA 92801",,California,Anaheim,,92801,,,,4.4,,,,,
Mission Wine & Spirits,"708 S Glendale Ave, Glendale, CA 91205",,California,Glendale,,91205,,,,4.7,,,,,
Paul's Quick stop liquor,"709 Stockton Ave, San Jose, CA 95126",,California,San Jose,,95126,,,,3.9,,,,,
S & S Market,"502 S 10th St, San Jose, CA 95112",,California,San Jose,,95112,,,,4.2,,,,,
Santa Clara Liquors,"1291 Franklin St, Santa Clara, CA 95050",,California,Santa Clara,,95050,,,,4.5,,,,,
Gaslamp Liquor and Deli,"728 Fourth Ave, San Diego, CA 92101",,California,San Diego,,92101,,,,3.8,,,,,
Hody Lane Liquor,"5201 Pacific Coast Hwy, Long Beach, CA 90804",,California,Long Beach,,90804,,,,4.2,,,,,
House Of Spirits Liquor,"3454 W Lincoln Ave, Anaheim, CA 92801",,California,Anaheim,,92801,,,,4.3,,,,,
Tip Top Liquors,"439 S Bascom Ave, San Jose, CA 95128",,California,San Jose,,95128,,,,4.3,,,,,
AC Liquor Mart,"1177 S State College Blvd # A, Anaheim, CA 92806",,California,Anaheim,,92806,,,,4.5,,,,,
Around the Corner Liquor,"1818 Palo Verde Ave, Long Beach, CA 90815",,California,Long Beach,,90815,,,,4.1,,,,,
Golden Hill Market,"2044 Market St, San Diego, CA 92102",,California,San Diego,,92102,,,,4.4,,,,,
Knott Market & Liquor,"3460 W Orange Ave, Anaheim, CA 92804",,California,Anaheim,,92804,,,,4.6,,,,,
Mullens Market & Liquor,"3011 Imperial Ave, San Diego, CA 92102",,California,San Diego,,92102,,,,4.3,,,,,
2 GO Liquor and Food Mart,"932 El Camino Real, Santa Clara, CA 95050",,California,Santa Clara,,95050,,,,4.7,,,,,
King Keg,"5241 Rosecrans Ave, Hawthorne, CA 90250",,California,Hawthorne,,90250,,,,3.6,,,,,
Lucky Liquor - Santa Monica,"2125 Lincoln Blvd, Santa Monica, CA 90405",,California,Santa Monica,,90405,,,,4.8,,,,,
Park and Hester - Wine & Liquor,"1451 Park Ave, San Jose, CA 95126",,California,San Jose,,95126,,,,4.2,,,,,
Grapes & Hops Deli,"811 Market St, San Diego, CA 92101",,California,San Diego,,92101,,,,4.5,,,,,
Hilltop Liquor,"2499 Market St, San Diego, CA 92102",,California,San Diego,,92102,,,,4.6,,,,,
Nelson's Liquor & Market,"4420 W Victory Blvd, Burbank, CA 91505",,California,Burbank,,91505,,,,4.5,,,,,
US Liquor,"2002 CA-1, Long Beach, CA 90804",,California,Long Beach,,90804,,,,4.3,,,,,
CHEAP LIQUOR,"6241 Cherry Ave, Long Beach, CA 90805",,California,Long Beach,,90805,,,,4,,,,,
Gateway Food & Liquor,"1305 N Bascom Ave G, San Jose, CA 95128",,California,San Jose,,95128,,,,4.2,,,,,
Royal Wines & Spirits,"3144 Williams Rd, San Jose, CA 95117",,California,San Jose,,95117,,,,4.8,,,,,
San Tomas Liquor,"240 Saratoga Ave, Santa Clara, CA 95050",,California,Santa Clara,,95050,,,,4.6,,,,,
Santa ana liquor,"2335 W 1st St, Santa Ana, CA 92703",,California,Santa Ana,,92703,,,,4.5,,,,,
Bert's Liquor Store,"4604 York Blvd, Los Angeles, CA 90041",,California,Los Angeles,,90041,,,,4.2,,,,,
Friendly's Market,"910 W Myrtle St, Santa Ana, CA 92703",,California,Santa Ana,,92703,,,,4.4,,,,,
Happy Liquor,"541 S State College Blvd, Anaheim, CA 92806",,California,Anaheim,,92806,,,,3.9,,,,,
Civic Liquor,"707 N Bristol St Suite A, Santa Ana, CA 92703",,California,Santa Ana,,92703,,,,3.7,,,,,
FW Liquor Grocery,"3127 Williamsburg Dr, San Jose, CA 95117",,California,San Jose,,95117,,,,4.2,,,,,
Happy House Liquors,"9218 Alondra Blvd, Bellflower, CA 90706",,California,Bellflower,,90706,,,,4.4,,,,,
Happy Liquor,"2201 Magnolia Ave, Long Beach, CA 90806",,California,Long Beach,,90806,,,,4,,,,,
LIQUOR 4 LESS,"1710 E Artesia Blvd, Long Beach, CA 90805",,California,Long Beach,,90805,,,,4.1,,,,,
Michaels Liquor,"2402 Wilshire Blvd, Santa Monica, CA 90403",,California,Santa Monica,,90403,,,,4.1,,,,,
Party House Liquor,"6405 University Ave, San Diego, CA 92115",,California,San Diego,,92115,,,,4.7,,,,,
Quick Mart Convenience Store & Liquor,"2618 W La Palma Ave, Anaheim, CA 92801",,California,Anaheim,,92801,,,,3.3,,,,,
Main Street Liquor,"630 S Main St, Santa Ana, CA 93514",,California,Santa Ana,,93514,,,,4.2,,,,,
Bobby's Liquor,"2327 El Camino Real, Santa Clara, CA 95050",,California,Santa Clara,,95050,,,,4.2,,,,,
Hickory Liquor,"718 E 1st St, Santa Ana, CA 92701",,California,Santa Ana,,92701,,,,4.7,,,,,
Vintage Wine Merchants,"377 Santana Row #1135, San Jose, CA 95128",,California,San Jose,,95128,,,,4.5,,,,,
2 AM Liquor Vikum Liquor Market,"8035 Imperial Hwy, Downey, CA 90242",,California,Downey,,90242,,,,4.5,,,,,
East Bourbon Street Liquor,"414 W 17th St, Santa Ana, CA 92706",,California,Santa Ana,,92706,,,,4.2,,,,,
Five Points Liquor Store,"818 W La Palma Ave, Anaheim, CA 92801",,California,Anaheim,,92801,,,,4.1,,,,,
Mike's Liquor,"100 Pacific Coast Hwy, Long Beach, CA 90806",,California,Long Beach,,90806,,,,4.4,,,,,
Pacific Liquor,"1895 Pacific Ave, Long Beach, CA 90806",,California,Long Beach,,90806,,,,3.9,,,,,
Adams Square Liquor,"1021 E Chevy Chase Dr, Glendale, CA 91205",,California,Glendale,,91205,,,,4.6,,,,,
Divine Wine & Spirits,"6585 Osler St UNIT 100, San Diego, CA 92111",,California,San Diego,,92111,,,,4.2,,,,,
El Toreo Liquor,"1412 W 1st St, Santa Ana, CA 92703",,California,Santa Ana,,92703,,,,4.2,,,,,
Harbor Market,"901 Bayfront Ct #111, San Diego, CA 92101",,California,San Diego,,92101,,,,3.8,,,,,
Kelly's Liquor Store,"498 N 4th St, San Jose, CA 95112",,California,San Jose,,95112,,,,4.3,,,,,
Lucky Liquor Market,"1045 E South St, Long Beach, CA 90805",,California,Long Beach,,90805,,,,3.8,,,,,
My Liquor,"6900 Long Beach Blvd, Long Beach, CA 90805",,California,Long Beach,,90805,,,,4.0,,,,,
Tony Liquor,"906 E 1st St, Santa Ana, CA 92701",,California,Santa Ana,,92701,,,,4.0,,,,,
Big K Market Liquor,"6196 Federal Blvd, San Diego, CA 92114",,California,San Diego,,92114,,,,4.1,,,,,
Cazadores Bottle Shop,"3777 Williams Rd, San Jose, CA 95117",,California,San Jose,,95117,,,,4.0,,,,,
Mint Liquor,"1256 N Euclid St, Anaheim, CA 92801",,California,Anaheim,,92801,,,,3.7,,,,,
Mario's Liquor Store,"5421 York Blvd, Los Angeles, CA 90042",,California,Los Angeles,,90042,,,,4.7,,,,,
Richie's Liquor Store & Market,"1700 Alamitos Ave, Long Beach, CA 90813",,California,Long Beach,,90813,,,,4.4,,,,,
Rod's Liquor Store,"2710 W Edinger Ave suite H, Santa Ana, CA 92704",,California,Santa Ana,,92704,,,,4.1,,,,,
C & D Liquors,"435 Kiely Blvd, San Jose, CA 95117",,California,San Jose,,95117,,,,4.3,,,,,
Empire Liquor,"8710 Imperial Hwy, Downey, CA 90242",,California,Downey,,90242,,,,4.5,,,,,
Eddie's Liquor,"200 W Pacific Coast Hwy, Long Beach, CA 90806",,California,Long Beach,,90806,,,,4.1,,,,,
Hanshaw Liquors,"10422 Knott Ave, Anaheim, CA 92804",,California,Anaheim,,92804,,,,4.2,,,,,
Tic Tac Market,"500 N East St, Anaheim, CA 92805",,California,Anaheim,,92805,,,,4.2,,,,,
Valley Liquors,"2429 W Edinger Ave, Santa Ana, CA 92704",,California,Santa Ana,,92704,,,,4.6,,,,,
AZ Liquor,"16210 Nordhoff St, North Hills, CA 91343",,California,North Hills,,91343,,,,4.2,,,,,
Bellflower Liquor Market,"14225 Bellflower Blvd, Bellflower, CA 90706",,California,Bellflower,,90706,,,,4.7,,,,,
Mercado La Plaza & Liquor,"1530 S Greenville St, Santa Ana, CA 92704",,California,Santa Ana,,92704,,,,4.3,,,,,
Old River Liquor,"7399 Stewart and Gray Rd, Downey, CA 90241",,California,Downey,,90241,,,,4.2,,,,,
Wine Bank,"363 Fifth Ave UNIT 100, San Diego, CA 92101",,California,San Diego,,92101,,,,4.2,,,,,
Circus Liquor,"13426 Osborne St, Arleta, CA 91331",,California,Arleta,,91331,,,,4.3,,,,,
Carson Pioneer Liquor and Junior Market,"11801 E Carson St, Hawaiian Gardens, CA 90716",,California,Hawaiian Gardens,,90716,,,,4.5,,,,,
Dry Creek Liquor,"1886 Curtner Ave, San Jose, CA 95124",,California,San Jose,,95124,,,,4.4,,,,,
Happy's Liquor,"2002 S Flower St, Santa Ana, CA 92707",,California,Santa Ana,,92707,,,,4.4,,,,,
One Stop Liquor,"1860 W Orangethorpe Ave, Fullerton, CA 92833",,California,Fullerton,,92831,,,,4.3,,,,,
Torito Liquor,"1212 E McFadden Ave, Santa Ana, CA 92705",,California,Santa Ana,,92705,,,,4.9,,,,,
Buckingham Wine & Spirits,"3293 Lakeshore Ave, Oakland, CA 94610",,California,Oakland,,94610,,,,4.3,,,,,
Larry's Liquor Store,"1391 Cherry Ave, Long Beach, CA 90813",,California,Long Beach,,90813,,,,3.7,,,,,
Mission Liquor,"2099 Scott Blvd, Santa Clara, CA 95050",,California,Santa Clara,,95050,,,,4.6,,,,,
Ordinaire Wine Shop & Wine Bar,"3354 Grand Ave, Oakland, CA 94610",,California,Oakland,,94610,,,,4.6,,,,,
Talia Liquor Store,"5837 Market St, San Diego, CA 92114",,California,San Diego,,92114,,,,5.0,,,,,
Bana Liquor & Jr. Market,"1248 Temple Ave, Long Beach, CA 90804",,California,Long Beach,,90804,,,,3.7,,,,,
Community Liquor,"9040 Imperial Hwy., Downey, CA 90242",,California,Downey,,90242,,,,3.7,,,,,
Dan's Liquors,"5711 York Blvd, Los Angeles, CA 90042",,California,Los Angeles,,90042,,,,4.8,,,,,
Eddie Junior Market,"1611 Long Beach Blvd, Long Beach, CA 90813",,California,Long Beach,,90813,,,,4.2,,,,,
Grand Piedmont Liquors,"3900 Grand Ave, Oakland, CA 94610",,California,Oakland,,94610,,,,4.4,,,,,
Roy's Liquor Store,"6520 San Fernando Rd, Glendale, CA 91201",,California,Glendale,,91201,,,,4.3,,,,,
Saddleback Liquor Store,"1659 E 1st St, Santa Ana, CA 92701",,California,Santa Ana,,92701,,,,4.6,,,,,
Tak Market & Liquor,"698 N 3rd St, San Jose, CA 95112",,California,San Jose,,95112,,,,4.6,,,,,
Turner Liquor,"8305 Balboa Boulevard, Los Angeles, CA 91325",,California,Los Angeles,,91325,,,,4.1,,,,,
Alkali Rye - Oakland's Beverage Shop,"3256 Grand Ave, Oakland, CA 94610",,California,Oakland,,94610,,,,4.9,,,,,
Glass & Bottles Liquors,"3150 Vicente St, San Francisco, CA 94116",,California,San Francisco,,94116,,,,2.2,,,,,
J B Liquor,"8474 Sunland Blvd, Sun Valley, CA 91352",,California,Sun Valley,,91352,,,,4.3,,,,,
J&j liquor,"2238 W Orangethorpe Ave, Fullerton, CA 92833",,California,Fullerton,,92833,,,,4.4,,,,,
Qwik Korner Market,"481 S Glassell St, Orange, CA 92866",,California,Orange,,92866,,,,4.5,,,,,
Base Liquor- Buy My Liquor,"3201 National Ave, San Diego, CA 92113",,California,San Diego,,92113,,,,4.5,,,,,
City Market,"8456 edinger ave, Huntington Beach, CA 92647",,California,Huntington Beach,,92647,,,,4.6,,,,,
Crown Empire liquor,"6951 Chapman Ave, Garden Grove, CA 92845",,California,Garden Grove,,92845,,,,3.7,,,,,
J & B Liquor,"301 E South St, Long Beach, CA 90805",,California,Long Beach,,90805,,,,3.9,,,,,
Sunny Liquor,"829 S Knott Ave, Anaheim, CA 92804",,California,Anaheim,,92804,,,,4.1,,,,,
Grand Lake Market & Liquor,"3217 Grand Ave, Oakland, CA 94610",,California,Oakland,,94610,,,,4.1,,,,,
Guru's Market,"300 N 13th St, San Jose, CA 95112",,California,San Jose,,95112,,,,3.9,,,,,
Liquor Mill,"5440 Long Beach Blvd, Long Beach, CA 90805",,California,Long Beach,,90805,,,,4.6,,,,,
Pacific Liquor Market,"6408 Eastern Ave, Bell Gardens, CA 90201",,California,Bell Gardens,,90201,,,,4.5,,,,,
Villa Liquor,"1467 S Main St, Santa Ana, CA 92707",,California,Santa Ana,,92707,,,,4.4,,,,,
LIQUOR 4 LESS,"106 W Artesia Blvd, Long Beach, CA 90805",,California,Long Beach,,90805,,,,4.0,,,,,
Lucky Stop Liquor,"1362 Abbot Kinney Blvd, Venice, CA 90291",,California,Venice,,90291,,,,3.4,,,,,
ASAP Wine Tags,"409 Adams St., Oakland, CA 94610",,California,Oakland,,94610,,,,N/A,,,,,
Beerland Liquor,"1619 S Standard Ave, Santa Ana, CA 92707",,California,Santa Ana,,92707,,,,4.2,,,,,
California’s Fine Wine & Liquors,"1301 MacArthur Blvd, Oakland, CA 94602",,California,Oakland,,94602,,,,4.1,,,,,
Moonlight Liquor,"101 N Victory Blvd Unit D & E, Burbank, CA 91502",,California,Burbank,,91502,,,,3.9,,,,,
East town liquor,"1140 N East St #1428, Anaheim, CA 92805",,California,Anaheim,,92805,,,,3.8,,,,,
John S Liquor,"1428 Atlantic Ave, Long Beach, CA 90813",,California,Long Beach,,90813,,,,4.0,,,,,
An's Market and Liquor,"E, 1002 17th St, Santa Ana, CA 92701",,California,Santa Ana,,92701,,,,4.5,,,,,
Bobs Liquor,"1123 W Orangethorpe Ave, Fullerton, CA 92833",,California,Fullerton,,92833,,,,4.2,,,,,
Circle B Liquor Beer - wine - Grocery - lotto,"500 S Highland Ave, Fullerton, CA 92832",,California,Fullerton,,92832,,,,4.3,,,,,
CultWine,"3480 W Warner Ave Warehouse K, Santa Ana, CA 92704",,California,Santa Ana,,92704,,,,5,,,,,
Hoov's Liquor,"493 N Glassell St, Orange, CA 92866",,California,Orange,,92866,,,,4.4,,,,,
Stadium Market and Liquor,"2677 mission village dr, San Diego, CA 92123",,California,San Diego,,92123,,,,4.6,,,,,
Bay Grape,"376 Grand Ave, Oakland, CA 94610",,California,Oakland,,94610,,,,4.8,,,,,
Best Liquor Meat & Deli,"205 S Glendale Ave, Glendale, CA 91205",,California,Glendale,,91205,,,,4.8,,,,,
K & L Market,"1413 Morena Blvd, San Diego, CA 92110",,California,San Diego,,92110,,,,4.6,,,,,
7 Seas food and Liquor,"1615 MacArthur Blvd, Oakland, CA 94602",,California,Oakland,,94602,,,,4.6,,,,,
Liquor Center,"311 W Orangethorpe Ave, Fullerton, CA 92832",,California,Fullerton,,92832,,,,4.0,,,,,
Big A Liquor,"1501 E La Palma Ave, Anaheim, CA 92805",,California,Anaheim,,92805,,,,4.5,,,,,
I & L Liquor,"2401 Artesia Blvd, Redondo Beach, CA 90278",,California,Redondo Beach,,90278,,,,4.6,,,,,
The Bottle Shop,"2087 Torrance Blvd, Torrance, CA 90501",,California,Torrance,,90501,,,,4.3,,,,,
Wah Fay Liquors,"2101 8th Ave, Oakland, CA 94606",,California,Oakland,,94606,,,,4.5,,,,,
Wine On Piedmont,"4183 Piedmont Ave, Oakland, CA 94611",,California,Oakland,,94611,,,,4.8,,,,,
Ball Liquors,"1068 Story Rd, San Jose, CA 95122",,California,San Jose,,95122,,,,4.1,,,,,
Ben’s Liquor,"17761 Saticoy St, Reseda, CA 91335",,California,Reseda,,91335,,,,4.0,,,,,
Carriage Trade Liquors,"350 E 18th St, Oakland, CA 94606",,California,Oakland,,94606,,,,3.9,,,,,
Oaks Liquor,"8801 Glenoaks Boulevard , Los Angeles , CA 91352",,California,Los Angeles,,91352,,,,4.4,,,,,
Rio Liquors,"543 E Anaheim St, Long Beach, CA 90813",,California,Long Beach,,90813,,,,4.0,,,,,
Vino,"4027 Piedmont Ave, Oakland, CA 94611",,California,Oakland,,94611,,,,4.4,,,,,
Castle Liquors,"6808 San Fernando Rd, Glendale, CA 91201",,California,Glendale,,91201,,,,4.8,,,,,
Empire Liquor Market Fullerton,"2631 W Orangethorpe Ave, Fullerton, CA 92833",,California,Fullerton,,92833,,,,4.3,,,,,
Green Bird liquor water store,"22429 Bloomfield St, Cypress, CA 90630",,California,Cypress,,90630,,,,4.8,,,,,
Ken's Market,"901 S Inglewood Ave, Redondo Beach, CA 90278",,California,Redondo Beach,,90278,,,,4.5,,,,,
Umami Mart,"4027 Broadway, Oakland, CA 94611",,California,Oakland,,94611,,,,4.9,,,,,
3 Rings Liquor,"501 E 18th St, Oakland, CA 94606",,California,Oakland,,94606,,,,4.3,,,,,
Amigo Market & Liquor,"2000 W Willow St, Long Beach, CA 90810",,California,Long Beach,,90810,,,,4.3,,,,,
Ash Liquor,"17719-17721 Saticoy St, Reseda, CA 91335",,California,Reseda,,91335,,,,4.8,,,,,
Broadway Wine,"1011 Broadway, Santa Monica, CA 90401",,California,Santa Monica,,90401,,,,4.3,,,,,
Orange Wine and Market,"1095 N Glassell St, Orange, CA 92867",,California,Orange,,92867,,,,4.8,,,,,
Capitol Liquors,"3130 Senter Rd, San Jose, CA 95111",,California,San Jose,,95111,,,,4.0,,,,,
Cypress Craft Beer & Liquor,"9175 Valley View St, Cypress, CA 90630",,California,Cypress,,90630,,,,4.8,,,,,
Grewal Food & Liquor,"1711 McLaughlin Ave, San Jose, CA 95122",,California,San Jose,,95122,,,,3.7,,,,,
Hyde Park Liquors,"1330 N First St, San Jose, CA 95112",,California,San Jose,,95112,,,,3.7,,,,,
Jax Liquor,"502 Foothill Blvd, Oakland, CA 94606",,California,Oakland,,94606,,,,4.5,,,,,
Kings Liquor & Smoke,"741 W Commonwealth Ave, Fullerton, CA 92832",,California,Fullerton,,92832,,,,4.8,,,,,
Maplewood Market & Liquors,"2620 Union Ave, San Jose, CA 95124",,California,San Jose,,95124,,,,4.5,,,,,
Surf Liquor and Wine,"2522 Main St, Santa Monica, CA 90405",,California,Santa Monica,,90405,,,,4.1,,,,,
Aero Liquor Store & JR Market,"2527 W Burbank Blvd Rear Bldg, Burbank, CA 91505",,California,Burbank,,91505,,,,4.2,,,,,
Fullerton Beverage,"575 S Euclid St, Fullerton, CA 92832",,California,Fullerton,,92832,,,,4.2,,,,,
M&A Lakeside Market & Spirits,"138 14th St, Oakland, CA 94612",,California,Oakland,,94612,,,,3.9,,,,,
MK Beer and Wine,"810 E Anaheim St, Long Beach, CA 90813",,California,Long Beach,,90813,,,,5,,,,,
Nady's Liquor,"140 W MacArthur Blvd, Santa Ana, CA 92707",,California,Santa Ana,,92707,,,,4.2,,,,,
Security Liquor Store,"201 International Blvd, Oakland, CA 94606",,California,Oakland,,94606,,,,4.1,,,,,
Telegraph Wine And Spirits,"2429 Telegraph Ave, Oakland, CA 94612",,California,Oakland,,94612,,,,4.6,,,,,
Charlie's Liquor,"1642 17th St, Santa Ana, CA 92705",,California,Santa Ana,,92705,,,,4.4,,,,,
Pueblo Liquor,"4600 Whittier Blvd, Los Angeles, CA 90022",,California,Los Angeles,,90022,,,,4.5,,,,,
M & M Liquor Store,"1096 N State College Blvd, Anaheim, CA 92806",,California,Anaheim,,92806,,,,3.8,,,,,
Mission Wine & Spirits,"825 W Glenoaks Blvd, Glendale, CA 91202",,California,Glendale,,91202,,,,4.6,,,,,
Sammy's Liquor 2,"345 S Euclid St, Fullerton, CA 92833",,California,Fullerton,,92832,,,,4.5,,,,,
San Marcos Market& liquor,"410 S Lemon St, Fullerton, CA 92832",,California,Fullerton,,92832,,,,3.9,,,,,
Two Star Market,"2020 MacArthur Blvd, Oakland, CA 94602",,California,Oakland,,94602,,,,4.2,,,,,
U M Liquor Store,"401 N Victory Blvd, Burbank, CA 91502",,California,Burbank,,91502,,,,3.8,,,,,
B.H Liquor,"10917 Alondra Blvd, Norwalk, CA 90650",,California,Norwalk,,90650,,,,3.6,,,,,
Captain Liquor,"2531 Martin Luther King Jr Way, Oakland, CA 94612",,California,Oakland,,94612,,,,3.8,,,,,
HERO'S LIQUOR & MARKET,"1811 W Commonwealth Ave, Fullerton, CA 92833",,California,Fullerton,,92833,,,,4.3,,,,,
J B Liquors & Deli,"1096 McLaughlin Ave, San Jose, CA 95122",,California,San Jose,,95122,,,,4.7,,,,,
M & S Liquor Market,"4461 W Cerritos Ave, Cypress, CA 90630",,California,Cypress,,90630,,,,3.3,,,,,
Rod Fraser Enterprises,"1320 N Manzanita St, Orange, CA 92867",,California,Orange,,92867,,,,5,,,,,
Rosecrans Spirit Shop,"11016 Rosecrans Ave, Norwalk, CA 90650",,California,Norwalk,,90650,,,,4.2,,,,,
Zip In Liquor,"11432 Old River School Rd, Downey, CA 90241",,California,Downey,,90241,,,,4.0,,,,,
C & L Liquor,"790 w Hamilton ave, Campbell, CA 95008",,California,Campbell,,95008,,,,4.0,,,,,
Sana Market,"3710 Telegraph Ave, Oakland, CA 94609",,California,Oakland,,94609,,,,4.2,,,,,
A & T Liquor Inc,"12202 Downey Ave, Downey, CA 90242",,California,Downey,,90242,,,,4.4,,,,,
Al’s Market 7,"159 W Wilshire Ave, Fullerton, CA 92832",,California,Fullerton,,92832,,,,3.5,,,,,
Guru's Food & Liquor,"501 N 17th St, San Jose, CA 95112",,California,San Jose,,95112,,,,4.2,,,,,
House of Liquor,"1008 E Colorado St, Glendale, CA 91205",,California,Glendale,,91205,,,,4.6,,,,,
Lucky's Liquor,"3290 El Camino Real, Santa Clara, CA 95051",,California,Santa Clara,,95051,,,,3.6,,,,,
Melody Liquor,"20716 Normandie Ave, Torrance, CA 90502",,California,Torrance,,90502,,,,4.1,,,,,
Cedar Liquor,"301 W Anaheim St, Long Beach, CA 90813",,California,Long Beach,,90813,,,,4.1,,,,,
Mina Market & Liquor,"311 S McDonnell Ave, Los Angeles, CA 90022",,California,East Los Angeles,,90022,,,,4.3,,,,,
A K Market & Liquor,"1178 Sunflower Ave, Costa Mesa, CA 92626",,California,Costa Mesa,,92626,,,,4.5,,,,,
Shamse liquor,"1570 Pomeroy Ave, Santa Clara, CA 95051",,California,Santa Clara,,95051,,,,5,,,,,
California Keg and liquor#2,"6802 El Cajon Blvd, San Diego, CA 92115",,California,San Diego,,92115,,,,4.4,,,,,
Choice Liquor,"198 10th St, Oakland, CA 94607",,California,Oakland,,94607,,,,4.1,,,,,
Continental Liquor & Market,"9114 Balboa Blvd, Northridge, CA 91325",,California,Northridge,,91325,,,,4.6,,,,,
G & D Liquor,"338 N Euclid St, Fullerton, CA 92832",,California,Fullerton,,92832,,,,4.6,,,,,
Liquor Republic,"5004 BALL RD, Cypress, CA 90630",,California,Cypress,,90630,,,,4.4,,,,,
Lucky 's Market,"2259 Logan Ave, San Diego, CA 92113",,California,San Diego,,92113,,,,4.4,,,,,
Mega Liquor,"2020 W Valley Blvd, Alhambra, CA 91803",,California,Alhambra,,91803,,,,4.5,,,,,
Remedy Liquor & Wine Cellar,"1700 W Glenoaks Blvd, Glendale, CA 91201",,California,Glendale,,91201,,,,4.3,,,,,
San Pablo Market & Liquor,"2363 San Pablo Ave, Oakland, CA 94612",,California,Oakland,,94612,,,,4.1,,,,,
Village Liquor Market,"101 N Basque Ave, Fullerton, CA 92833",,California,Fullerton,,92833,,,,4.5,,,,,
Bottle Shop and Spirit's,"5084 Katella Ave, Los Alamitos, CA 90720",,California,Los Alamitos,,90720,,,,4.8,,,,,
Ed's Liquors,"2700 23rd Ave, Oakland, CA 94606",,California,Oakland,,94606,,,,3.6,,,,,
Frank's Liquor Store,"1601 Cabrillo Ave, Torrance, CA 90501",,California,Torrance,,90501,,,,3.4,,,,,
Lampson Liquor,"5230 Lampson Ave, Garden Grove, CA 92845",,California,Garden Grove,,92845,,,,4.4,,,,,
Mr K's Liquor Marts,"3405 Torrance Blvd, Torrance, CA 90503",,California,Torrance,,90503,,,,4.2,,,,,
Oakland Yard Wine Shop,"420 40th St, Oakland, CA 94609",,California,Oakland,,94609,,,,4.7,,,,,
"Rose Market Convenience, Grocery & Liquor","1250 E Santa Clara St, San Jose, CA 95116",,California,San Jose,,95116,,,,4.5,,,,,
ABC Liquor,"8121 Bolsa Ave A, Midway City, CA 92655",,California,Midway City,,92655,,,,4.2,,,,,
Al's Market #4,"400 E Commonwealth Ave, Fullerton, CA 92832",,California,Fullerton,,92832,,,,4,,,,,
Alamitos Liquor,"1012 Alamitos Ave, Long Beach, CA 90813",,California,Long Beach,,90813,,,,4.4,,,,,
Downey Liquor,"7617 Firestone Blvd, Downey, CA 90241",,California,Downey,,90241,,,,4.5,,,,,
Lindley Liquor,"7137 Lindley Avenue, Los Angeles, CA 91335",,California,Los Angeles,,91335,,,,4.7,,,,,
Liquor Land & Mini-mart,"4991 Orange Ave, Cypress, CA 90630",,California,Cypress,,90630,,,,4.3,,,,,
P & B Market,"2807 E 7th St, Long Beach, CA 90804",,California,Long Beach,,90804,,,,4.4,,,,,
Par Liquor Stores,"5181 Waring Rd sectn, San Diego, CA 92120",,California,San Diego,,92120,,,,3.6,,,,,
Star Liquor,"1929 Main St, Santa Monica, CA 90405",,California,Santa Monica,,90405,,,,3.4,,,,,
Clyde's Liquor Store,"3963 Snell Ave #2201, San Jose, CA 95136",,California,San Jose,,95136,,,,4.0,,,,,
Dallas Liquor,"2604 MacArthur Blvd, Oakland, CA 94602",,California,Oakland,,94602,,,,4.2,,,,,
Fleuret's Market and Spirits,"1913 San Pablo Ave, Oakland, CA 94612",,California,Oakland,,94612,,,,4.4,,,,,
Grewal Food & Liquors,"517 McLaughlin Ave, San Jose, CA 95116",,California,San Jose,,95116,,,,3.5,,,,,
Happy Liquor,"140 E Taft Ave, Orange, CA 92865",,California,Orange,,92865,,,,3.9,,,,,
Lucky 2 Liquor,"4009 W Valencia Dr, Fullerton, CA 92833",,California,Fullerton,,92833,,,,4.0,,,,,
USA Beer and Wine Market,"1547 E 10th St, Long Beach, CA 90813",,California,Long Beach,,90813,,,,4.0,,,,,
A-1 Liquor & Market,"1647 W Glenoaks Blvd, Glendale, CA 91201",,California,Glendale,,91201,,,,3.7,,,,,
Blue & Gold Liquor,"1811 14th Ave, Oakland, CA 94606",,California,Oakland,,94606,,,,4.1,,,,,
East Town Liquor Store,"2833 MacArthur Blvd, Oakland, CA 94602",,California,Oakland,,94602,,,,4.6,,,,,
Fancy Free Liquor,"2001 W Burbank Blvd, Burbank, CA 91506",,California,Burbank,,91506,,,,4.7,,,,,
Wine Exchange,"1544 E Warner Ave, Santa Ana, CA 92705",,California,Santa Ana,,92705,,,,4.6,,,,,
Chris Liquor & Market Vape / Cigar,"16520 Beach Blvd, Huntington Beach, CA 92647",,California,Huntington Beach,,92647,,,,4.3,,,,,
Glenrose Liquor & Minimart,"1307 W Glenoaks Blvd, Glendale, CA 91201",,California,Glendale,,91201,,,,4.6,,,,,
Jackson's Liquor,"739 E 12th St, Oakland, CA 94606",,California,Oakland,,94606,,,,N/A,,,,,
Long Beach Vibe Liquor,"3414 E 7th St, Long Beach, CA 90804",,California,Long Beach,,90804,,,,5.0,,,,,
Plaza Real Liquor,"810 E Katella Ave, Orange, CA 92867",,California,Orange,,92867,,,,4.1,,,,,
Souza's Market,"396 12th St, Oakland, CA 94607",,California,Oakland,,94607,,,,4,,,,,
Arthur Liquor,"3535 S Fairview St, Santa Ana, CA 92704",,California,Santa Ana,,92704,,,,3.9,,,,,
Bargain Liquors,"3300 E 7th St, Long Beach, CA 90804",,California,Long Beach,,90804,,,,4.3,,,,,
Crown Liquors,"6410 Moraga Ave, Oakland, CA 94611",,California,Oakland,,94611,,,,4.1,,,,,
Fruitvale Liquor,"2678 Fruitvale Ave, Oakland, CA 94601",,California,Oakland,,94601,,,,5.0,,,,,
Hana Bottle Shop,"3425 El Camino Real, Santa Clara, CA 95051",,California,Santa Clara,,95051,,,,4,,,,,
M & M Liquors & Market,"1951 W Glenoaks Blvd, Glendale, CA 91201",,California,Glendale,,91201,,,,4.2,,,,,
Stewart's Liquor,"11112 Paramount Blvd, Downey, CA 90241",,California,Downey,,90241,,,,4.4,,,,,
A1 Liquor,"1145 E Colorado St, Glendale, CA 91205",,California,Glendale,,91205,,,,3.5,,,,,
Bottlecraft Liberty Station,"2820 Historic Decatur Rd, San Diego, CA 92106",,California,San Diego,,92106,,,,4.4,,,,,
Cabana liquor,"4346 Van Nuys Blvd, Sherman Oaks, CA 91403",,California,Sherman Oaks,,91403,,,,4.1,,,,,
Champs Liquor #5,"8007 Florence Ave, Downey, CA 90240",,California,Downey,,90241,,,,4.4,,,,,
G1 Liquor / Eng Market / Tony's Liquor,"2003 23rd Ave, Oakland, CA 94606",,California,Oakland,,94606,,,,4.3,,,,,
International Liquor Store and Market,"2515 W Carson St #105, Torrance, CA 90503",,California,Torrance,,90503,,,,4.5,,,,,
Mr Buck's Liquor,"2989 Fairview Rd, Costa Mesa, CA 92626",,California,Costa Mesa,,92626,,,,4.0,,,,,
Oakland Liquor & Market,"1335 E 17th St, Oakland, CA 94606",,California,Oakland,,94606,,,,4.3,,,,,
Park Liquors & Lottery,"828 Franklin St, Oakland, CA 94607",,California,Oakland,,94607,,,,4.8,,,,,
Three Kings Liquor,"5126 W 190th St, Torrance, CA 90503",,California,Torrance,,90503,,,,4.3,,,,,
Vista Liquor,"2415 N San Fernando Blvd, Burbank, CA 91504",,California,Burbank,,91504,,,,4.6,,,,,
Tustin Wine & Spirits,"14211 Red Hill Ave, Tustin, CA 92780",,California,Tustin,,92780,,,,4.2,,,,,
A & W liquor,"7021 University Ave, La Mesa, CA 91942",,California,La Mesa,,91942,,,,4.6,,,,,
Aloha Liquor,"11837 Lakewood Blvd, Downey, CA 90241",,California,Downey,,90241,,,,4.5,,,,,
Burbank Liquor & Food Market,"500 S Glenoaks Blvd, Burbank, CA 91502",,California,Burbank,,91502,,,,4.4,,,,,
Daisy Liquor Co,"1388 Daisy Ave, Long Beach, CA 90813",,California,Long Beach,,90813,,,,5,,,,,
Gallaghers Drive In,"3849 Martin Luther King Jr Way, Oakland, CA 94609",,California,Oakland,,94609,,,,4.2,,,,,
Happy's liquor,"12554 Rosecrans Ave, Norwalk, CA 90650",,California,Norwalk,,90650,,,,4.2,,,,,
Nady's Market,"3135 Harbor Blvd, Costa Mesa, CA 92626",,California,Costa Mesa,,92626,,,,4.4,,,,,
Roy's Produce Market & Liquor,"1627 N San Fernando Blvd, Burbank, CA 91504",,California,Burbank,,91504,,,,4.3,,,,,
TRADING POST,"9956 Lakewood Blvd, Downey, CA 90240",,California,Downey,,90240,,,,4.7,,,,,
Wine Fountaine,"4640 Pearl Ave, San Jose, CA 95136",,California,San Jose,,95136,,,,3.7,,,,,
Bob's Discount Liquors,"3585 Benton St, Santa Clara, CA 95051",,California,Santa Clara,,95051,,,,4.1,,,,,
LaFranchi Liquor,"3500 MacArthur Blvd, Oakland, CA 94619",,California,Oakland,,94619,,,,4.1,,,,,
Millennium Liquor,"1741 Market St, Oakland, CA 94607",,California,Oakland,,94607,,,,4.5,,,,,
Paramount Liquors,"2045 Foothill Blvd, Oakland, CA 94606",,California,Oakland,,94606,,,,4.3,,,,,
U & I Liquors,"2710 Foothill Blvd, Oakland, CA 94601",,California,Oakland,,94601,,,,3.9,,,,,
V&W Liquor Store,"3115 35th Ave, Oakland, CA 94619",,California,Oakland,,94619,,,,5.0,,,,,
Village Liquor,"506 Center St, El Segundo, CA 90245",,California,El Segundo,,90245,,,,4.2,,,,,
Express Liquor,"1250 International Blvd, Oakland, CA 94606",,California,Oakland,,94606,,,,3.9,,,,,
Liquor Bin,"4645 Cherry Ave, San Jose, CA 95118",,California,San Jose,,95118,,,,4.2,,,,,
Top Hat Liquor,"16612 Beach Blvd, Huntington Beach, CA 92647",,California,Huntington Beach,,92647,,,,4.4,,,,,
Glendale Liquor,"1311 E Colorado St, Glendale, CA 91205",,California,Glendale,,91205,,,,4.5,,,,,
Rio Vista Liquor,"2829 E Lincoln Ave, Anaheim, CA 92806",,California,Anaheim,,92806,,,,4.2,,,,,
Bay Area Liquors and Market,"3148 San Pablo Ave, Oakland, CA 94608",,California,Oakland,,94608,,,,4.2,,,,,
Louis Liquor,"9558 Firestone Blvd, Downey, CA 90241",,California,Downey,,90241,,,,4.5,,,,,
Mesa Verde Wine & Liquor,"1520 Baker St, Costa Mesa, CA 92626",,California,Costa Mesa,,92626,,,,4.4,,,,,
Maple Leaf Liquor,"1146 Saratoga Ave #3425, San Jose, CA 95129",,California,San Jose,,95129,,,,4.4,,,,,
Thirst Quencher Liquor,"440 N Glenoaks Blvd, Burbank, CA 91502",,California,Burbank,,91502,,,,4.7,,,,,
Foremost Liquor Stores,"301 Monterey Rd, South Pasadena, CA 91030",,California,South Pasadena,,91030,,,,4.4,,,,,
Springdale Liquor,"13262 Springdale St, Westminster, CA 92683",,California,Westminster,,92683,,,,4.3,,,,,
Squire Liquor,"2218 E 7th St, Long Beach, CA 90804",,California,Long Beach,,90804,,,,4.1,,,,,
Wyman's Liquor,"9300 Firestone Blvd, Downey, CA 90241",,California,Downey,,90241,,,,4.5,,,,,
Anchor liquor Long Beach,"1908 Santa Fe Ave, Long Beach, CA 90810",,California,Long Beach,,90810,,,,4,,,,,
Benson Liquor Store,"4337 E 4th St, Long Beach, CA 90814",,California,Long Beach,,90814,,,,4.1,,,,,
Buck's bin Liquor,"1089 Baker St # A, Costa Mesa, CA 92626",,California,Costa Mesa,,92626,,,,3.9,,,,,
Cabrillo Market & liquors,"3203 Cabrillo Ave, Santa Clara, CA 95051",,California,Santa Clara,,95051,,,,4.7,,,,,
Ski’s Liquor,"12615 Pioneer Blvd, Norwalk, CA 90650",,California,Norwalk,,90650,,,,4.2,,,,,
Bourbon Street Liquor,"1360 E 7th St, Long Beach, CA 90813",,California,Long Beach,,90813,,,,4.3,,,,,
Rosa's Liquor Market,"550 W Anaheim St, Long Beach, CA 90813",,California,Long Beach,,90813,,,,4.0,,,,,
Tustin Liquor,"2370 N Tustin Ave A, Santa Ana, CA 92705",,California,Santa Ana,,92705,,,,4.5,,,,,
3TEN Liquor,"22505 Crenshaw Blvd, Torrance, CA 90505",,California,Torrance,,90505,,,,4.4,,,,,
Bottles liquor,"1150 Market St, Oakland, CA 94607",,California,Oakland,,94607,,,,4.3,,,,,
Sierra Market,"3834 Massachusetts Ave, La Mesa, CA 91941",,California,La Mesa,,91941,,,,4.7,,,,,
Costa Mesa Wine & Spirits,"891 Baker St B1, Costa Mesa, CA 92626",,California,Costa Mesa,,92626,,,,4.6,,,,,
U & I,"4875 Telegraph Ave, Oakland, CA 94609",,California,Oakland,,94609,,,,4.6,,,,,
W C liquor and market,"1658 W Carson St Ste C, Torrance, CA 90501",,California,Torrance,,90501,,,,4.2,,,,,
Four Star Market & Liquor,"2884 38th Ave, Oakland, CA 94619",,California,Oakland,,94619,,,,4.2,,,,,
L&M Liquor Jug,"18400 Vanowen St, Reseda, CA 91335",,California,Reseda,,91335,,,,4.5,,,,,
Encanto Drive-In Liquor,"6555 Imperial Ave, San Diego, CA 92114",,California,San Diego,,92114,,,,4.3,,,,,
KC Liquor & Deli,"296 S Tustin St, Orange, CA 92866",,California,Orange,,92866,,,,4.4,,,,,
Tropic Liquor,"210 Huntington Dr N, Alhambra, CA 91801",,California,Alhambra,,91801,,,,4.0,,,,,
Hi-Lo Liquor Market - Costa Mesa,"2981 Bristol St Ste. A1, Costa Mesa, CA 92626",,California,Costa Mesa,,92626,,,,4.4,,,,,
Adel's Liquor,"3737 El Camino Real, Santa Clara, CA 95051",,California,Santa Clara,,95051,,,,3.6,,,,,
ASL liquor and Market,"8500 Paramount Blvd, Downey, CA 90240",,California,Downey,,90240,,,,4.5,,,,,
Champs Liquor #3,"9414 Telegraph Rd, Downey, CA 90240",,California,Downey,,90240,,,,4.7,,,,,
Golden Hours Liquor Store,"3201 International Blvd, Oakland, CA 94601",,California,Oakland,,94601,,,,4.1,,,,,
King's Liquor & Gourmet,"4435 Torrance Blvd, Torrance, CA 90503",,California,Torrance,,90503,,,,4.1,,,,,
minimo,"420 3rd St, Oakland, CA 94607",,California,Oakland,,94607,,,,4.8,,,,,
Qwik Korner Liquor #57,"612 Baker St # B, Costa Mesa, CA 92626",,California,Costa Mesa,,92626,,,,4.3,,,,,
Fireside Cellars,"1421 Montana Ave, Santa Monica, CA 90402",,California,Santa Monica,,90402,,,,4.4,,,,,
Holden's Liquor,"401 Redondo Ave, Long Beach, CA 90814",,California,Long Beach,,90814,,,,4.3,,,,,
Micro's Market,"4428 Martin Luther King Jr Way, Oakland, CA 94609",,California,Oakland,,94609,,,,4.1,,,,,
Don's Liquors & Wine,"1053 E Capitol Expy, San Jose, CA 95121",,California,San Jose,,95121,,,,4.3,,,,,
Eddie's Drive-In Liquor Store,"5024 Whittier Blvd, Los Angeles, CA 90022",,California,Los Angeles,,90022,,,,3.9,,,,,
Keg N Bottle - Clairemont,"3566 Mt Acadia Blvd, San Diego, CA 92111",,California,San Diego,,92111,,,,4.4,,,,,
P & B Liquor Jr Market,"857 Pacific Ave, Long Beach, CA 90813",,California,Long Beach,,90813,,,,4.1,,,,,
Plaza Liquors,"1546 W Carson St, Torrance, CA 90501",,California,Torrance,,90501,,,,4.5,,,,,
Pueblo Liquor & Market,"885 S Tustin St, Orange, CA 92866",,California,Orange,,92866,,,,4.9,,,,,
Bargin Liquor,"3036 E 4th St, Long Beach, CA 90814",,California,Long Beach,,90814,,,,4.2,,,,,
Keg N Bottle,"6380 Del Cerro Blvd suite a, San Diego, CA 92120",,California,San Diego,,92120,,,,4.2,,,,,
Minit market,"2151 E Santa Clara Ave, Santa Ana, CA 92705",,California,Santa Ana,,92705,,,,4,,,,,
Orange Liquor,"535 N Tustin St, Orange, CA 92867",,California,Orange,,92867,,,,4.4,,,,,
PCH Wine & Spirits,"17951 Magnolia St, Fountain Valley, CA 92708",,California,Fountain Valley,,92708,,,,5.0,,,,,
A & J happy liquor,"414 W Lincoln Ave, Orange, CA 92865",,California,Orange,,92865,,,,4.3,,,,,
Atlantic Liquors,"1010 S Atlantic Blvd, Los Angeles, CA 90022",,California,Los Angeles,,90022,,,,4.2,,,,,
General Liquors,"4301 Market St, Oakland, CA 94608",,California,Oakland,,94608,,,,4.8,,,,,
408 Liquor(Pure Water),"1053 E El Camino Real #1, Sunnyvale, CA 94087",,California,Sunnyvale,,94087,,,,2,,,,,
P & B Liquor Jr Market,"1953 E 4th St, Long Beach, CA 90802",,California,Long Beach,,90802,,,,4.4,,,,,
P and M Market,"1405 34th St, Oakland, CA 94608",,California,Oakland,,94608,,,,4.4,,,,,
Sam's Liquor Store,"1576 Santa Fe Ave, Long Beach, CA 90813",,California,Long Beach,,90813,,,,4.5,,,,,
Fullerton Liquor,"2419 E Orangethorpe Ave, Fullerton, CA 92831",,California,Fullerton,,92831,,,,2.3,,,,,
The Wine Mine,"5427 Telegraph Ave, Oakland, CA 94609",,California,Oakland,,94609,,,,4.9,,,,,
Cask N Flask,"14520 Camden Ave, San Jose, CA 95124",,California,San Jose,,95124,,,,4.4,,,,,
East Bay Liquors,"5350 Martin Luther King Jr Way, Oakland, CA 94609",,California,Oakland,,94609,,,,4.2,,,,,
Eddie's Drive In Liquors,"5491 College Ave, Oakland, CA 94618",,California,Oakland,,94618,,,,4.0,,,,,
Foothill Discount Liquors,"3828 Foothill Blvd, Oakland, CA 94601",,California,Oakland,,94601,,,,4.2,,,,,
Valley Beverage Company,"14901 Ventura Blvd, Sherman Oaks, CA 91403",,California,Sherman Oaks,,91403,,,,4.5,,,,,
Fruitvale Bottles & Liquor,"3709 International Blvd, Oakland, CA 94601",,California,Oakland,,94601,,,,5,,,,,
Dave's Market Liquor,"1601 E 4th St, Long Beach, CA 90802",,California,Long Beach,,90802,,,,4.2,,,,,
Fruitvale Bottles & Liquor / King's Liquors Groceries,"3715 International Boulevard, Oakland, CA 94601",,California,Oakland,,94601,,,,5.0,,,,,
Jim's Liquor,"1488 Santa Fe Ave, Long Beach, CA 90813",,California,Long Beach,,90813,,,,2.3,,,,,
Oaktown Market,"3133 High St, Oakland, CA 94619",,California,Oakland,,94619,,,,4.2,,,,,
SoCal Wine & Spirits,"1042 E 1st St, Tustin, CA 92780",,California,Tustin,,92780,,,,4.5,,,,,
Uptown Market & Liquor Craft Beer,"5635 Shattuck Ave, Oakland, CA 94609",,California,Oakland,,94609,,,,4.3,,,,,
Ambassador Liquor Store,"1642 E 4th St, Long Beach, CA 90802",,California,Long Beach,,90802,,,,4.7,,,,,
BevMo!,"525 Embarcadero West, Oakland, CA 94607",,California,Oakland,,94607,,,,4.4,,,,,
Ken's Liquor,"6848 GAGE AVE, Bell Gardens, CA 90201",,California,Bell Gardens,,90201,,,,4.3,,,,,
Lion Liquors,"2415 Alvin Ave, San Jose, CA 95121",,California,San Jose,,95121,,,,4.1,,,,,
Lions Liquor,"4100 Foothill Blvd, Oakland, CA 94601",,California,Oakland,,94601,,,,4.3,,,,,
Liquor Mart,"11417 Telegraph Rd, Santa Fe Springs, CA 90670",,California,Santa Fe Springs,,90670,,,,4.3,,,,,
Town & Country Liquor,"111 N Raymond Ave, Fullerton, CA 92831",,California,Fullerton,,92831,,,,4.3,,,,,
World Liquor,"1840 E Collins Ave, Orange, CA 92867",,California,Orange,,92867,,,,4.2,,,,,
Bud's Liquor Store and Market,"1298 E 4th St, Long Beach, CA 90802",,California,Long Beach,,90802,,,,4.6,,,,,
Genova Liquors,"742 E 7th St, Long Beach, CA 90813",,California,Long Beach,,90813,,,,4.3,,,,,
5 Star Market & Liquor & Kegs,"7495 University Ave, La Mesa, CA 91942",,California,La Mesa,,91942,,,,4.4,,,,,
Big John's Liquor,"949 Daisy Ave, Long Beach, CA 90813",,California,Long Beach,,90813,,,,4.4,,,,,
Orange Tree Liquor,"110 E Lincoln Ave, Orange, CA 92865",,California,Orange,,92865,,,,3.9,,,,,
Wolfe Liquor,"1689 S Wolfe Rd, Sunnyvale, CA 94087",,California,Sunnyvale,,94087,,,,3.6,,,,,
Bottle Rock liquor,"5307 Lake Murray Blvd, La Mesa, CA 91942",,California,La Mesa,,91942,,,,4.3,,,,,
Mission Wines,"1114 Mission St, South Pasadena, CA 91030",,California,South Pasadena,,91030,,,,4.7,,,,,
Atlantic Wine and Spirits,"504 S Atlantic Blvd, Monterey Park, CA 91754",,California,Monterey Park,,91754,,,,4.4,,,,,
Plaza Wine and Spirits,"1525 Mesa Verde Dr E, Costa Mesa, CA 92626",,California,Costa Mesa,,92626,,,,4.4,,,,,
Tak Food & Liquor,"1091 McCreery Ave #40, San Jose, CA 95116",,California,San Jose,,95116,,,,4.5,,,,,
Today Wine And Spirits,"333 N Verdugo Rd, Glendale, CA 91206",,California,Glendale,,91206,,,,4.9,,,,,
Paul Marcus Wines,"5655 College Ave, Oakland, CA 94618",,California,Oakland,,94618,,,,5,,,,,
SAKE SECRET,"460 Pine Ave, Long Beach, CA 90802",,California,Long Beach,,90806,,,,5,,,,,
Stop 'n' Buy,"1601 Tully Rd, San Jose, CA 95122",,California,San Jose,,95122,,,,3.3,,,,,
Bibo Liquor & Market,"14062 Springdale St, Westminster, CA 92683",,California,Westminster,,92683,,,,4.0,,,,,
Hollymain Liquor,"404 Main St, El Segundo, CA 90245",,California,El Segundo,,90245,,,,4.5,,,,,
Howell’s Liquor,"6853 Imperial Ave, San Diego, CA 92114",,California,San Diego,,92114,,,,4.3,,,,,
Nine Liquor #2,"1322 E Chapman Ave, Fullerton, CA 92831",,California,Fullerton,,92831,,,,3.3,,,,,
Paco's Liquor,"5048 E 3rd St, East Los Angeles, CA 90022",,California,East Los Angeles,,90022,,,,4.5,,,,,
Pacos Liquor,"5048 E 3rd St , Los Angeles , CA 90022",,California,Los Angeles,,90022,,,,4.5,,,,,
7 Kings Mini Market,"17646 Lassen st #1, Northridge, CA 91325",,California,Northridge,,91325,,,,2.8,,,,,
Clown Liquor,"8690 Aero Dr #130, San Diego, CA 92123",,California,San Diego,,92123,,,,4.3,,,,,
Quincy Liquors,"982 E El Camino Real, Sunnyvale, CA 94087",,California,Sunnyvale,,94087,,,,4.0,,,,,
Supreme Liquor Mart,"658 Magnolia Ave, Long Beach, CA 90802",,California,Long Beach,,90802,,,,4,,,,,
Corked,"1520 Aviation Boulevard, Redondo Beach, CA 90278",,California,Redondo Beach,,90278,,,,4.9,,,,,
Irvine Market Liquor Store,"2540 Main St, Irvine, CA 92614",,California,Irvine,,92614,,,,4.1,,,,,
M & M Liquor Market,"17330 Beach Blvd, Huntington Beach, CA 92647",,California,Huntington Beach,,92647,,,,4.1,,,,,
Hometown Liquor Wine & Cigars,"601 Virginia St, El Segundo, CA 90245",,California,El Segundo,,90245,,,,4.3,,,,,
Portofino Liquor,"19756 Sherman Way, Winnetka, CA 91306",,California,Winnetka,,91306,,,,4.4,,,,,
Primo Food & Liquor Store,"17465 Beach Blvd #71, Huntington Beach, CA 92647",,California,Huntington Beach,,92647,,,,5,,,,,
Uncle Fossil Wine & Spirits,"2710 Alton Pkwy #217, Irvine, CA 92606",,California,Irvine,,92606,,,,4.2,,,,,
William's Market & Liquor,"5830 Telegraph Ave, Oakland, CA 94609",,California,Oakland,,94609,,,,4.5,,,,,
Wilson's Liquor,"916 E 8th St #101, National City, CA 91950",,California,National City,,91950,,,,4.1,,,,,
Franks Liquors & Market,"5742 E Beverly Blvd, Los Angeles, CA 90022",,California,East Los Angeles,,90022,,,,4.3,,,,,
King's Liquor,"1626 E 8th St, National City, CA 91950",,California,National City,,91950,,,,3.8,,,,,
Pennysaver Market & Liquors,"4800 Foothill Blvd, Oakland, CA 94601",,California,Oakland,,94601,,,,4.2,,,,,
Sav-Mor Liquor Store,"1333 Peralta St, Oakland, CA 94607",,California,Oakland,,94607,,,,4.3,,,,,
Adeline Market and liquor,"5702 Adeline St, Oakland, CA 94608",,California,Oakland,,94608,,,,4.4,,,,,
Art's Liquor Market,"5626 East Beverly Boulevard, East Los Angeles, CA 90022",,California,East Los Angeles,,90022,,,,4.5,,,,,
Happy Liquor,"3977 Senter Rd, San Jose, CA 95111",,California,San Jose,,95111,,,,3.1,,,,,
Highland Liquors & Jr Market,"16163 San Fernando Mission Boulevard, Los Angeles, CA 91344",,California,Los Angeles,,91344,,,,4.3,,,,,
One Stop Liquor Market,"22540 S Western Ave suite b, Torrance, CA 90501",,California,Torrance,,90501,,,,4.2,,,,,
Wine Mess Liquor,"1770 E Broadway, Long Beach, CA 90802",,California,Long Beach,,90802,,,,4.5,,,,,
Mr. K's Liquor,"615 W Orangethorpe Ave, Placentia, CA 92870",,California,Placentia,,92870,,,,4.8,,,,,
Tommy's On Broadway,"1112 E Broadway, Long Beach, CA 90802",,California,Long Beach,,90802,,,,4.6,,,,,
Union Avenue Liquors,"3649 Union Ave, San Jose, CA 95124",,California,San Jose,,95124,,,,4.1,,,,,
Frank’s Liquor,"919 E Broadway, Long Beach, CA 90802",,California,Long Beach,,90802,,,,4.3,,,,,
LUCKY 1 HB,"7351 Warner Ave, Huntington Beach, CA 92647",,California,Huntington Beach,,92647,,,,4.5,,,,,
Amber Liquor Inc,"20263 W Saticoy St # A, Winnetka, CA 91306",,California,Winnetka,,91306,,,,4.1,,,,,
Bob's Discount Liquors #5,"757 S Wolfe Rd, Sunnyvale, CA 94086",,California,Sunnyvale,,94086,,,,4.1,,,,,
Craft Beer Kings,"17701 Beach Blvd, Huntington Beach, CA 92647",,California,Huntington Beach,,92647,,,,4.3,,,,,
Joe's Liquor,"15437 Edwards St, Huntington Beach, CA 92647",,California,Huntington Beach,,92647,,,,4.4,,,,,
ASA Liquor Store liquor Beer Wine Groceries,"5909 Market Dr, Emeryville, CA 94608",,California,Emeryville,,94608,,,,4.3,,,,,
Belmont Heights Liquor & Mart,"3500A E Broadway A, Long Beach, CA 90803",,California,Long Beach,,90803,,,,4,,,,,
CAMPUS LIQUOR,"321 N State College Blvd, Fullerton, CA 92831",,California,Fullerton,,92831,,,,3.9,,,,,
Loma Liquor,"220 Loma Ave, Long Beach, CA 90803",,California,Long Beach,,90803,,,,4.3,,,,,
Chateau Liquor Store,"4545 Sepulveda Blvd, Torrance, CA 90505",,California,Torrance,,90505,,,,4.5,,,,,
Jones Liquor,"2435 E Broadway, Long Beach, CA 90803",,California,Long Beach,,90803,,,,4.6,,,,,
Hi-Ho Liquor,"824 E Lincoln Ave, Orange, CA 92865",,California,Orange,,92865,,,,3.9,,,,,
Branham Wine & Liquor,"1659 Branham Ln D, San Jose, CA 95118",,California,San Jose,,95118,,,,3.9,,,,,
Central Liquor & Deli,"178 Orange Ave, Coronado, CA 92118",,California,Coronado,,92118,,,,4.5,,,,,
Countryside Liquors,"1711 McKee Rd suite k, San Jose, CA 95116",,California,San Jose,,95116,,,,4.1,,,,,
Farmstead Cheeses & Wines,"1650 Park St Unit C, Alameda, CA 94501",,California,Alameda,,94501,,,,5,,,,,
Liquor Mart,"2643 Lemon Grove Ave, Lemon Grove, CA 91945",,California,Lemon Grove,,91945,,,,4.5,,,,,
Mega Liquor #4,"301 W Las Tunas Dr, San Gabriel, CA 91776",,California,San Gabriel,,91776,,,,4.3,,,,,
Red Carpet Liquor Store,"85 Alamitos Ave, Long Beach, CA 90802",,California,Long Beach,,90802,,,,4.4,,,,,
Vino!,"6319 College Ave, Oakland, CA 94618",,California,Oakland,,94618,,,,4.7,,,,,
Abe's Liquors & Market,"1939 Alum Rock Ave, San Jose, CA 95116",,California,San Jose,,95116,,,,4.2,,,,,
Canon Liquor & Deli,"1586 E Chevy Chase Dr, Glendale, CA 91206",,California,Glendale,,91206,,,,4.4,,,,,
Eastridge Liquors,"1855 Tully Rd, San Jose, CA 95122",,California,San Jose,,95122,,,,4.6,,,,,
Franks Liquor,"5092 Westminster Blvd., Westminster, CA 92683",,California,Westminster,,92683,,,,4.5,,,,,
Mc Cowan Liquor,"22802 S Western Ave, Torrance, CA 90501",,California,Torrance,,90501,,,,4.4,,,,,
Fox liquor #3,"22332 Normandie Ave, Torrance, CA 90502",,California,Torrance,,90502,,,,4.6,,,,,
Isler's Liquors,"5285 Foothill Blvd, Oakland, CA 94601",,California,Oakland,,94601,,,,4.6,,,,,
J Street Liquor,"3712 J St, Sacramento, CA 95816",,California,Sacramento,,95816,,,,4.5,,,,,
Liquor & Food,"734 Fair Oaks Ave, Sunnyvale, CA 94086",,California,Sunnyvale,,94086,,,,3.5,,,,,
Mabury Beer-Wine & Liquor Market,"788 N King Rd, San Jose, CA 95133",,California,San Jose,,95133,,,,3.3,,,,,
Naples Wine & Spirits,"5764 2nd St #150, Long Beach, CA 90803",,California,Long Beach,,90803,,,,3.6,,,,,
Plaza Liquor Deli,"301 E Market St, Daly City, CA 94014",,California,Daly City,,94014,,,,4.3,,,,,
Cask - Berkeley,"3185 College Ave, Berkeley, CA 94705",,California,Berkeley,,94705,,,,4.7,,,,,
Chalet Liquor,"6541 Edinger Ave, Huntington Beach, CA 92647",,California,Huntington Beach,,92647,,,,4.3,,,,,
Party Time Liquors Number 4,"6026 Reseda Boulevard , Los Angeles , CA 91356",,California,Los Angeles,,91356,,,,4.5,,,,,
Prit Market,"3946 Martin Luther King Jr Blvd, Sacramento, CA 95820",,California,Sacramento,,95820,,,,3.9,,,,,
Gerlach's,"1075 S Fair Oaks Ave, Pasadena, CA 91105",,California,Pasadena,,91105,,,,4.6,,,,,
Liquor Hub,"1601 Park St, Alameda, CA 94501",,California,Alameda,,94501,,,,4.8,,,,,
Liquor Locker,"5297 2nd St, Long Beach, CA 90803",,California,Long Beach,,90803,,,,4.5,,,,,
Barrelhouse Wine & Spirits,"16932 Goldenwest St, Huntington Beach, CA 92647",,California,Huntington Beach,,92647,,,,4.6,,,,,
Bistro Liquor Market,"6441 Edinger Ave, Huntington Beach, CA 92647",,California,Huntington Beach,,92647,,,,4.8,,,,,
Grand Market,"1702 Lincoln Ave, Alameda, CA 94501",,California,Alameda,,94501,,,,3.8,,,,,
Luckys liquor,"933 N Avalon Blvd, Wilmington, CA 90744",,California,Wilmington,,90744,,,,4.6,,,,,
BevMo!,"5205 Prospect Rd #157, San Jose, CA 95129",,California,San Jose,,95129,,,,4.2,,,,,
Fairfax Liquor,"5403 Foothill Blvd, Oakland, CA 94601",,California,Oakland,,94601,,,,4.3,,,,,
Happy Time,"1647 8th St, Oakland, CA 94607",,California,Oakland,,94607,,,,4.1,,,,,
Hi-Lo Liquor Market - Long Beach,"707 E Ocean Blvd #A, Long Beach, CA 90802",,California,Long Beach,,90802,,,,4.7,,,,,
Liquor Bros,"15080 Edwards St, Huntington Beach, CA 92647",,California,Huntington Beach,,92647,,,,4.5,,,,,
Mr B's Liquor & Wine,"5121 Folsom Blvd, Sacramento, CA 95819",,California,Sacramento,,95819,,,,3.9,,,,,
Neptune Liquor,"600 W Pacific Coast Hwy, Wilmington, CA 90744",,California,Wilmington,,90744,,,,4.4,,,,,
Bradley's Fine Wines & Spirits,"12932 Newport Ave #1, Tustin, CA 92780",,California,Tustin,,92780,,,,4.7,,,,,
CRAFT Beer & Wine,"2526 Santa Clara Ave A, Alameda, CA 94501",,California,Alameda,,94501,,,,4.9,,,,,
White Horse Liquors,"6606 Telegraph Ave, Berkeley, CA 94705",,California,Berkeley,,94705,,,,4,,,,,
Lundy Liquors,"964 Lundy Ave, San Jose, CA 95133",,California,San Jose,,95133,,,,3.9,,,,,
Good 2 Go liquor & curry,"2536 Santa Clara Ave, Alameda, CA 94501",,California,Alameda,,94501,,,,5,,,,,
Riviera Liquor House,"4114 W Point Loma Blvd, San Diego, CA 92110",,California,San Diego,,92110,,,,4.6,,,,,
Wachira Wines,"1419 Park St, Alameda, CA 94501",,California,Alameda,,94501,,,,4.6,,,,,
Wine Rack & Liquor,"1375 Blossom Hill Rd #63, San Jose, CA 95118",,California,San Jose,,95118,,,,4.3,,,,,
C & B Food Liquor,"1812 Broadway, Sacramento, CA 95818",,California,Sacramento,,95818,,,,4.4,,,,,
Gold Star Liquor,"19171 Magnolia St # 4, Huntington Beach, CA 92646",,California,Huntington Beach,,92646,,,,3.9,,,,,
Johny Liquor Montebello,"400 Washington blvd, Montebello, CA 90640",,California,Montebello,,90640,,,,4.7,,,,,
Crest Balboa Liquor,"6139 Balboa Ave, San Diego, CA 92111",,California,San Diego,,92111,,,,5,,,,,
Hanshaw Liquor,"3022 E Chapman Ave, Orange, CA 92869",,California,Orange,,92869,,,,4.5,,,,,
Story Road Liquor,"2241 Story Rd, San Jose, CA 95122",,California,San Jose,,95122,,,,4,,,,,
Inces Beach Market And Liquor,"18015 Beach Blvd, Huntington Beach, CA 92648",,California,Huntington Beach,,92648,,,,4.7,,,,,
Sunrise Liquor & Food Store,"2205 Fairview Rd, Costa Mesa, CA 92627",,California,Costa Mesa,,92627,,,,4.3,,,,,
Low's Liquors,"14928 Springdale St, Huntington Beach, CA 92647",,California,Huntington Beach,,92647,,,,4.7,,,,,
River Park Market,"5485 Carlson Dr, Sacramento, CA 95819",,California,Sacramento,,95819,,,,4,,,,,
State Market Liquors,"707 Willow St, Oakland, CA 94607",,California,Oakland,,94607,,,,4.2,,,,,
Town Liquor,"9795 Adams Ave, Huntington Beach, CA 92646",,California,Huntington Beach,,92646,,,,4.7,,,,,
Hillside Market Mr. Liquor,"1165 Hillside Blvd, Daly City, CA 94014",,California,Daly City,,94014,,,,4.5,,,,,
Alameda Cellars wines and liquors,"2425 Encinal Ave, Alameda, CA 94501",,California,Alameda,,94501,,,,4.4,,,,,
Ranch Spirits,"2651 Irvine Ave ste i, Costa Mesa, CA 92627",,California,Costa Mesa,,92627,,,,4.1,,,,,
Bottles and More Liquor,"1535 East 18th Street, National City, CA 91950",,California,National City,,91950,,,,4.4,,,,,
J & S Liquors,"23804 Crenshaw Blvd, Torrance, CA 90505",,California,Torrance,,90505,,,,4.5,,,,,
Los Camelleos Tienda,"5913 International Blvd, Oakland, CA 94621",,California,Oakland,,94621,,,,3.3,,,,,
Tallac Bottle Shop,"5994 14th Ave, Sacramento, CA 95820",,California,Sacramento,,95820,,,,4.1,,,,,
Arroyo Craft Beer,"290 S Arroyo Pkwy, Pasadena, CA 91105",,California,Pasadena,,91105,,,,5,,,,,
Glory Liquor Store,"835 W Pacific Coast Hwy, Wilmington, CA 90744",,California,Wilmington,,90744,,,,4.2,,,,,
Jack's Liquors,"2298 Story Rd, San Jose, CA 95122",,California,San Jose,,95122,,,,4.6,,,,,
Red Hill Liquor,"3302 E Chapman Ave #3811, Orange, CA 92869",,California,Orange,,92869,,,,4.6,,,,,
Silver Skate Liquor Store,"23814 S Western Ave, Harbor City, CA 90710",,California,Harbor City,,90710,,,,4.4,,,,,
A & P Liquors,"1101 21st Street, Sacramento, CA 95811",,California,Sacramento,,95811,,,,4.1,,,,,
BevMo!,"871 Blossom Hill Rd, San Jose, CA 95123",,California,San Jose,,95123,,,,4.3,,,,,
E-Z Liquors #2,"901 Lincoln Ave, Alameda, CA 94501",,California,Alameda,,94501,,,,4.7,,,,,
Ladin's Liquor Delicatessen,"20857 Sherman Way, Winnetka, CA 91306",,California,Canoga Park,,91306,,,,4.6,,,,,
Tower Liquor,"1525 Broadway, Sacramento, CA 95818",,California,Sacramento,,95818,,,,4,,,,,
UC Liquor,"1216 Park St, Alameda, CA 94501",,California,Alameda,,94501,,,,4.4,,,,,
Encinal Liquor,"2172 Encinal Ave, Alameda, CA 94501",,California,Alameda,,94501,,,,4.5,,,,,
Newport Liquor,"2200 Newport Blvd, Costa Mesa, CA 92627",,California,Costa Mesa,,92627,,,,4,,,,,
Palm Springs Liquor Inc.,"4301 Palm Ave, La Mesa, CA 91941",,California,La Mesa,,91941,,,,4.8,,,,,
Southern Hemisphere Wine,"5973 Engineer Dr, Huntington Beach, CA 92649",,California,Huntington Beach,,92649,,,,4.9,,,,,
Us Liquors,"2997 Sacramento St, Berkeley, CA 94702",,California,Berkeley,,94702,,,,4.1,,,,,
World Wine & Liquor,"5301 Fruitridge Rd #A, Sacramento, CA 95820",,California,Sacramento,,95820,,,,3.8,,,,,
Sun Liquors,"215 E Washington Ave, Sunnyvale, CA 94086",,California,Sunnyvale,,94086,,,,4.5,,,,,
Manhattan Fine Wines,"1157 Artesia Blvd, Manhattan Beach, CA 90266",,California,Manhattan Beach,,90266,,,,4.9,,,,,
Bob's Liquors & Deli,"2842 Sacramento St, Berkeley, CA 94702",,California,Berkeley,,94702,,,,4.1,,,,,
Chimas Liquor,"5049 Franklin Blvd, Sacramento, CA 95820",,California,Sacramento,,95820,,,,3.2,,,,,
Easy Liquor,"3045 San Pablo Ave, Berkeley, CA 94702",,California,Berkeley,,94702,,,,3.6,,,,,
Nico Wine,"1710 R St Suite 180, Sacramento, CA 95811",,California,Sacramento,,95811,,,,4.8,,,,,
Prince Liquor,"4425 C. Mayor, Torrance, CA 90505",,California,Torrance,,90505,,,,4.2,,,,,
Royal Liquor,"3114 Pacific Coast Hwy, Torrance, CA 90505",,California,Torrance,,90505,,,,3,,,,,
Adam’s Liquor And Bottle Shop 2,"604 Torrance Blvd, Redondo Beach, CA 90277",,California,Redondo Beach,,90277,,,,4.9,,,,,
Bascom Liquor & Food,"3750 S Bascom Ave, San Jose, CA 95124",,California,San Jose,,95124,,,,4.4,,,,,
BevMo! - Midtown,"1700 J Street, Sacramento, CA 95811",,California,Sacramento,,95811,,,,4.4,,,,,
City Market No.11,"333 N Placentia Ave, Fullerton, CA 92831",,California,Fullerton,,92831,,,,4.1,,,,,
Jackson Liquor and Food,"150 S Jackson Ave, San Jose, CA 95116",,California,San Jose,,95116,,,,4.1,,,,,
Liquor King,"5620 Franklin Blvd, Sacramento, CA 95824",,California,Sacramento,,95824,,,,4,,,,,
Bi-Rite Liquors,"2495 Sacramento St, Berkeley, CA 94702",,California,Berkeley,,94703,,,,4.2,,,,,
Big E Wines & Liquor,"5525 Jackson Drive, La Mesa, CA 91942",,California,La Mesa,,91942,,,,4.1,,,,,
Lincoln Square Liquors,"4100 Redwood Rd # 17, Oakland, CA 94619",,California,Oakland,,94619,,,,4.3,,,,,
Pasadena Wine Shop,"1055 E Green St, Pasadena, CA 91106",,California,Pasadena,,91106,,,,4.9,,,,,
Tip Top Liquors,"3012 San Pablo Ave, Berkeley, CA 94702",,California,Berkeley,,94702,,,,4.1,,,,,
Better Buy Liquor Store,"1801 Webster St, Alameda, CA 94501",,California,Alameda,,94501,,,,4,,,,,
Kings Wine and Liquor #2,"2346 Fruitridge Rd, Sacramento, CA 95822",,California,Sacramento,,95822,,,,4.2,,,,,
Prestige Liquor & Wine,"1050 Howe Ave, Sacramento, CA 95825",,California,Sacramento,,95825,,,,4.1,,,,,
WineShoppe,"2733 Pacific Coast Hwy, Torrance, CA 90505",,California,Torrance,,90505,,,,4.6,,,,,
Parkway Liquor,"9085 Dallas St, La Mesa, CA 91942",,California,La Mesa,,91942,,,,4.4,,,,,
Big Time Market & Liquor,"2101 Saipan Dr, San Diego, CA 92139",,California,San Diego,,92139,,,,4.1,,,,,
Bottle Bin Liquor- LA,"20915 Vanowen Street , Los Angeles , CA 91303",,California,Los Angeles,,91303,,,,4.3,,,,,
California Beer & Beverage,"1415 L St #250, Sacramento, CA 95814",,California,Sacramento,,95814,,,,3,,,,,
Pat's Liquor,"1072 E Colorado Blvd, Pasadena, CA 91106",,California,Pasadena,,91106,,,,3.9,,,,,
Corks & Cans liquor,"1040 W 4th St, Ontario, CA 91762",,California,Ontario,,91762,,,,4.8,,,,,
La Quinta Liquor,"78025 Avenida La Fonda #2923, La Quinta, CA 92253",,California,La Quinta,,92253,,,,4.5,,,,,
Minute King Liquor,"2052 Newport Blvd # 1, Costa Mesa, CA 92627",,California,Costa Mesa,,92627,,,,4.3,,,,,
D-K Liquor,"8041 Ellis Ave, Huntington Beach, CA 92646",,California,Huntington Beach,,92646,,,,4.2,,,,,
Holiday House Liquor,"4206 bonita rd, Bonita, CA 91902",,California,Bonita,,91902,,,,4.7,,,,,
Multani liquor and mart,"3885 Pacific Coast Hwy, Torrance, CA 90505",,California,Torrance,,90505,,,,4.4,,,,,
Safeway Liquor,"17702 Chatsworth Street, Los Angeles, CA 91344",,California,Los Angeles,,91344,,,,4.4,,,,,
Wines & Spirits Liquor,"10318 Reseda Blvd, Porter Ranch, CA 91326",,California,Porter Ranch,,91326,,,,4.2,,,,,
A J's Liquor Store,"112 N Tustin Ave, Anaheim, CA 92807",,California,Anaheim,,92807,,,,4,,,,,
Ace Liquor,"2222 Northgate Blvd, Sacramento, CA 95833",,California,Sacramento,,95833,,,,4.2,,,,,
B & W Bottleshop,"1810 Del Paso Blvd, Sacramento, CA 95815",,California,Sacramento,,95815,,,,4,,,,,
Sunland Liquor,"2000 Del Paso Blvd, Sacramento, CA 95815",,California,Sacramento,,95815,,,,3.8,,,,,
Bonita Valley Liquor,"4040 Bonita Rd, Bonita, CA 91902",,California,Bonita,,91902,,,,4.3,,,,,
Court Liquor Store,"6225 Franklin Blvd, Sacramento, CA 95824",,California,Sacramento,,95824,,,,4,,,,,
Hi Bev Liquor & Kegs,"2111 Highland Ave, National City, CA 91950",,California,National City,,91950,,,,4.1,,,,,
Park Vasona,"3391 S Winchester Blvd, Campbell, CA 95008",,California,Campbell,,95008,,,,4.4,,,,,
S P Liquor & Market,"2630 Northgate Blvd, Sacramento, CA 95833",,California,Sacramento,,95833,,,,4.1,,,,,
J & M Liquor,"8940 Beverly Blvd, Pico Rivera, CA 90660",,California,Pico Rivera,,90660,,,,4.7,,,,,
Larry's Liquor,"9039 Adams Ave, Huntington Beach, CA 92646",,California,Huntington Beach,,92646,,,,4.2,,,,,
Rodney's Cigar & Liquor Store,"1000 J St, Sacramento, CA 95814",,California,Sacramento,,95814,,,,3.9,,,,,
Santos Liquors,"1542 Webster St, Alameda, CA 94501",,California,Alameda,,94501,,,,2.6,,,,,
Tipsy Fox Liquor,"25920 Rolling Hills Rd, Torrance, CA 90505",,California,Torrance,,90505,,,,N/A,,,,,
House of Cigar & Liquor,"400 S Pacific Coast Hwy, Redondo Beach, CA 90277",,California,Redondo Beach,,90277,,,,4.8,,,,,
King's Liquor,"3021 Alta View Dr, San Diego, CA 92139",,California,San Diego,,92139,,,,4.7,,,,,
Wayne's Liquor,"17851 Santiago Blvd, Villa Park, CA 92861",,California,Villa Park,,92861,,,,3.8,,,,,
88 Liquor,"586 W 19th St, Costa Mesa, CA 92627",,California,Costa Mesa,,92627,,,,4.3,,,,,
Mills Liquor,"5911 MacArthur Blvd, Oakland, CA 94605",,California,Oakland,,94605,,,,4.4,,,,,
Base Liquor,"996 Cardiff St, San Diego, CA 92114",,California,San Diego,,92114,,,,3.2,,,,,
Delta Liquor,"8833 Adams Ave, Huntington Beach, CA 92646",,California,Huntington Beach,,92646,,,,4.7,,,,,
Ruby Liquor,"443 S Pacific Coast HWY, Redondo Beach, CA 90277",,California,Redondo Beach,,90277,,,,4.4,,,,,
Capitol Liquor,"6019 Stockton Blvd #A, Sacramento, CA 95824",,California,Sacramento,,95824,,,,3.4,,,,,
Max Liquor,"6029 Warner Ave, Huntington Beach, CA 92647",,California,Huntington Beach,,92647,,,,3.1,,,,,
Corbin Liquor,"19661 Ventura Blvd, Tarzana, CA 91356",,California,Tarzana,,91356,,,,3.7,,,,,
Gold Star Mart,"930 S St, Sacramento, CA 95811",,California,Sacramento,,95811,,,,3.8,,,,,
Manns Liquor,"8130 Auburn Blvd, Citrus Heights, CA 95610",,California,Citrus Heights,,95610,,,,4.5,,,,,
Lo-Cost Liquors,"2301 San Pablo Ave, Berkeley, CA 94702",,California,Berkeley,,94702,,,,4.3,,,,,
Step N Go Market,"110 Bradford Ave, Placentia, CA 92870",,California,Placentia,,92870,,,,5.0,,,,,
Sunshine Liquor,"724 W 19th St A, Costa Mesa, CA 92627",,California,Costa Mesa,,92627,,,,4.6,,,,,
Beer Wine Market,"21131 Victory Blvd, Canoga Park, CA 91303",,California,Canoga Park,,91303,,,,4.3,,,,,
Fiesta Liquors,"672 N Fair Oaks Ave, Sunnyvale, CA 94085",,California,Sunnyvale,,94085,,,,4.9,,,,,
Park-N-Save Market & Liquor,"3041 Rio Linda Blvd, Sacramento, CA 95815",,California,Sacramento,,95815,,,,4,,,,,
Party Time Liquor,"460 N Mountain Ave, Ontario, CA 91762",,California,Ontario,,91762,,,,4.3,,,,,
Rocket Liquor,"21413 Vanowen Street, Los Angeles, CA 91303",,California,Los Angeles,,91303,,,,4.2,,,,,
Tarzana Wine & Spirits,"18839 Ventura Blvd, Tarzana, CA 91356",,California,Tarzana,,91356,,,,4.5,,,,,
Van's Liquor,"145 E 19th St D, Costa Mesa, CA 92627",,California,Costa Mesa,,92627,,,,4.2,,,,,
M & B Discount Wine & Liquor,"2230 El Camino Ave, Sacramento, CA 95821",,California,Sacramento,,95821,,,,4.2,,,,,
Prestige Wines & Liquors,"490 N Mathilda Ave, Sunnyvale, CA 94085",,California,Sunnyvale,,94085,,,,4.1,,,,,
Sabatini's Liquor,"1780 Rosecrans St, San Diego, CA 92106",,California,San Diego,,92106,,,,4.2,,,,,
Soni's Liquor & market,"197 S 2nd Ave, Upland, CA 91786",,California,Upland,,91786,,,,4.3,,,,,
Towne Mart,"8223 Auburn Blvd, Citrus Heights, CA 95610",,California,Citrus Heights,,95610,,,,4.0,,,,,
Bill's Liquor & Deli,"2905 Del Paso Blvd, Sacramento, CA 95815",,California,Sacramento,,95815,,,,4,,,,,
College Town Bottle Shop,"7690 La Riviera Dr, Sacramento, CA 95826",,California,Sacramento,,95826,,,,3.9,,,,,
Liquor Mart,"2044 E Colorado Blvd #1, Pasadena, CA 91107",,California,Pasadena,,91107,,,,4.4,,,,,
Mr. Kegs,"5914 Warner Ave, Huntington Beach, CA 92649",,California,Huntington Beach,,92649,,,,4.5,,,,,
National City Liquor,"2421 National City Blvd, National City, CA 91950",,California,National City,,91950,,,,4.2,,,,,
Ram Mini Mart,"407 El Cajon Blvd, El Cajon, CA 92020",,California,El Cajon,,92020,,,,4.7,,,,,
Bottle House Liquor,"6018 Norwalk Blvd, Whittier, CA 90606",,California,Whittier,,90606,,,,4.5,,,,,
Dave's Liquors,"1401 Webster St, Alameda, CA 94501",,California,Alameda,,94501,,,,4,,,,,
Earl's Liquor,"299 S Capitol Ave, San Jose, CA 95127",,California,San Jose,,95127,,,,4.4,,,,,
Galamart,"1193 W El Camino Real, Sunnyvale, CA 94087",,California,Sunnyvale,,94087,,,,3.6,,,,,
Tropicana Liquors,"2770 Story Rd, San Jose, CA 95127",,California,San Jose,,95127,,,,4.2,,,,,
Beyond Napa Wine Merchants,"2580 Fair Oaks Blvd, Sacramento, CA 95825",,California,Sacramento,,95825,,,,4.9,,,,,
Marina Liquor & Grocery Store,"1265 University Ave, Berkeley, CA 94702",,California,Berkeley,,94702,,,,4.4,,,,,
Northgate Liquor & Food Inc.,"3016 Northgate Blvd, Sacramento, CA 95833",,California,Sacramento,,95833,,,,4.2,,,,,
St Helena Wine Co,"2198 San Pablo Ave, Berkeley, CA 94710",,California,Berkeley,,94710,,,,4.5,,,,,
Art's Liquor,"5800 Madison Ave STE C, Sacramento, CA 95841",,California,Sacramento,,95841,,,,4.3,,,,,
Ledger's Liquor,"1399 University Ave, Berkeley, CA 94702",,California,Berkeley,,94702,,,,4.7,,,,,
21st Amendment Liquor,"1555 Fulton Ave A, Sacramento, CA 95825",,California,Sacramento,,95825,,,,4.1,,,,,
Double Shot Liquor,"6073 Greenback Ln, Citrus Heights, CA 95621",,California,Citrus Heights,,95621,,,,4.3,,,,,
Food City Liquor,"2710 Garnet Ave #101, San Diego, CA 92109",,California,San Diego,,92109,,,,4.7,,,,,
Ten Four Liquor,"14016 Lambert Rd, Whittier, CA 90605",,California,Whittier,,90605,,,,4.4,,,,,
Bluewave Liquor,"19351 Beach Blvd, Huntington Beach, CA 92648",,California,Huntington Beach,,92648,,,,4.3,,,,,
Liquor & Deli,"88 Bonita Rd, Chula Vista, CA 91910",,California,Chula Vista,,91910,,,,4.6,,,,,
Red Carpet Liquors,"4536 E Chapman Ave, Orange, CA 92869",,California,Orange,,92869,,,,4.3,,,,,
Sam's Liquor & Food,"8516 Auburn Blvd # G, Citrus Heights, CA 95610",,California,Citrus Heights,,95610,,,,4.3,,,,,
Sam's Liquor Store,"212 W Holt Blvd, Ontario, CA 91762",,California,Ontario,,91762,,,,4.2,,,,,
Arnele Market Liquor,"735 Arnele Ave, El Cajon, CA 92020",,California,El Cajon,,92020,,,,4.3,,,,,
Express Stop,"5412 Madison Ave #150, Sacramento, CA 95841",,California,Folsom,,95841,,,,4.3,,,,,
Island Liquor,"15632 LEFFINGWELL RD, Whittier, CA 90604",,California,Whittier,,90604,,,,4.4,,,,,
Jim's Liquor,"14144 Lambert Rd, Whittier, CA 90605",,California,Whittier,,90605,,,,4.5,,,,,
P & J Grocery and Liquor,"4800 47th Ave, Sacramento, CA 95824",,California,Sacramento,,95824,,,,3.8,,,,,
Power Liquor,"1888 Placentia Ave, Costa Mesa, CA 92627",,California,Costa Mesa,,92627,,,,4.8,,,,,
Spring Creek Liquor,"9155 Campo Rd, Spring Valley, CA 91977",,California,Spring Valley,,91977,,,,4.8,,,,,
Surf City Liquor,"20972 Brookhurst St, Huntington Beach, CA 92646",,California,Huntington Beach,,92646,,,,4.1,,,,,
7 Days Liquor,"19490 Beach Blvd, Huntington Beach, CA 92648",,California,Huntington Beach,,92648,,,,4.5,,,,,
Batol Liquor,"21925 Saticoy Street, Los Angeles, CA 91304",,California,Los Angeles,,91304,,,,3.9,,,,,
King wine & liquor # 3 - LycaMobile Store,"1120 Fulton Ave ste A, Sacramento, CA 95825",,California,Sacramento,,95825,,,,4,,,,,
Roseville Market,"1701 PFE Rd, Roseville, CA 95747",,California,Roseville,,95747,,,,3.8,,,,,
A & M Food & Liquor,"1838 Auburn Blvd, Sacramento, CA 95815",,California,Sacramento,,95815,,,,3.9,,,,,
Al's Liquor & Food Store,"2538 Cottage Way, Sacramento, CA 95825",,California,Sacramento,,95825,,,,3.8,,,,,
Corner Liquor Store,"10336 Lower Azusa Rd, El Monte, CA 91731",,California,El Monte,,91731,,,,4.3,,,,,
Crown Empire Liquor,"1125 Victoria St # S, Costa Mesa, CA 92627",,California,Costa Mesa,,92627,,,,4.7,,,,,
Downer Square Bottle Shop,"402 Blossom Hill Rd, San Jose, CA 95123",,California,San Jose,,95123,,,,3.8,,,,,
Kings Wines & Liquor,"1328 Fulton Ave, Sacramento, CA 95825",,California,Sacramento,,95825,,,,4.2,,,,,
Nine Liquor,"2964 Yorba Linda Blvd, Fullerton, CA 92831",,California,Fullerton,,92831,,,,4.4,,,,,
Chico's Market,"2801 Havenscourt Blvd, Oakland, CA 94605",,California,Oakland,,94605,,,,4.4,,,,,
Marina Liquor,"895 W 19th St, Costa Mesa, CA 92627",,California,Costa Mesa,,92627,,,,4.4,,,,,
Sunshine Liquor,"3360 E Colorado Blvd, Pasadena, CA 91107",,California,Pasadena,,91107,,,,3.6,,,,,
Bay Liquor,"1780 Pacific Coast Hwy, Seal Beach, CA 90740",,California,Seal Beach,,90740,,,,4.3,,,,,
PAR LIQUOR & DELI,"5199 Clairemont Mesa Blvd, San Diego, CA 92117",,California,San Diego,,92117,,,,4.2,,,,,
Square Bottle Liquor,"21 Naples St, Chula Vista, CA 91911",,California,Chula Vista,,91911,,,,4.6,,,,,
Big 6 Liquor,"16519 Leffingwell Rd, Whittier, CA 90603",,California,Whitter,,90603,,,,4.7,,,,,
Bing's Liquor,"1801 San Pablo Ave, Berkeley, CA 94702",,California,Berkeley,,94702,,,,3.7,,,,,
Bob's Discount Liquors - Santa Clara,"2036 Agnew Rd, Santa Clara, CA 95054",,California,Santa Clara,,95054,,,,4.2,,,,,
Grog Shop,"10211 Colima Rd, Whittier, CA 90603",,California,Whittier,,90603,,,,4.7,,,,,
Ron's Liquors,"1633 Flickinger Ave, San Jose, CA 95131",,California,San Jose,,95131,,,,4.2,,,,,
Steven Liquor,"691 Indian Hill Blvd, Pomona, CA 91767",,California,Pomona,,91767,,,,4.7,,,,,
Dawn To Dusk Liquor,"2 Hermosa Ave, Hermosa Beach, CA 90254",,California,Hermosa Beach,,90254,,,,4.5,,,,,
Easy Day Liquor,"1571 Indian Hill Blvd, Pomona, CA 91767",,California,Pomona,,91767,,,,4.7,,,,,
Monrovia Liquor & Mart,"1895 Monrovia Ave, Costa Mesa, CA 92627",,California,Costa Mesa,,92627,,,,4.3,,,,,
Ontario Liquor,"1405 E 4th St, Ontario, CA 91764",,California,Ontario,,91764,,,,4.2,,,,,
University Village Food Mart,"36957 Cook St, Palm Desert, CA 92211",,California,Palm Desert,,92211,,,,4.4,,,,,
Mike's Liquor,"1673 Indian Hill Blvd, Pomona, CA 91767",,California,Pomona,,91767,,,,4.4,,,,,
Pints-N-Fifths-Liquors,"6432 Stockton Blvd, Sacramento, CA 95823",,California,Sacramento,,95823,,,,4.4,,,,,
Red Carpet Liquor & Lotto,"1508 W El Camino Ave, Sacramento, CA 95833",,California,Sacramento,,95833,,,,4.3,,,,,
Armand's Liquors,"10029 Valley Blvd, El Monte, CA 91731",,California,El Monte,,91731,,,,3,,,,,
Happy's Market,"3155 Santa Anita Ave, El Monte, CA 91733",,California,El Monte,,91733,,,,4.7,,,,,
Hub Liquor & Tacos,"1542 San Fernando Rd, San Fernando, CA 91340",,California,San Fernando,,91340,,,,4.6,,,,,
Tally-Ho Liquor,"8356 Topanga Canyon Boulevard , Los Angeles , CA 91304",,California,Los Angeles,,91304,,,,4.5,,,,,
Bay Ho Liquor & Deli,"4031 Avati Dr, San Diego, CA 92117",,California,San Diego,,92117,,,,4.3,,,,,
Canada Liquors & Groceries,"2523 Canada Blvd, Glendale, CA 91208",,California,Glendale,,91208,,,,4.2,,,,,
J R's Market & Liquor,"1859 N Vineyard Ave E, Ontario, CA 91764",,California,Ontario,,91764,,,,4,,,,,
Milt's Liquor Store,"400 E Orange Grove Blvd, Pasadena, CA 91104",,California,Pasadena,,91104,,,,4.2,,,,,
Oceanview Liquor,"3232 Manhattan Ave, Hermosa Beach, CA 90254",,California,Hermosa Beach,,90254,,,,4.5,,,,,
Golden Liquor Mart,"2897 E Colorado Blvd, Pasadena, CA 91107",,California,Pasadena,,91107,,,,4.1,,,,,
Jack's Liquor,"1605 E Mission Blvd # G, Pomona, CA 91766",,California,Pomona,,91766,,,,4.3,,,,,
Mission Mountain Liquor,"830 S Mountain Ave, Ontario, CA 91762",,California,Ontario,,91762,,,,4.5,,,,,
North Berkeley Imports,"1505 Shattuck Ave, Berkeley, CA 94709",,California,Berkeley,,94709,,,,4.6,,,,,
Rush Street Liquor,"9837 Rush St, South El Monte, CA 91733",,California,South El Monte,,91733,,,,4.6,,,,,
Vintage Berkeley,"2113 Vine St, Berkeley, CA 94709",,California,Berkeley,,94709,,,,4.8,,,,,
Kermit Lynch Wine Merchant,"1605 San Pablo Ave, Berkeley, CA 94702",,California,Berkeley,,94702,,,,4.8,,,,,
King Liquor - CA,"320 E St, Chula Vista, CA 91910",,California,Chula Vista,,91910,,,,4.5,,,,,
Super Liquor and Market,"125 E Orange Grove Blvd, Pasadena, CA 91103",,California,Pasadena,,91103,,,,4.2,,,,,
Voyager Liquors,"1211 Wildwood Ave, Sunnyvale, CA 94089",,California,Sunnyvale,,94089,,,,4.3,,,,,
El Caribe Market Liquor,"10201 Valley Blvd, El Monte, CA 91731",,California,El Monte,,91731,,,,4.6,,,,,
Keg Liquor,"1915 W San Bernardino Rd, West Covina, CA 91790",,California,West Covina,,91790,,,,4.5,,,,,
Liquor locker,"115 Darling Way, Roseville, CA 95678",,California,Roseville,,95678,,,,4.5,,,,,
Plaza Liquor,"10530 Garvey Ave, El Monte, CA 91733",,California,El Monte,,91733,,,,3.9,,,,,
Tolins Liquor Store,"7101 International Blvd, Oakland, CA 94621",,California,Oakland,,94621,,,,4,,,,,
Circle Liquor,"1851 W LA HABRA BLVD, La Habra, CA 90631",,California,La Habra,,90631,,,,5.0,,,,,
Famous Ed's Liquor & Market,"4203 Tyler Ave, El Monte, CA 91731",,California,El Monte,,91731,,,,4.5,,,,,
Liquor Center,"3315 Northgate Blvd #12, Sacramento, CA 95834",,California,Sacramento,,95834,,,,4,,,,,
Liquor Mart Whittier,"13583 Whittier Blvd, Whittier, CA 90605",,California,Whittier,,90605,,,,4.6,,,,,
Nick's Liquor,"660 S Magnolia Ave, El Cajon, CA 92020",,California,El Cajon,,92020,,,,4.6,,,,,
Pit Stop Liquor Mart,"1712 Durfee Ave, El Monte, CA 91733",,California,El Monte,,91733,,,,4.5,,,,,
Seagate Liquor,"16101 Bolsa Chica St, Huntington Beach, CA 92649",,California,Huntington Beach,,92649,,,,4.7,,,,,
G1 Liquor,"1935 73rd Ave, Oakland, CA 94621",,California,Oakland,,94621,,,,4.1,,,,,
Happy's Liquor,"10801 Garvey Ave, El Monte, CA 91733",,California,El Monte,,91733,,,,4.5,,,,,
Kenwood Liquor,"9612 Dale Ave #1, Spring Valley, CA 91977",,California,Spring Valley,,91977,,,,4.3,,,,,
MR BJS liquor,"901 S Catalina Ave, Redondo Beach, CA 90277",,California,Redondo Beach,,90277,,,,4.5,,,,,
Vendome Wine & Spirits,"3115 Yorba Linda Blvd, Fullerton, CA 92831",,California,Fullerton,,92831,,,,4.4,,,,,
East End Liquor Shoppe,"998 E Holt Ave, Pomona, CA 91767",,California,Pomona,,91767,,,,3.9,,,,,
OM LIQUOR AND DELI,"4901 Auburn Blvd, Sacramento, CA 95841",,California,Sacramento,,95841,,,,4.1,,,,,
Point Loma Liquor,"1507 Rosecrans St, San Diego, CA 92106",,California,San Diego,,92106,,,,4.1,,,,,
Junior Liquor,"4935 Diane Ave, San Diego, CA 92117",,California,San Diego,,92117,,,,4.3,,,,,
Momma's Liquor,"444 W Chase Ave, El Cajon, CA 92020",,California,El Cajon,,92020,,,,4.8,,,,,
P & L Liquors,"4301 Peck Rd, El Monte, CA 91732",,California,El Monte,,91732,,,,4.6,,,,,
Pine Palace Liquor,"11 3rd Ave Ste C, Chula Vista, CA 91910",,California,Chula Vista,,91910,,,,4.6,,,,,
Economy Liquor & Food,"6685 Stockton Blvd, Sacramento, CA 95823",,California,Sacramento,,95823,,,,4.1,,,,,
Freeway Liquor,"130 N Vincent Ave, West Covina, CA 91790",,California,West Covina,,91790,,,,4.5,,,,,
Pacific Liquor and Market,"2017 W Pacific Ave #2029, West Covina, CA 91790",,California,West Covina,,91790,,,,4.5,,,,,
Quick Stop Liquor & Market,"430 N Azusa Ave, West Covina, CA 91791",,California,West Covina,,91791,,,,4.5,,,,,
Rocky’s Liquor & Mart,"1925 W Badillo St, West Covina, CA 91790",,California,West Covina,,91790,,,,4.7,,,,,
Y Market & Liquor,"233 S White Rd A, San Jose, CA 95127",,California,San Jose,,95127,,,,3.9,,,,,
Fair Valley Liquor,"545 E Main St, El Cajon, CA 92020",,California,El Cajon,,92020,,,,4.6,,,,,
Leprechaun Liquor & Market,"334 N Azusa Ave, West Covina, CA 91791",,California,West Covina,,91791,,,,4.5,,,,,
M&S Liquor,"490 Allen Ave, Pasadena, CA 91106",,California,Pasadena,,91106,,,,4.6,,,,,
Mazatlan Market Beer and wine,"2403 Tyler Ave, El Monte, CA 91733",,California,El Monte,,91733,,,,4.1,,,,,
Mission Trails Wine & Spirits,"8181 Mission Gorge Rd A, San Diego, CA 92120",,California,San Diego,,92120,,,,2.9,,,,,
Sand 'n' Sea,"3006 Garrison St, San Diego, CA 92106",,California,San Diego,,92106,,,,3.0,,,,,
BevMo! - Arden,"3106 Arden Way, Sacramento, CA 95825",,California,Sacramento,,95825,,,,4.4,,,,,
Bobar Liquor,"1459 Melrose Ave, Chula Vista, CA 91911",,California,Chula Vista,,91911,,,,4.9,,,,,
Dicks Liquor,"2530 Tyler Ave, El Monte, CA 91733",,California,El Monte,,91733,,,,3.6,,,,,
Estrella Market & Liquor,"13100 Ramona Blvd, Baldwin Park, CA 91706",,California,Baldwin Park,,91706,,,,4.4,,,,,
Fairway Glen Liquors,"4767 Lafayette St UNIT 106, Santa Clara, CA 95054",,California,Santa Clara,,95054,,,,2.6,,,,,
Harbor Market,"16369 Bolsa Chica St, Huntington Beach, CA 92649",,California,Huntington Beach,,92649,,,,4.1,,,,,
Main Street Liquor- Buy My Liquor,"120 S Mollison Ave #100, El Cajon, CA 92020",,California,El Cajon,,92020,,,,4.3,,,,,
Sky Parkway Market,"5530 Sky Pkwy, Sacramento, CA 95823",,California,Sacramento,,95823,,,,4.1,,,,,
Country Club Food & Liquor,"3407 El Camino Ave, Sacramento, CA 95821",,California,Sacramento,,95821,,,,3.9,,,,,
Jug & Jigger,"2650 E Garvey Ave S, West Covina, CA 91791",,California,West Covina,,91791,,,,4.3,,,,,
Mission Liquor & Deli,"4654 Whitney Ave, Sacramento, CA 95821",,California,Sacramento,,95821,,,,4.4,,,,,
Rinconada Liquors & Wines,"1480 Pollard Rd, Los Gatos, CA 95032",,California,Los Gatos,,95032,,,,5.0,,,,,
Clyde's Liquors & Wine,"239 W El Camino Real, Mountain View, CA 94040",,California,Mountain View,,94040,,,,4.1,,,,,
Lake Vista Liquors,"1123 Lawrence Expy, Sunnyvale, CA 94089",,California,Sunnyvale,,94089,,,,4.3,,,,,
Liquor King,"3333 Tyler Ave, El Monte, CA 91731",,California,El Monte,,91731,,,,4.3,,,,,
Sail-In Inc,"230 Adams Ave, Huntington Beach, CA 92648",,California,Huntington Beach,,92648,,,,4.2,,,,,
West Covina Liquor,"1341 S Azusa Ave, West Covina, CA 91791",,California,West Covina,,91791,,,,4.7,,,,,
Five Star Liquor,"3006 N Brea Blvd, Fullerton, CA 92835",,California,Fullerton,,92835,,,,4.5,,,,,
Hilltop Liquor,"1419 Hilltop Dr # A, Chula Vista, CA 91911",,California,Chula Vista,,91911,,,,4.3,,,,,
Vic's Liquors,"3714 Peck Rd, El Monte, CA 91731",,California,El Monte,,91731,,,,4.3,,,,,
Windy City Liquor Market,"701 Broadway, El Cajon, CA 92021",,California,El Cajon,,92021,,,,4.1,,,,,
Bulldog Liquor,"4968 N Cedar Ave, Fresno, CA 93726",,California,Fresno,,93726,,,,3.9,,,,,
Hamilton Liquor,"9602 Hamilton Ave, Huntington Beach, CA 92646",,California,Huntington Beach,,92646,,,,4.5,,,,,
Palace Liquor Depot,"2908 N Verdugo Rd, Glendale, CA 91208",,California,Glendale,,91208,,,,4.8,,,,,
Sunrise Liquor,"21572 Brookhurst St, Huntington Beach, CA 92646",,California,Huntington Beach,,92646,,,,4.6,,,,,
Giants Market & Liquor,"7629 MacArthur Blvd, Oakland, CA 94605",,California,Oakland,,94605,,,,4.0,,,,,
R & D Liquor,"3120 Alum Rock Ave, San Jose, CA 95127",,California,San Jose,,95127,,,,2.2,,,,,
Star Shine Market,"4475 Clairemont Mesa Blvd, San Diego, CA 92117",,California,San Diego,,92117,,,,4.4,,,,,
Fountain Liquor,"581 N Mollison Ave, El Cajon, CA 92021",,California,El Cajon,,92021,,,,3.8,,,,,
Jay's Liquor Store,"1006 E 2nd St, Pomona, CA 91766",,California,Pomona,,91766,,,,4.0,,,,,
Juhn's liquor market,"2706 Peck Rd, El Monte, CA 91733",,California,El Monte,,91733,,,,4,,,,,
Marconi liquor & food mart,"2434 Marconi Ave, Sacramento, CA 95821",,California,Sacramento,,95821,,,,3.4,,,,,
Mission Viejo Liquor,"25571 Jeronimo Rd #18, Mission Viejo, CA 92691",,California,Mission Viejo,,92691,,,,4.2,,,,,
MJ Fine Wine & Spirits 名酒汇,"13925 Yale Ave #155, Irvine, CA 92620",,California,Irvine,,92620,,,,4.6,,,,,
Nady's Liquor,"16561 Bolsa Chica St. Huntington Beach, CA 92649",,California,Huntington Beach,,92649,,,,2.5,,,,,
Star Liquors,"7940 International Blvd, Oakland, CA 94621",,California,Oakland,,94621,,,,4,,,,,
Stop N Go Liquor Market,"20361 Beach Blvd, Huntington Beach, CA 92648",,California,Huntington Beach,,92648,,,,3.5,,,,,
Hi-Way Liquor,"11312 Garvey Ave, El Monte, CA 91732",,California,El Monte,,91732,,,,4.3,,,,,
LIQUOR WORLD,"1442 S Euclid Ave, Ontario, CA 91762",,California,Ontario,,91762,,,,4.4,,,,,
Pic-n-Pac Liquors,"94710, 1296 San Pablo Ave, Berkeley, CA 94706",,California,Berkeley,,94706,,,,3.4,,,,,
Avenue Liquor and Wine,"878 Orange Ave, Coronado, CA 92118",,California,Coronado,,92118,,,,4.5,,,,,
Circle A Liquor Mini Market,"172 S Glendora Ave, West Covina, CA 91790",,California,West Covina,,91790,,,,4.4,,,,,
City Liquor & Food,"7595 Franklin Blvd, Sacramento, CA 95823",,California,Sacramento,,95823,,,,3.9,,,,,
Hilltop Market & Liquor,"815 INDIANAPOLIS AVE, Huntington Beach, CA 92648",,California,Huntington Beach,,92648,,,,3.8,,,,,
"Landmark Liquor, Wine Club","8491 Atlanta Ave, Huntington Beach, CA 92646",,California,Huntington Beach,,92646,,,,4.1,,,,,
Pickwick Wines & Spirits,"454 e rowland st, Covina, CA 91723",,California,Covina,,91723,,,,4.2,,,,,
Quimby Liquor,"2860 Quimby Rd Ste 140, San Jose, CA 95148",,California,San Jose,,95148,,,,4.5,,,,,
Sousa's Wine & Liquors,"400 Moffett Blvd Unit A, Mountain View, CA 94043",,California,Mountain View,,94043,,,,4.7,,,,,
5 Star Liquor,"5038 Marconi Ave # 102, Carmichael, CA 95608",,California,Carmichael,,95608,,,,4.1,,,,,
Sangheras House of Liquors,"5516 Florin Rd, Sacramento, CA 95823",,California,Sacramento,,95823,,,,4.4,,,,,
Stop N Save Liquor & Food,"4709 Florin Rd, Sacramento, CA 95823",,California,Sacramento,,95823,,,,4,,,,,
Bailey Plaza Liquors,"570 N Shoreline Blvd # K, Mountain View, CA 94043",,California,Mountain View,,94043,,,,3.7,,,,,
J Street Liquor & Gas,"701 Broadway, Chula Vista, CA 91910",,California,Chula Vista,,91910,,,,4.3,,,,,
Jerry's House Of Spirits,"944 W Covina Pkwy, West Covina, CA 91790",,California,West Covina,,91790,,,,4.5,,,,,
Liquorland,"965 N Central Ave, Upland, CA 91786",,California,Upland,,91786,,,,4.4,,,,,
P & S Liquors,"2920 Eastern Ave, Sacramento, CA 95821",,California,Sacramento,,95821,,,,3.7,,,,,
Rocky's Liquor Store & Deli,"3860 E Colorado Blvd, Pasadena, CA 91107",,California,Pasadena,,91107,,,,3.8,,,,,
Wine Rack,"5768 Santa Teresa Blvd, San Jose, CA 95123",,California,San Jose,,95123,,,,4.5,,,,,
Brandywine Liquor,"1655 Brandywine Ave # A, Chula Vista, CA 91911",,California,Chula Vista,,91911,,,,4.7,,,,,
Ernie's liquor,"1223 3rd Ave B, Chula Vista, CA 91911",,California,Chula Vista,,91911,,,,4.5,,,,,
Plaza Market,"1464 Graves Ave # 101, El Cajon, CA 92021",,California,El Cajon,,92021,,,,4.7,,,,,
Quick Stop Liquor,"670 broadway, Chula Vista, CA 91910",,California,Chula Vista,,91910,,,,3.9,,,,,
Tony’s Liquor,"3100 Fulton Ave, Sacramento, CA 95821",,California,Sacramento,,95821,,,,4.7,,,,,
Al's Liquor & Deli,"8939 Foothill Blvd, Rancho Cucamonga, CA 91730",,California,Rancho Cucamonga,,91730,,,,4.4,,,,,
Bishop's Liquor,"4182 N First St, Fresno, CA 93726",,California,Fresno,,93726,,,,4,,,,,
Bobar Liquor 5,"4380 Main St Suite 101, Chula Vista, CA 91911",,California,Chula Vista,,91911,,,,4.7,,,,,
J K Food Liquor & Wine,"8321 Folsom Blvd, Sacramento, CA 95826",,California,Sacramento,,95826,,,,4,,,,,
SP Liquors & food,"4556 Auburn Blvd Ste B, Sacramento, CA 95841",,California,Sacramento,,95841,,,,4.5,,,,,
University Deli Liquor,"1752 E Barstow Ave, Fresno, CA 93740",,California,Fresno,,93710,,,,4.5,,,,,
Al's Market #2,"5042 Warner Ave, Huntington Beach, CA 92649",,California,Huntington Beach,,92649,,,,3.5,,,,,
Granada Liquor,"930 Broadway, El Cajon, CA 92021",,California,El Cajon,,92021,,,,3.1,,,,,
Ramona Village Market and Liquor,"12150 Ramona Ave # 1, Chino, CA 91710",,California,Chino,,91710,,,,4.6,,,,,
Redwave Liquor,"2633 E Shaw Ave #105, Fresno, CA 93710",,California,Fresno,,93710,,,,4.8,,,,,
Varsity Liquors,"3057 E Ashlan Ave, Fresno, CA 93726",,California,Fresno,,93726,,,,4.3,,,,,
3 Brothers Liquor,"1031 Broadway, El Cajon, CA 92021",,California,El Cajon,,92021,,,,3.8,,,,,
Bobar Liquor & Gas,"600 F St Suite A, Chula Vista, CA 91910",,California,Chula Vista,,91910,,,,4.4,,,,,
Broadway Liquor Store,"151 Broadway, Chula Vista, CA 91910",,California,Chula Vista,,91910,,,,4.4,,,,,
Canyon Liquor,"404 N Lakeview Ave, Anaheim, CA 92807",,California,Anaheim,,92807,,,,3.9,,,,,
Ernie's Liquor & Wine,"5735 Hillsdale Blvd, Sacramento, CA 95842",,California,Sacramento,,95842,,,,4,,,,,
La Liquor Del Chino,"2516 Durfee Ave, El Monte, CA 91732",,California,El Monte,,91732,,,,3.8,,,,,
Little Spirit Shop,"299 Broadway, Chula Vista, CA 91910",,California,Chula Vista,,91910,,,,4.4,,,,,
Pomona Wine Cellar,"468 E Holt Ave, Pomona, CA 91767",,California,Pomona,,91767,,,,4.2,,,,,
Ranch Town Market,"522 E Vine Ave Ste A, West Covina, CA 91790",,California,West Covina,,91790,,,,4.5,,,,,
Stone Liquor,"1211 S Glendora Ave, West Covina, CA 91790",,California,West Covina,,91790,,,,4,,,,,
Andy Liquor,"2602 Mountain View Rd, El Monte, CA 91732",,California,El Monte,,91732,,,,4.5,,,,,
Clydes Liquors,"1639 N Capitol Ave, San Jose, CA 95132",,California,San Jose,,95132,,,,3.5,,,,,
Jalco Liquor,"2556 Durfee Ave, El Monte, CA 91732",,California,El Monte,,91732,,,,4.2,,,,,
Keg-N-Bottle Liquor,"677 H St, Chula Vista, CA 91910",,California,Chula Vista,,91910,,,,4.5,,,,,
Mike's Liquor & Lotto,"5916 S Land Park Dr, Sacramento, CA 95822",,California,Sacramento,,95822,,,,3.9,,,,,
Ross Liquor,"12643 San Fernando Road, Los Angeles, CA 91342",,California,Los Angeles,,91342,,,,N/A,,,,,
"BestBev Liquor, Fine Wine & Beers of the World","640 E St, Chula Vista, CA 91910",,California,Chula Vista,,91910,,,,4.1,,,,,
Eagle Liquor,"1296 Third Ave Ste A, Chula Vista, CA 91911",,California,Chula Vista,,91911,,,,4.2,,,,,
Econo Liquors,"3112 McKee Rd, San Jose, CA 95127",,California,San Jose,,95127,,,,4.6,,,,,
Mission Bay Liquor,"1580 Garnet Ave, San Diego, CA 92109",,California,San Diego,,92109,,,,2.7,,,,,
Nation Liquor & Market,"8301 International Blvd, Oakland, CA 94621",,California,Oakland,,94621,,,,4.5,,,,,
Bulldog Liquor,"420 E Shaw Ave, Fresno, CA 93710",,California,Fresno,,93710,,,,3.9,,,,,
Carmichael Bottle Shop,"8994 Fair Oaks Blvd, Carmichael, CA 95608",,California,Carmichael,,95608,,,,4.1,,,,,
Chantry's Pantry Liquor,"1005 E Amar Rd, West Covina, CA 91792",,California,West Covina,,91792,,,,3.5,,,,,
City Food & Liquor,"7121 Franklin Blvd, Sacramento, CA 95823",,California,Sacramento,,95823,,,,4.2,,,,,
Jakes Market Inc,"1175 Philadelphia St, Pomona, CA 91766",,California,Pomona,,91766,,,,4.4,,,,,
Mega Wine & Spirits,"777 W Ashlan Ave, Clovis, CA 93612",,California,Clovis,,93612,,,,4.8,,,,,
Quick Trip Market,"6945 stockton blvd, Sacramento, CA 95823",,California,Sacramento,,95823,,,,4.1,,,,,
RJ's Liquor,"4384 Moraga Ave, San Diego, CA 92117",,California,San Diego,,92117,,,,4.1,,,,,
Abe's Lotto Liquors / Liquor Hub,"10125 International Blvd, Oakland, CA 94603",,California,Oakland,,94603,,,,5.0,,,,,
Bradley Liquor,"703 E Bradley Ave, El Cajon, CA 92021",,California,El Cajon,,92021,,,,4.6,,,,,
Greenfield Plaza Liquor,"1101 Greenfield Dr, El Cajon, CA 92021",,California,El Cajon,,92021,,,,4.3,,,,,
Jim's Liquors,"630 E Mission Blvd, Pomona, CA 91766",,California,Pomona,,91766,,,,4.4,,,,,
Liquor Locker,"3399 Watt Ave, Sacramento, CA 95821",,California,Sacramento,,95821,,,,4.4,,,,,
Park Place Liquor & Deli,"1000 Park Pl, Coronado, CA 92118",,California,Coronado,,92118,,,,4.6,,,,,
Save-On Liquor,"4988 N Fresno St, Fresno, CA 93726",,California,Fresno,,93726,,,,4.4,,,,,
Wine Barrel Liquor,"2205 S Euclid Ave, Ontario, CA 91762",,California,Ontario,,91762,,,,4,,,,,
Bobs discount Liquor #19,"34596 Alvarado-Niles Rd, Union City, CA 94587",,California,Union City,,94587,,,,4.4,,,,,
Liquor Box,"1445 Lincoln Ave, Pasadena, CA 91103",,California,Pasadena,,91103,,,,3.8,,,,,
Mike's Liquor,"4911 Warner Ave, Huntington Beach, CA 92649",,California,Huntington Beach,,92649,,,,4.5,,,,,
Paradise Liquor,"4674 N Blackstone Ave, Fresno, CA 93726",,California,Fresno,,93726,,,,4.2,,,,,
Super Liquor II,"2794 Willow Ave # 101, Clovis, CA 93612",,California,Clovis,,93612,,,,4.1,,,,,
Winston Liquor Store,"113 Hickey Blvd, South San Francisco, CA 94080",,California,San Francisco,,94080,,,,2.9,,,,,
Hi & Buy Liquor,"5625 Mack Rd, Sacramento, CA 95823",,California,Sacramento,,95823,,,,4.2,,,,,
Louie's Liquor,"1230 W Francisquito Ave, West Covina, CA 91790",,California,West Covina,,91790,,,,4.3,,,,,
Niles Liquors,"34359 Alvarado-Niles Rd, Union City, CA 94587",,California,Union City,,94587,,,,4.2,,,,,
Sacramento Liquor,"3805 Pasadena Ave, Sacramento, CA 95821",,California,Sacramento,,95821,,,,4.4,,,,,
Archibald Liquor and Wine,"8880 Archibald Ave ste a, Rancho Cucamonga, CA 91730",,California,Rancho Cucamonga,,91730,,,,3.8,,,,,
Brookfield Discount Liquor,"9786 Edes Ave, Oakland, CA 94603",,California,Oakland,,94603,,,,3.8,,,,,
Four Oaks Market,"2140 Grand Ave, Sacramento, CA 95838",,California,Sacramento,,95838,,,,4,,,,,
Get Go Food & Liquor,"4591 N Blackstone Ave, Fresno, CA 93726",,California,Fresno,,93726,,,,4.3,,,,,
H & H Liquor,"2618 E Ashlan Ave, Fresno, CA 93726",,California,Fresno,,93726,,,,4.4,,,,,
Orange Liquor & Check Cashing,"1447 3rd Ave, Chula Vista, CA 91911",,California,Chula Vista,,91911,,,,4.2,,,,,
House of Cheers,"6660 Florin Rd, Sacramento, CA 95828",,California,Sacramento,,95828,,,,4.2,,,,,
Lusters Liquor,"10625 International Blvd, Oakland, CA 94603",,California,Oakland,,94603,,,,3.5,,,,,
Mountain Market & Liquor,"1035 W Philadelphia St, Ontario, CA 91762",,California,Ontario,,91762,,,,4.9,,,,,
Santa Fe Liquor,"1108 5th St, San Bernardino, CA 92411",,California,San Bernardino,,92411,,,,4.2,,,,,
USA Liquor,"947 Broadway, Chula Vista, CA 91911",,California,Chula Vista,,91911,,,,4.4,,,,,
Grewalz Liquor & Groceries,"1125 Tasman Dr, Sunnyvale, CA 94089",,California,Sunnyvale,,94089,,,,3.6,,,,,
Hi-Time Wine Cellars,"250 Ogle St, Costa Mesa, CA 92627",,California,Costa Mesa,,92627,,,,4.9,,,,,
Punj Liquors,"242 Skyline Plaza, Daly City, CA 94015",,California,Daly City,,94015,,,,4.8,,,,,
Town & Country Liquors,"10808 Bancroft Ave, Oakland, CA 94603",,California,Oakland,,94603,,,,3.9,,,,,
BROS LIQUOR,"3510 Auburn Blvd UNIT 7, Sacramento, CA 95821",,California,Sacramento,,95821,,,,3.8,,,,,
Bubbas Food & Liquor,"3281 E Shields Ave, Fresno, CA 93726",,California,Fresno,,93726,,,,4.3,,,,,
Carl's Liquor Store,"9677 Foothill Blvd, Rancho Cucamonga, CA 91730",,California,Rancho Cucamonga,,91730,,,,4.3,,,,,
Huntsberry Liquors / Liquor Hub,"10151 Foothill Blvd Suite B, Oakland, CA 94605",,California,Oakland,,94605,,,,4.5,,,,,
J & J Liquor,"2180 W Foothill Blvd, Upland, CA 91786",,California,Upland,,91786,,,,4.0,,,,,
Kevin & Alex Liquor & Deli,"4233 E Shields Ave, Fresno, CA 93726",,California,Fresno,,93726,,,,4.5,,,,,
The Grocery Bag,"22722 Roscoe Blvd, West Hills, CA 91304",,California,West Hills,,91304,,,,4.6,,,,,
Wine & Liquor Cabinet,"1621 N Mountain Ave, Upland, CA 91784",,California,Upland,,91784,,,,3.9,,,,,
Andre's Liquor,"3953 N Blackstone Ave #3800, Fresno, CA 93726",,California,Fresno,,93726,,,,4,,,,,
Charter Liquors,"34177 Fremont Blvd, Fremont, CA 94555",,California,Fremont,,94555,,,,3.6,,,,,
Cille's Liquor Store,"8940 International Blvd, Oakland, CA 94621",,California,Oakland,,94621,,,,3.9,,,,,
Lucky 1 Liquor,"25571 Marguerite Pkwy A, Mission Viejo, CA 92692",,California,Mission Viejo,,92692,,,,4.5,,,,,
"Lucky Two Groceries, Beer & Wine","1901 103rd Ave, Oakland, CA 94603",,California,Oakland,,94603,,,,4.3,,,,,
Ranch Liquor,"1007 E Washington Ave suite B, El Cajon, CA 92020",,California,El Cajon,,92020,,,,4.5,,,,,
Ryan's Corner Liquor,"3109 E Shields Ave, Fresno, CA 93726",,California,Fresno,,93726,,,,4.9,,,,,
St Francis Square Liquors,"7 St Francis Square, Daly City, CA 94015",,California,Daly City,,94015,,,,4.2,,,,,
Sunrise Liquor and Market,"8679 Base Line Rd, Rancho Cucamonga, CA 91730",,California,Rancho Cucamonga,,91730,,,,3.8,,,,,
DejavuLiquor,"21056 Ventura Blvd, Woodland Hills, CA 91364",,California,Woodland Hills,,91364,,,,4.1,,,,,
Ernie's Liquor,"2808 S White Rd, San Jose, CA 95148",,California,San Jose,,95148,,,,4.3,,,,,
MGA Liquor Bullard,"468 E Bullard Ave, Fresno, CA 93710",,California,Fresno,,93710,,,,3.4,,,,,
A-1 Mart,"2550 W El Camino Ave #1, Sacramento, CA 95833",,California,Sacramento,,95833,,,,3.3,,,,,
IE LIQUOR,"1101 N Mt Vernon Ave, San Bernardino, CA 92411",,California,San Bernardino,,92411,,,,3.7,,,,,
OO LIQUOR'S,"34460 Fremont Blvd, Fremont, CA 94555",,California,Fremont,,94555,,,,4.4,,,,,
Stop One Liquor,"4415 Elkhorn Blvd, Sacramento, CA 95842",,California,Sacramento,,95842,,,,3.7,,,,,
Sunset Market & Liquor,"985 Broadway L, Chula Vista, CA 91911",,California,Chula Vista,,91911,,,,4.5,,,,,
Whiskey Well,"3180 Colima Rd, Hacienda Heights, CA 91745",,California,Hacienda Heights,,91745,,,,4.5,,,,,
Bourbon Wine & Spirits,"5005 Foothills Blvd #2a, Roseville, CA 95747",,California,Roseville,,95747,,,,4.6,,,,,
Fernz Wines,"100 Pacifica, Irvine, CA 92618",,California,Irvine,,92618,,,,N/A,,,,,
Frontier Liquor Store,"665 E Arrow Hwy, Azusa, CA 91702",,California,Azusa,,91702,,,,4.6,,,,,
Mike's Liquors,"6027 Snell Ave, San Jose, CA 95123",,California,San Jose,,95123,,,,4.1,,,,,
STILL HOUSE WINES & SPIRITS,"471 E San Bernardino Rd, Covina, CA 91723",,California,Covina,,91723,,,,4.7,,,,,
A & L Liquor & Deli,"3319 San Felipe Rd, San Jose, CA 95121",,California,San Jose,,95135,,,,4.5,,,,,
Abuelita Mini Market,"1408 W 9th St, San Bernardino, CA 92411",,California,San Bernardino,,92411,,,,4,,,,,
Bottle Bin Liquor,"4644 Avocado blvd, La Mesa, CA 91941",,California,La Mesa,,91941,,,,4.7,,,,,
Fast Check Liquor,"22902 Los Alisos Blvd A, Mission Viejo, CA 92691",,California,Mission Viejo,,92691,,,,4.2,,,,,
Horseshoe Liquor & Market,"949 grand Ave, Spring Valley, CA 91977",,California,Spring Valley,,91977,,,,4.6,,,,,
Jimmy's Food Store,"658 W Baseline Rd, Rialto, CA 92376",,California,Rialto,,92376,,,,4.1,,,,,
NGM LIQUOR,"9255 Base Line Rd # R, Rancho Cucamonga, CA 91730",,California,Rancho Cucamonga,,91730,,,,4.5,,,,,
Smart Stop Liquor,"5140 Foothills Blvd #140, Roseville, CA 95747",,California,Roseville,,95747,,,,4.1,,,,,
Clovis Fair Deal Liquors,"488 W Shaw Ave, Clovis, CA 93612",,California,Clovis,,93612,,,,4.2,,,,,
S & E Liquor,"790 N Archibald Ave, Ontario, CA 91764",,California,Ontario,,91764,,,,4,,,,,
US Liquor (Mr.T's),"322 E Bullard Ave, Fresno, CA 93710",,California,Fresno,,93710,,,,4.3,,,,,
Bliss Liquor,"695 W 9th St, San Bernardino, CA 92410",,California,San Bernardino,,92410,,,,4,,,,,
Mirage Liquor,"1096 Broadway # 101, Chula Vista, CA 91911",,California,Chula Vista,,91911,,,,4.1,,,,,
The Village Store,"1145 Rosecrans St, San Diego, CA 92106",,California,San Diego,,92106,,,,4.8,,,,,
Victoria Liquors,"593 Victoria Ct, San Leandro, CA 94577",,California,San Leandro,,94577,,,,4.7,,,,,
Bob's Discount Liquors # 8,"101 Appian Way, Union City, CA 94587",,California,Union City,,94587,,,,3.7,,,,,
Jim's Liquor Deli & Grocery,"8137 MacArthur Blvd, Oakland, CA 94605",,California,Oakland,,94605,,,,4.3,,,,,
Midnight Liquor,"3601 Thornton Ave, Fremont, CA 94536",,California,Fremont,,94536,,,,4.1,,,,,
Stop N Save Liquors,"1424 Coffee Rd, Modesto, CA 95355",,California,Modesto,,95355,,,,4,,,,,
Bottleneck,"3151 98th Ave, Oakland, CA 94605",,California,Oakland,,94605,,,,4.2,,,,,
Go-Go's Liquor & Delicatessen,"1295 N 2nd St #5025, El Cajon, CA 92021",,California,El Cajon,,92021,,,,4.6,,,,,
Solano Cellars,"1580 Solano Ave A, Berkeley, CA 94707",,California,Berkeley,,94707,,,,4.7,,,,,
The Bottle Shoppe,"14040 Hubbard St, Sylmar, CA 91342",,California,Sylmar,,91342,,,,4.8,,,,,
Towne Shoppe Liquor,"1201 S Garey Ave, Pomona, CA 91766",,California,Pomona,,91766,,,,4.0,,,,,
Bobar Liquor,"3189 Main St, Chula Vista, CA 91911",,California,Chula Vista,,91911,,,,3.8,,,,,
Cobblestone Liquor,"2093 E Orangethorpe Ave, Placentia, CA 92870",,California,Placentia,,92870,,,,4.4,,,,,
Mike's Liquor,"178 E Base Line Rd. Rialto, CA 92376",,California,Rialto,,92376,,,,4.5,,,,,
Paradise liquor & mart,"1580 N Mt Vernon Ave, San Bernardino, CA 92411",,California,San Bernardino,,92411,,,,4.2,,,,,
Rancho Ria Liquor,"2000 W Rialto Ave, San Bernardino, CA 92410",,California,San Bernardino,,92410,,,,4.1,,,,,
Sam's Best Food & Liquor,"36440 Fremont Blvd, Fremont, CA 94536",,California,Fremont,,94536,,,,4.5,,,,,
South Bay Liquor Store,"1355 Broadway # L, Chula Vista, CA 91911",,California,Chula Vista,,91911,,,,4.5,,,,,
Westside Food & Liquor,"856 Medical Center Dr, San Bernardino, CA 92411",,California,San Bernardino,,92411,,,,4.5,,,,,
B's Wine & Liquor,"8121 Madison Ave ste G3, Fair Oaks, CA 95628",,California,Fair Oaks,,95628,,,,4.9,,,,,
Di Carlo Liquor,"1247 N White Ave, Pomona, CA 91768",,California,Pomona,,91768,,,,4.3,,,,,
G & H Liquor Store,"606 E San Bernardino Rd, Covina, CA 91723",,California,Covina,,91723,,,,4.3,,,,,
Harry's Liquor,"9002 MacArthur Blvd, Oakland, CA 94605",,California,Oakland,,94605,,,,4.3,,,,,
K Street Market,"156 S K St, San Bernardino, CA 92410",,California,San Bernardino,,92410,,,,4.3,,,,,
Liquor & Foodmart,"2339 California St, Mountain View, CA 94040",,California,Mountain View,,94040,,,,3.1,,,,,
Mexi-Cali Liquors & Mini Mart,"4342 Thornton Ave, Fremont, CA 94536",,California,Fremont,,94536,,,,3.6,,,,,
Muscoy Liquor,"1916 W Highland Ave, San Bernardino, CA 92407",,California,San Bernardino,,92407,,,,4.4,,,,,
Peralta Discount Liquors,"3850 Peralta Blvd, Fremont, CA 94536",,California,Fremont,,94536,,,,4.2,,,,,
Pomona wine cellar #3,"870 W Holt Ave, Pomona, CA 91768",,California,Pomona,,91768,,,,3.8,,,,,
Bass Note Sangria,"37406 Glenmoor Dr, Fremont, CA 94536",,California,Fremont,,94536,,,,5,,,,,
Bella Vino Cellar,"5148 N Palm Ave, Fresno, CA 93704",,California,Fresno,,93704,,,,4.6,,,,,
E & R Liquor,"1643 N Garey Ave, Pomona, CA 91767",,California,Pomona,,91767,,,,4.9,,,,,
La Loma Liquors,"112 La Loma Ave, Modesto, CA 95354",,California,Modesto,,95354,,,,4.3,,,,,
Mac D Liquors,"153 Harder Rd, Hayward, CA 94544",,California,Hayward,,94544,,,,3.6,,,,,
Mc Kee Liquors,"3750 McKee Rd # C, San Jose, CA 95127",,California,San Jose,,95127,,,,4.7,,,,,
Oaks Market and liquor,"10501 Foothill Blvd, Oakland, CA 94605",,California,Oakland,,94605,,,,4.5,,,,,
Payless Food & Liquor,"8102 Madison Ave, Fair Oaks, CA 95628",,California,Fair Oaks,,95628,,,,4.4,,,,,
USA Liquor,"1626 N Cedar Ave, Fresno, CA 93703",,California,Fresno,,93703,,,,3.9,,,,,
Zach's Market,"50 W Tennyson Rd, Hayward, CA 94544",,California,Hayward,,94544,,,,4.7,,,,,
3 Rings Liquor store,"15257 Hesperian Blvd, San Leandro, CA 94578",,California,San Leandro,,94578,,,,4.4,,,,,
Pal's Wines & Liquor,"7812 Gerber Rd, Sacramento, CA 95828",,California,Sacramento,,95828,,,,4,,,,,
Red Carpet Wine & Spirits,"8678 19th St #150, Rancho Cucamonga, CA 91701",,California,Rancho Cucamonga,,91701,,,,4.6,,,,,
Showcase Wine & Spirits,"1392 N Lake Ave, Pasadena, CA 91104",,California,Pasadena,,91104,,,,4.4,,,,,
Steve’s Food & Liquors,"583 W Tennyson Rd, Hayward, CA 94544",,California,Hayward,,94544,,,,4.0,,,,,
Hoppy Wine & Spirits,"9353 Clairemont Mesa Blvd # E, San Diego, CA 92123",,California,San Diego,,92123,,,,4.2,,,,,
La Presa Liquor,"9410 Jamacha Blvd Ste C, Spring Valley, CA 91977",,California,Spring Valley,,91977,,,,4.3,,,,,
LIQUOR LAND,"2800 McHenry Ave SUITE 1, Modesto, CA 95350",,California,Modesto,,95350,,,,3.8,,,,,
Paul's Liquor Mart,"413 Coffee Rd, Modesto, CA 95355",,California,Modesto,,95355,,,,3.8,,,,,
Ramona Liquor,"9950 Foothill Blvd # A, Rancho Cucamonga, CA 91730",,California,Rancho Cucamonga,,91730,,,,4.8,,,,,
Rosso Wine Shop,"3459 N Verdugo Rd, Glendale, CA 91208",,California,Glendale,,91208,,,,4.7,,,,,
EZ Mart Liquor 11,"6415 N Blackstone Ave, Fresno, CA 93710",,California,Fresno,,93704,,,,4.1,,,,,
Nick's Wine Corner @ Sam's Italian Deli,"2415 N First St #1202, Fresno, CA 93703",,California,Fresno,,93703,,,,5,,,,,
Old Town Liquor,"5151 Ming Ave, Bakersfield, CA 93309",,California,Bakersfield,,93309,,,,3.9,,,,,
Pierce's Liquor,"1752 W Highland Ave, San Bernardino, CA 92411",,California,San Bernardino,,92411,,,,4.2,,,,,
Quick Stop market,"269 E Baseline Rd, Rialto, CA 92376",,California,Rialto,,92376,,,,4.2,,,,,
Save Mart Liquor,"8066 sunset ave #203, Fair Oaks, CA 95628",,California,Fair Oaks,,95628,,,,4.3,,,,,
Tennyson Liquors & Deli,"1190 W Tennyson Rd, Hayward, CA 94544",,California,Hayward,,94544,,,,4.2,,,,,
Bourbons & More Liquors Cigars,"1611 Douglas Blvd, Roseville, CA 95661",,California,Roseville,,95661,,,,4.8,,,,,
Carlson's Liquor,"21900 Ventura Blvd, Woodland Hills, CA 91364",,California,Woodland Hills,,91364,,,,4.4,,,,,
Emerald Spirits Fine Wines and Liquor,"1825 W Vista Way, Vista, CA 92083",,California,Vista,,92083,,,,4.5,,,,,
Liquor Video Center,"7137 Walerga Rd # 3, Sacramento, CA 95842",,California,Sacramento,,95842,,,,4.2,,,,,
Surf City Liquor,"327 11th St Unit 101, Huntington Beach, CA 92648",,California,Huntington Beach,,92648,,,,3.9,,,,,
The Brothers Liquor,"10080 Arrow Route, Rancho Cucamonga, CA 91730",,California,Rancho Cucamonga,,91730,,,,4.6,,,,,
Thornton Liquors,"4854 Thornton Ave, Fremont, CA 94536",,California,Fremont,,94536,,,,4.4,,,,,
A & B Liquor,"355 W Base Line St, San Bernardino, CA 92410",,California,San Bernardino,,92410,,,,4.2,,,,,
Arrow Liquor,"18150 Arrow Blvd # B, Fontana, CA 92335",,California,Fontana,,92335,,,,4.3,,,,,
Central Liquor & Food,"5409 Central Ave Unit 11, Newark, CA 94560",,California,Newark,,94560,,,,4.3,,,,,
Jerry's Market & Liquor,"1491 S Main St, Milpitas, CA 95035",,California,Milpitas,,95035,,,,4.2,,,,,
Liquor Library,"2400 Coffee Rd Suite S, Modesto, CA 95355",,California,Modesto,,95355,,,,4.3,,,,,
M & N Liquor & Deli,"8722 La Riviera Dr, Sacramento, CA 95826",,California,Sacramento,,95826,,,,3.7,,,,,
Old World Liquor,"4800 Irvine Blvd, Irvine, CA 92620",,California,Irvine,,92620,,,,4,,,,,
POMONA WINE CELLAR .#2,"1146 W Mission Blvd, Pomona, CA 91766",,California,Pomona,,91766,,,,4.5,,,,,
Roco Wine & Spirits,"2220 Lake Washington Blvd, West Sacramento, CA 95691",,California,West Sacramento,,95691,,,,4.2,,,,,
Stockdale Liquors,"3808 Stockdale Hwy, Bakersfield, CA 93309",,California,Bakersfield,,93309,,,,4.3,,,,,
Bobby Discount Liquor,"24895 Santa Clara St, Hayward, CA 94544",,California,Hayward,,94544,,,,4.4,,,,,
Jack's Liquor,"910 Oakdale Rd, Modesto, CA 95355",,California,Modesto,,95355,,,,4.2,,,,,
Samis Three Market & Liquor,"17080 Foothill Blvd, Fontana, CA 92335",,California,Fontana,,92335,,,,4.5,,,,,
"A1 Liquor and Food Mart, Inc","3860 Lake Arrowhead Ave, Fremont, CA 94555",,California,Fremont,,94555,,,,4.1,,,,,
Bottle N'Cork Liquor,"2055 Tully Rd, Modesto, CA 95350",,California,Modesto,,95350,,,,4.4,,,,,
Chris' Liquor & Deli,"2275 Sunset Cliffs Blvd, San Diego, CA 92107",,California,San Diego,,92107,,,,4.7,,,,,
Clark's Liquor,"2446 Miramonte Dr N, San Bernardino, CA 92405",,California,San Bernardino,,92405,,,,4.3,,,,,
Five Star Liquor & Market,"306 S Mt Vernon Ave, San Bernardino, CA 92410",,California,San Bernardino,,92410,,,,4,,,,,
OAKWOOD LIQUOR,"2694 Cropley Ave, San Jose, CA 95132",,California,San Jose,,95132,,,,3.8,,,,,
Super Liquor I,"1924 Minnewawa Ave, Clovis, CA 93612",,California,Clovis,,93612,,,,4.3,,,,,
Top Hat Liquor,"565 N Dudley St, Pomona, CA 91768",,California,Pomona,,91768,,,,4.5,,,,,
A-1 Liquor,"3147 N Maroa Ave, Fresno, CA 93704",,California,Fresno,,93704,,,,4.4,,,,,
Fontana Liquor & Mini Market,"7965 Sierra Ave. # A, Fontana, CA 92336",,California,Fontana,,92336,,,,3.9,,,,,
Rubin Market & Liquor,"7980 Sierra Ave., Fontana, CA 92336",,California,Fontana,,92336,,,,4.2,,,,,
Super Liquor,"1600 Tully Rd, Modesto, CA 95350",,California,Modesto,,95350,,,,4.2,,,,,
BevMo! - Fremont,"5171 Mowry Avenue, Fremont, CA 94538",,California,Fremont,,94538,,,,4.3,,,,,
Clubhouse Liquor Wine Deli,"73510 CA-111, Palm Desert, CA 92260",,California,Palm Desert,,92260,,,,4.2,,,,,
Cosmo Liquor,"23818 Mercury rd, Lake Forest, CA 92630",,California,Lake Forest,,92630,,,,4.3,,,,,
D&G Liquors,"2732 Brundage Ln, Bakersfield, CA 93304",,California,Bakersfield,,93304,,,,4.2,,,,,
Friends Market,"200 San Felipe Ave, South San Francisco, CA 94080",,California,South San Francisco,,94080,,,,4.6,,,,,
Kwik and Convenient Liquor Market,"3157 Walnut Ave, Fremont, CA 94538",,California,Fremont,,94538,,,,3.7,,,,,
M & Y Liquor Market,"132 E Valley Blvd, Rialto, CA 92376",,California,Rialto,,92376,,,,3.9,,,,,
Palm Plaza Liquor,"3329 Palm Ave, San Diego, CA 92154",,California,San Diego,,92154,,,,4.6,,,,,
S B Liquor Market,"484 S Rancho Ave, San Bernardino, CA 92410",,California,San Bernardino,,92410,,,,4.0,,,,,
Village Liquor & Deli,"1025 E Herndon Ave # 101, Fresno, CA 93720",,California,Fresno,,93720,,,,4.3,,,,,
Brunette Liquor,"25516 Mission Blvd, Hayward, CA 94544",,California,Hayward,,94544,,,,4.5,,,,,
MGA Liquor #9,"2707 N Blackstone Ave, Fresno, CA 93703",,California,Fresno,,93703,,,,3.9,,,,,
Milliken Liquor,"9635 Milliken Ave, Rancho Cucamonga, CA 91730",,California,Rancho Cucamonga,,91730,,,,4.1,,,,,
BevMo! - Natomas,"3678 North Freeway Blvd, Sacramento, CA 95834",,California,Sacramento,,95834,,,,4.4,,,,,
Country Liquors / Kava,"201 Jackson St, Hayward, CA 94544",,California,Hayward,,94544,,,,4.9,,,,,
Daddy's Liquor,"17264 Foothill Blvd K, Fontana, CA 92335",,California,Fontana,,92335,,,,4,,,,,
Ernie's Liquor,"20 W Bullard Ave # 101, Clovis, CA 93612",,California,Clovis,,93612,,,,3.9,,,,,
Foothill Liquor,"401 W Foothill Blvd, Rialto, CA 92376",,California,Rialto,,92376,,,,4.2,,,,,
Full House Liquor,"4425 Ming Ave Suite A, Bakersfield, CA 93309",,California,Bakersfield,,93309,,,,4.5,,,,,
Liquor Paradise,"10277 Foothill Blvd, Rancho Cucamonga, CA 91730",,California,Rancho Cucamonga,,91730,,,,4.7,,,,,
Oliveira's Liquor,"5650 Thornton Ave, Newark, CA 94560",,California,Newark,,94560,,,,4.3,,,,,
Perry's Liquors,"27220 Hesperian Blvd, Hayward, CA 94545",,California,Hayward,,94545,,,,4.3,,,,,
Saber Liquor Market,"4817 E McKinley Ave, Fresno, CA 93703",,California,Fresno,,93703,,,,4.3,,,,,
Shop Rite Liquor,"4747 Riverside Dr, Chino, CA 91710",,California,Chino,,91710,,,,4.9,,,,,
Smitty's Liquor Store,"924 W Highland Ave, San Bernardino, CA 92405",,California,San Bernardino,,92405,,,,4.3,,,,,
Surf City Market,"200 Main St Suite #103A, Huntington Beach, CA 92648",,California,Huntington Beach,,92648,,,,3.6,,,,,
5 STAR FOOD & LIQUOR,"815 Linden Ave, South San Francisco, CA 94080",,California,South San Francisco,,94080,,,,3.0,,,,,
Belvedere Liquor Store,"10769 Woodside Ave # 101, Santee, CA 92071",,California,Santee,,92071,,,,4.5,,,,,
Hank's Liquor,"19989 Meekland Ave, Hayward, CA 94541",,California,Hayward,,94541,,,,4.6,,,,,
Sidhu Liquor & Grocery,"3896 Walnut Ave, Fremont, CA 94538",,California,Fremont,,94538,,,,3.1,,,,,
Bernard's Liquor & Deli,"5824 Riverside Dr, Chino, CA 91710",,California,Chino,,91710,,,,4.1,,,,,
BEVERAGE HOUSE LIQUOR,"6629 Ming Ave, Bakersfield, CA 93309",,California,Bakersfield,,93309,,,,4.2,,,,,
Bubbles Liquor,"15608 Gale Avenue, Hacendia, CA 91745",,California,Hacendia,,91745,,,,4.7,,,,,
Country Club Liquors,"3473 McKee Rd, San Jose, CA 95127",,California,San Jose,,95127,,,,4.1,,,,,
Double OO Liquors,"1800 Whipple Rd, Union City, CA 94587",,California,Union City,,94587,,,,4.2,,,,,
Ernie's Liquor Mart,"539 S Mt Vernon Ave, San Bernardino, CA 92410",,California,San Bernardino,,92410,,,,4.2,,,,,
G1 Liquor,"7980 Mountain Blvd, Oakland, CA 94605",,California,Oakland,,94605,,,,4.8,,,,,
Liquorland,"928 E Covina Blvd, Covina, CA 91724",,California,Covina,,91724,,,,5.0,,,,,
Martins Liquor,"14319 E 14th St, San Leandro, CA 94578",,California,San Leandro,,94578,,,,4.3,,,,,
Party Time Liquor,"1059 Garnet Ave, San Diego, CA 92109",,California,San Diego,,92109,,,,4.3,,,,,
Seacliff Liquor,"402 17th St, Huntington Beach, CA 92648",,California,Huntington Beach,,92648,,,,4.5,,,,,
Shalden liquor,"8112 Sheldon Rd #850, Elk Grove, CA 95758",,California,Elk Grove,,95758,,,,5.0,,,,,
Craft City Liquor,"9548 Jamacha Blvd, Spring Valley, CA 91977",,California,Spring Valley,,91977,,,,4.7,,,,,
Envoyer Fine Wines,"350 Goddard, Irvine, CA 92618",,California,Irvine,,92618,,,,5,,,,,
Hayward Liquor and Groceries,"849 Sycamore Ave, Hayward, CA 94544",,California,Hayward,,94544,,,,3.7,,,,,
Premier Champagne,"22336 Meekland Ave, Hayward, CA 94541",,California,Hayward,,94541,,,,5,,,,,
Santee Market & Liquor,"11007 Woodside Ave, Santee, CA 92071",,California,Santee,,92071,,,,4.5,,,,,
The Grape Tray,"6023 N Palm Ave, Fresno, CA 93704",,California,Fresno,,93704,,,,4.8,,,,,
Escaya Wine & Spirits,"1925 Avenida Escaya Suites 114 &116, Chula Vista, CA 91913",,California,Chula Vista,,91913,,,,4.9,,,,,
Fastopp Liquor,"118 Foothill Blvd # B1, Rialto, CA 92376",,California,Rialto,,92376,,,,4.4,,,,,
Joe's Model Liquors,"430 W A St, Hayward, CA 94541",,California,Hayward,,94541,,,,3.8,,,,,
Karavan Liquors,"27445 Hesperian Blvd, Hayward, CA 94545",,California,Hayward,,94545,,,,4.3,,,,,
Liquor World,"3430 Tully Rd Suite 54, Modesto, CA 95350",,California,Modesto,,95350,,,,4.7,,,,,
MODESTO LIQUOR,"1210 Tully Rd, Modesto, CA 95350",,California,Modesto,,95350,,,,3.7,,,,,
N & M Liquor,"210 A St, Hayward, CA 94541",,California,Hayward,,94541,,,,4.3,,,,,
Welcome Food and Liquor,"1576 N First St, Fresno, CA 93703",,California,Fresno,,93703,,,,4.1,,,,,
Bottle N Cork Liquors II,"1300 Sylvan Ave # B2, Modesto, CA 95355",,California,Modesto,,95355,,,,4.5,,,,,
Jay Vee Liquors,"10560 San Pablo Ave, El Cerrito, CA 94530",,California,El Cerrito,,94530,,,,4.4,,,,,
JJ's Liquor,"21400 Royal Ave, Hayward, CA 94541",,California,Hayward,,94541,,,,4.4,,,,,
Liquor Mart,"8990 Sierra Ave. # A, Fontana, CA 92335",,California,Fontana,,92335,,,,4.4,,,,,
Mission Wine & Spirits,"1785 E Washington Blvd, Pasadena, CA 91104",,California,Pasadena,,91104,,,,4.7,,,,,
Preferred Liquors,"9181 Mission Gorge Rd, Santee, CA 92071",,California,Santee,,92071,,,,4.8,,,,,
Shamrock Liquors,"396 Winton Ave, Hayward, CA 94544",,California,Hayward,,94544,,,,4.2,,,,,
Foothill Food & Liquor,"21460 Foothill Blvd, Hayward, CA 94541",,California,Hayward,,94541,,,,4,,,,,
Jackson Liquor & Groceries,"566 Jackson St, Hayward, CA 94544",,California,Hayward,,94544,,,,4.4,,,,,
Last Drop,"2105 N E St, San Bernardino, CA 92405",,California,San Bernardino,,92405,,,,4.1,,,,,
Palm & Shield Liquor,"3215 N Palm Ave, Fresno, CA 93704",,California,Fresno,,93704,,,,3.8,,,,,
Sheldon Wine and Spirits,"8361 Sheldon Rd, Elk Grove, CA 95624",,California,Elk Grove,,95624,,,,5.0,,,,,
Sunny's Liquor,"17500 Foothill Blvd, Fontana, CA 92335",,California,Fontana,,92335,,,,4.4,,,,,
Ernie's Liquor,"3870 El Camino Real, Palo Alto, CA 94306",,California,Palo Alto,,94306,,,,4.3,,,,,
Ernie's Liquor,"757 Hickey Blvd, Pacifica, CA 94044",,California,Pacifica,,94044,,,,4.4,,,,,
J & W Liquor Market,"553 E Foothill Blvd, Pomona, CA 91767",,California,Pomona,,91767,,,,4.4,,,,,
King Liquors,"30063 Industrial Pkwy SW, Union City, CA 94587",,California,Hayward,,94544,,,,4.3,,,,,
Ocean Heart Liquor Market and Deli,"301 17th St, Huntington Beach, CA 92648",,California,Huntington Beach,,92648,,,,4.7,,,,,
Lucky Seven,"3232 Stine Rd, Bakersfield, CA 93309",,California,Bakersfield,,93309,,,,4.3,,,,,
Stop By Market & Liquor,"21995 Mission Blvd # 1, Hayward, CA 94541",,California,Hayward,,94541,,,,3.9,,,,,
Village Liquor,"2905 Honolulu Ave, La Crescenta, CA 91214",,California,La Crescenta,,91214,,,,4.9,,,,,
B's Keg Beer Inc,"1429 E Main St, El Cajon, CA 92021",,California,El Cajon,,92021,,,,4.5,,,,,
City Liquor,"1700 Brundage Ln, Bakersfield, CA 93304",,California,Bakersfield,,93304,,,,4.1,,,,,
Dimension Liquor,"20761 Lake Forest Dr # J, Lake Forest, CA 92630",,California,Lake Forest,,92630,,,,4.4,,,,,
Hogan's Liquors,"429 S Riverside Ave, Rialto, CA 92376",,California,Rialto,,92376,,,,4.2,,,,,
Lucy's Market,"1576 Industrial Blvd # B, Chula Vista, CA 91911",,California,Chula Vista,,91911,,,,4.6,,,,,
Sam's Liquor,"20651 Lake Forest Dr a108, Lake Forest, CA 92630",,California,Lake Forest,,92630,,,,4.4,,,,,
Starshine Liquor Market,"4818 Gallatin Way, San Diego, CA 92117",,California,San Diego,,92117,,,,4.7,,,,,
3 Star Food & Liquor,"1140 Meadow Ln C, Concord, CA 94520",,California,Concord,,94520,,,,2.9,,,,,
C J's Liquor,"4949 Stevenson Blvd # Q, Fremont, CA 94538",,California,Fremont,,94538,,,,3.9,,,,,
Chuck's Liquors,"467 Foothill Blvd, Rialto, CA 92376",,California,Rialto,,92376,,,,4.6,,,,,
Cork & Knife,"400 Clovis Ave Ste 107, Clovis, CA 93612",,California,Clovis,,93612,,,,4.5,,,,,
Imbibe Wine & Spirits Merchant,"4140 Truxtun Ave, Bakersfield, CA 93309",,California,Bakersfield,,93309,,,,4.7,,,,,
Liquor Box,"2411 S Vineyard Ave # C, Ontario, CA 91761",,California,Ontario,,91761,,,,4.1,,,,,
verdugo market,"724 Oak St, Bakersfield, CA 93304",,California,Bakersfield,,93304,,,,4.4,,,,,
Abc Liquor Mart,"2790 N State St, San Bernardino, CA 92407",,California,San Bernardino,,92407,,,,4.2,,,,,
Bay Wine & Spirits,"211 Spruce Ave, South San Francisco, CA 94080",,California,San Francisco,,94080,,,,4.2,,,,,
King Tut Liquor,"279 W Base Line St, San Bernardino, CA 92410",,California,San Bernardino,,92410,,,,3.6,,,,,
Luckner Liquors,"9372 Sierra Ave., Fontana, CA 92335",,California,Fontana,,92335,,,,4.4,,,,,
SBC Liquors #9,"35236 Newark Blvd, Newark, CA 94560",,California,Newark,,94560,,,,4.1,,,,,
Stop N Save,"1416 Carver Rd, Modesto, CA 95350",,California,Modesto,,95350,,,,4.0,,,,,
Super Liquor,"3817 Wilson Rd Suite A, Bakersfield, CA 93309",,California,Bakersfield,,93309,,,,4.4,,,,,
Mike's Liquor #2,"3549 Mission Ave # A, Oceanside, CA 92058",,California,Oceanside,,92058,,,,4.1,,,,,
"HENRY,s LIQUOR","1100 Carver Rd suite A, Modesto, CA 95350",,California,Modesto,,95350,,,,4.1,,,,,
LIQUOR BOX,"2601 Oakdale Rd ste a, Modesto, CA 95355",,California,Modesto,,95355,,,,4.7,,,,,
Monument Wine & Spirits,"2250 Monument Blvd e, Concord, CA 94520",,California,Concord,,94520,,,,4.6,,,,,
Cork N' Bottle Liquor,"2970 Treat Blvd, Concord, CA 94518",,California,Concord,,94518,,,,4,,,,,
Criscola's Liquor Store,"4641 Mission Blvd, San Diego, CA 92109",,California,San Diego,,92109,,,,2.7,,,,,
"Eden's Liquor, Deli & New York Pizza","1086 A St, Hayward, CA 94541",,California,Hayward,,94541,,,,4.3,,,,,
Otay Ranch Market,"1392 E Palomar St #407, Chula Vista, CA 91913",,California,Chula Vista,,91913,,,,4.4,,,,,
Value Wine & Spirit,"607 Gregory Ln unit 120, Pleasant Hill, CA 94523",,California,Pleasant Hill,,94523,,,,4.4,,,,,
Didier's Liquor,"4778 E Olive Ave, Fresno, CA 93702",,California,Fresno,,93702,,,,4.2,,,,,
Foothill Liquor,"405 Jamacha Rd, El Cajon, CA 92019",,California,El Cajon,,92019,,,,4.0,,,,,
Lil Brown Jug,"957 Clovis Ave, Clovis, CA 93612",,California,Clovis,,93612,,,,4.0,,,,,
Plaza Wine & Spirit,"6755 Mira Mesa Blvd #125, San Diego, CA 92121",,California,San Diego,,92121,,,,4.6,,,,,
R & H Liquors,"1201 A St, Hayward, CA 94541",,California,Hayward,,94541,,,,4.5,,,,,
Real Liquor,"518 Jamacha Rd, El Cajon, CA 92019",,California,El Cajon,,92019,,,,4.5,,,,,
Alder Liquor & Deli,"17672 San Bernardino Ave, Fontana, CA 92335",,California,Fontana,,92335,,,,4.2,,,,,
Embassy Liquor,"4879 Topanga Canyon Blvd, Woodland Hills, CA 91364",,California,Woodland Hills,,91364,,,,4.4,,,,,
Jug Liquor Store,"4979 Cass St, San Diego, CA 92109",,California,San Diego,,92109,,,,4.6,,,,,
Scotty's Liquor Store,"2206 N Blackstone Ave, Fresno, CA 93703",,California,Fresno,,93703,,,,3.9,,,,,
Liquor King,"20892 Redwood Rd, Castro Valley, CA 94546",,California,Castro Valley,,94546,,,,3.1,,,,,
Liquor Zone,"1452 W Ashlan Ave, Fresno, CA 93705",,California,Fresno,,93705,,,,4.0,,,,,
Mill Street Liquor,"385 E Mill St # 2, San Bernardino, CA 92408",,California,San Bernardino,,92408,,,,4.5,,,,,
Pic n Pac - Liquors n Convenience Store,"1700 Willow Pass Rd B, Concord, CA 94520",,California,Concord,,94520,,,,4.0,,,,,
Country Cousin Liquor & Jr Market,"13040 Glenoaks Blvd, Sylmar, CA 91342",,California,Sylmar,,91342,,,,4.6,,,,,
B Street Liquor Store,"1681 B St, Hayward, CA 94541",,California,Hayward,,94541,,,,4,,,,,
Melrose Wine & Spirits,"2215 S Melrose Dr, Vista, CA 92081",,California,Vista,,92081,,,,4.5,,,,,
Mission Marketplace,"3772 Mission Ave # 135, Oceanside, CA 92058",,California,Oceanside,,92058,,,,4.2,,,,,
Palms Liquor Store,"1207 Chester Ave, Bakersfield, CA 93301",,California,Bakersfield,,93301,,,,4.2,,,,,
SBC Liquors #8,"40795 Grimmer Blvd, Fremont, CA 94538",,California,Fremont,,94538,,,,4.2,,,,,
In And Out Liquor Mart,"1301 California Ave, Bakersfield, CA 93304",,California,Bakersfield,,93304,,,,4.4,,,,,
Madeira Discount Liquors,"6714 Thornton Ave # A, Newark, CA 94560",,California,Newark,,94560,,,,4.4,,,,,
Prescott Liquor,"1800 Prescott Rd, Modesto, CA 95350",,California,Modesto,,95350,,,,4.1,,,,,
Tarpey Wine & Spirits,"4131 Clovis Ave, Fresno, CA 93727",,California,Fresno,,93727,,,,4.4,,,,,
Bitters & Bottles,"240 Grand Ave, South San Francisco, CA 94080",,California,San Francisco,,94080,,,,4.9,,,,,
Vin Vino Wine,"437 California Ave, Palo Alto, CA 94306",,California,Palo Alto,,94306,,,,4.9,,,,,
Gene's Liquors,"6173 Santa Teresa Blvd, San Jose, CA 95123",,California,San Jose,,95123,,,,3.7,,,,,
Harry's Market,"750 Surfrider Square, San Diego, CA 92109",,California,San Diego,,92109,,,,3.3,,,,,
Mr Fast,"600 Brundage Ln, Bakersfield, CA 93304",,California,Bakersfield,,93304,,,,4.2,,,,,
Newport Liquor,"2957 BEYER BLVD, San Diego, CA 92154",,California,San Diego,,92154,,,,4.6,,,,,
Night Cap Liquor,"412 W Duarte Rd, Monrovia, CA 91016",,California,Monrovia,,91016,,,,4.2,,,,,
Orange Hill Liquor,"7622 E Chapman Ave # A, Orange, CA 92869",,California,Orange,,92869,,,,4.4,,,,,
Tuxedo Liquors,"5347 Arlington Ave, Riverside, CA 92504",,California,Riverside,,92504,,,,4.3,,,,,
Fat Boy Market And Liquor,"3580 W Temple Ave, Pomona, CA 91768",,California,Pomona,,91768,,,,4.5,,,,,
Fresno Liquor & Video,"5595 E Griffith Way, Fresno, CA 93727",,California,Fresno,,93727,,,,4.1,,,,,
G K Discount Liquor,"8484 Florin Rd # 20, Sacramento, CA 95828",,California,Sacramento,,95828,,,,4.4,,,,,
Market One Liquor,"16052 Gale Ave, Hacienda Heights, CA 91745",,California,Hacienda Heights,,91745,,,,3.3,,,,,
Mga Liquor,"342 N Clovis Ave suite c, Clovis, CA 93612",,California,Clovis,,93612,,,,4.6,,,,,
Pat's Liquor Store,"5096 Voltaire St, San Diego, CA 92107",,California,San Diego,,92107,,,,4.6,,,,,
"Southern Glazer's Wine & Spirits, LLC","1301 N Market Blvd, Sacramento, CA 95834",,California,Sacramento,,95834,,,,4.5,,,,,
Southwest Liquor,"939 Otay Lakes Rd, Chula Vista, CA 91913",,California,Chula Vista,,91913,,,,4.3,,,,,
West Side Liquor Store,"1832 19th St, Bakersfield, CA 93301",,California,Bakersfield,,93301,,,,4.2,,,,,
A & J Liquor Mart,"13677 Foothill Blvd # B1, Fontana, CA 92335",,California,Fontana,,92335,,,,3.6,,,,,
BEST LIQUOR PLUS,"2929 S Vineyard Ave K, Ontario, CA 91761",,California,Ontario,,91761,,,,4.1,,,,,
L & M Liquors,"22610 Vermont St, Hayward, CA 94541",,California,Hayward,,94541,,,,4.7,,,,,
Seaport Liquor + Mart,"1110 North Gaffey Street, Los Angeles, CA 90731",,California,Los Angeles,,90731,,,,4.3,,,,,
Todos Market & Liquor,"3123 Madison St, Riverside, CA 92504",,California,Riverside,,92504,,,,4.3,,,,,
G & G Liquor Store,"1306 W Shields Ave, Fresno, CA 93705",,California,Fresno,,93705,,,,4.3,,,,,
Lucky 7 Liquors,"5959 Arlington Ave STE A, Riverside, CA 92504",,California,Riverside,,92504,,,,4.4,,,,,
B&B Market and liquor,"14755 Foothill Blvd unit N, Fontana, CA 92335",,California,Fontana,,92335,,,,5,,,,,
Beverage House Liquor - San Diego,"755 Shadowridge Dr, Vista, CA 92083",,California,Vista,,92083,,,,4.5,,,,,
Brundage Liquor Store,"401 Brundage Ln, Bakersfield, CA 93304",,California,Bakersfield,,93304,,,,4.3,,,,,
Corner Wine & Spirits,"2600 Oceanside Blvd, Oceanside, CA 92054",,California,Oceanside,,92054,,,,4.4,,,,,
La Bodega Wine & Spirits,"3512 Central Ave, Riverside, CA 92506",,California,Riverside,,92506,,,,4.8,,,,,
Meadow Square Liquor Store,"41200 Blacow Rd f, Fremont, CA 94538",,California,Fremont,,94538,,,,4.1,,,,,
Quick-N-Shop Liquor Store,"1240 W Shields Ave, Fresno, CA 93705",,California,Fresno,,93705,,,,3.5,,,,,
SBC Liquors,"40645 Fremont Blvd #2, Fremont, CA 94538",,California,Fremont,,94538,,,,4.3,,,,,
Super Stop Liquor,"3440 Falcon St, Pomona, CA 91767",,California,Pomona,,91767,,,,4.5,,,,,
Bay Hill Food Liquors,"2637 East Ave, Hayward, CA 94541",,California,Hayward,,94541,,,,3.8,,,,,
Fig Tree Liquors,"1731 W Bullard Ave #102, Fresno, CA 93711",,California,Fresno,,93711,,,,4.3,,,,,
Indiana Liquor,"7580 Indiana Ave, Riverside, CA 92504",,California,Riverside,,92504,,,,4.4,,,,,
Safeway Liquor,"2811 Middlefield Rd, Palo Alto, CA 94306",,California,Palo Alto,,94306,,,,4.5,,,,,
Shop Rite Liquor Mart,"24698 4th St, San Bernardino, CA 92410",,California,San Bernardino,,92410,,,,4.1,,,,,
Stop & Shop Liquor & Food,"3121 Yosemite Blvd c5, Modesto, CA 95354",,California,Modesto,,95354,,,,3.9,,,,,
A-1 Market Liquor,"3511 Madison St STE D, Riverside, CA 92504",,California,Riverside,,92504,,,,4,,,,,
Bob's Discount Liquor,"7000 Jarvis Ave, Newark, CA 94560",,California,Newark,,94560,,,,4.2,,,,,
Cherry Liquors,"14512 Arrow Route, Fontana, CA 92335",,California,Fontana,,92335,,,,4,,,,,
Altadena Beverage and Market,"1850 Allen Ave, Pasadena, CA 91104",,California,Pasadena,,91104,,,,4.7,,,,,
Canyon City Liquor,"424 W Foothill Blvd #2306, Azusa, CA 91702",,California,Azusa,,91702,,,,4.5,,,,,
El Dorado Liquor & Lotto Center,"4106 N El Dorado St, Stockton, CA 95204",,California,Stockton,,95204,,,,4.3,,,,,
Ellis Liquor,"24936 E 3rd St, San Bernardino, CA 92410",,California,San Bernardino,,92410,,,,4.4,,,,,
Liquor Max,"497 N Clovis Ave #106, Clovis, CA 93611",,California,Clovis,,93611,,,,3.4,,,,,
MGA LIQUOR #7,"4190 E Belmont Ave, Fresno, CA 93702",,California,Fresno,,93702,,,,4,,,,,
Mission Liquor - Platt Ave,"6307 Platt Avenue, Los Angeles, CA 91367",,California,Los Angeles,,91367,,,,4.7,,,,,
Quicker Liquor,"9757 Sierra Ave., Fontana, CA 92335",,California,Fontana,,92335,,,,4.6,,,,,
Santee Discount Liquor & Beer Market,"11541 N Woodside Ave B, Santee, CA 92071",,California,Santee,,92071,,,,4.7,,,,,
Vendome Arcadia,"103 E Santa Clara St, Arcadia, CA 91006",,California,Arcadia,,91006,,,,4.9,,,,,
Village Liquor,"10410 Arlington Ave, Riverside, CA 92505",,California,Riverside,,92505,,,,4.6,,,,,
West Lane Liquor & Grocery,"3826 West Ln, Stockton, CA 95204",,California,Stockton,,95204,,,,4.1,,,,,
Chantry's Wine & Liquor,"7828 Limonite Ave, Riverside, CA 92509",,California,Riverside,,92509,,,,4.6,,,,,
Galleria Liquor,"6780 Miramar Rd Suite #107, San Diego, CA 92121",,California,San Diego,,92121,,,,4.1,,,,,
M & M Liquor and Food,"8969 Folsom Blvd, Sacramento, CA 95826",,California,Sacramento,,95826,,,,3.7,,,,,
Pine Liquor,"4870 Jackson St, Riverside, CA 92503",,California,Riverside,,92503,,,,4.1,,,,,
Super Liquor & Food,"3255 Sierra Rd, San Jose, CA 95132",,California,San Jose,,95132,,,,4.4,,,,,
Valley Gas Foodmart & Liquor,"5190 E Olive Ave, Fresno, CA 93727",,California,Fresno,,93727,,,,3.8,,,,,
World Liquor,"6811 Arlington Ave, Riverside, CA 92504",,California,Riverside,,92504,,,,4.5,,,,,
Abbott Liquor,"2074 Abbott St #2076, San Diego, CA 92107",,California,San Diego,,92107,,,,4.3,,,,,
Deep Liquor,"22058 Center St, Castro Valley, CA 94546",,California,Castro Valley,,94546,,,,4.5,,,,,
Liquor Del Valle # 5,"6225 Tyler St STE 109, Riverside, CA 92503",,California,Riverside,,92503,,,,4.4,,,,,
Stewart's Liquor,"5505 Van Buren Boulevard, Riverside, CA 92503",,California,Riverside,,92503,,,,4.4,,,,,
Linden Market,"2704 N Linden Ave, Rialto, CA 92377",,California,Rialto,,92377,,,,4.3,,,,,
Mike's Liquor & Market,"8980 Limonite Ave, Riverside, CA 92509",,California,Riverside,,92509,,,,4.1,,,,,
Tyke's Liquor,"807 Jamacha Rd, El Cajon, CA 92019",,California,El Cajon,,92019,,,,4.5,,,,,
Vintage Wine Shoppe & Liquors,"3460 Clayton Rd, Concord, CA 94519",,California,Concord,,94519,,,,4.1,,,,,
Belmont U-Save Liquors,"3639 E Belmont Ave, Fresno, CA 93702",,California,Fresno,,93702,,,,4.2,,,,,
BoBar Liquor II,"1777 Palm Ave, San Diego, CA 92154",,California,San Diego,,92154,,,,4.5,,,,,
Chaffey Liquor,"10451 Lemon Ave, Rancho Cucamonga, CA 91737",,California,Rancho Cucamonga,,91737,,,,3.4,,,,,
Countryside Liquor,"2276 Griffin Way #101, Corona, CA 92879",,California,Corona,,92879,,,,4.4,,,,,
Los Arcos Liquor,"161 McKinley St STE 113, Corona, CA 92879",,California,Corona,,92879,,,,3.7,,,,,
Power Mart Liquor Store,"9015 Folsom Blvd, Sacramento, CA 95826",,California,Sacramento,,95826,,,,4.1,,,,,
S&S Fast & Easy,"3200 Willow Pass Rd, Concord, CA 94519",,California,Concord,,94519,,,,4.4,,,,,
Samis 7 Market & Liquor,"8345 Arlington Ave, Riverside, CA 92503",,California,Riverside,,92503,,,,4.5,,,,,
Super Save,"1385 Shaw Ave # 101, Clovis, CA 93612",,California,Clovis,,93612,,,,3.7,,,,,
Tommy's Liquors,"2501 S Chester Ave #5251, Bakersfield, CA 93304",,California,Bakersfield,,93304,,,,4.0,,,,,
Bi-Rite Market & Liquor,"4810 Tyler St, Riverside, CA 92503",,California,Riverside,,92503,,,,4.3,,,,,
Bottle Shop,"40919 Fremont Blvd #4, Fremont, CA 94538",,California,Fremont,,94538,,,,3.8,,,,,
Concord Craft,"1701 Farm Bureau Rd, Concord, CA 94519",,California,Concord,,94519,,,,4.7,,,,,
Keg N Bottle - Sorrento Valley,"5973 Lusk Blvd, San Diego, CA 92121",,California,San Diego,,92121,,,,4.5,,,,,
Lichine's Liquor & Deli,"7107 S Land Park Dr, Sacramento, CA 95831",,California,Sacramento,,95831,,,,4.5,,,,,
Marina Liquor & Deli,"2260 Marina Blvd, San Leandro, CA 94577",,California,San Leandro,,94577,,,,4.2,,,,,
Nestor Liquor,"1134 Hollister St, San Diego, CA 92154",,California,San Diego,,92154,,,,3.9,,,,,
Breyer's Liquor Store,"5145 Jurupa Ave STE F, Riverside, CA 92504",,California,Riverside,,92504,,,,4.2,,,,,
Country West Liquor,"3071 W Capitol Ave, West Sacramento, CA 95691",,California,West Sacramento,,95691,,,,3.6,,,,,
Del Norte Liquors,"11299 San Pablo Ave #P, El Cerrito, CA 94530",,California,El Cerrito,,94530,,,,4.3,,,,,
Jim's Market,"12702 Magnolia Ave STE 32, Riverside, CA 92503",,California,Riverside,,92503,,,,4.5,,,,,
John's Liquor Market,"16718 Valley Blvd, Fontana, CA 92335",,California,Fontana,,92335,,,,4.0,,,,,
Marches Liquor,"47 W Harding Way, Stockton, CA 95204",,California,Stockton,,95204,,,,4.1,,,,,
Ronnie's Market & Liquor,"1270 Country Club Blvd, Stockton, CA 95204",,California,Stockton,,95204,,,,4.1,,,,,
Tyler Market Liquor,"4803 Tyler St, Riverside, CA 92503",,California,Riverside,,92503,,,,4.4,,,,,
Victoria's Liquor,"125 E Jamestown St, Stockton, CA 95207",,California,Stockton,,95207,,,,3.6,,,,,
Bobs Discount Liquor #17,"3968 Washington Blvd, Fremont, CA 94538",,California,Fremont,,94538,,,,4,,,,,
Cougar Paper Corp,"1087 E 9th St, San Bernardino, CA 92410",,California,San Bernardino,,92410,,,,5,,,,,
Fair Price Food Store,"3805 N Hughes Ave, Fresno, CA 93705",,California,Fresno,,93705,,,,4.2,,,,,
G & B Liquors,"15892 Randall Ave, Fontana, CA 92335",,California,Fontana,,92335,,,,4.4,,,,,
One Stop Liquor,"4770 Oceanside Blvd, Oceanside, CA 92056",,California,Oceanside,,92056,,,,4.5,,,,,
USA Liquor,"1720 S Union Ave #100, Bakersfield, CA 93307",,California,Bakersfield,,93307,,,,4.5,,,,,
Jamacha Produce Market/Liquor,"10761 Jamacha Blvd STE D, Spring Valley, CA 91978",,California,Spring Valley,,91978,,,,4.7,,,,,
Kay's Liquor,"3475 E Belmont Ave, Fresno, CA 93702",,California,Fresno,,93702,,,,4.3,,,,,
Quick Mart,"2480 Skyline Dr, Pacifica, CA 94044",,California,Pacifica,,94044,,,,4.6,,,,,
Shop n Go Liquor,"1441 W March Ln, Stockton, CA 95207",,California,Stockton,,95207,,,,4,,,,,
7 Stop Food and Liqour,"2351 Vehicle Dr, Rancho Cordova, CA 95670",,California,Rancho Cordova,,95670,,,,2.8,,,,,
99 Stores Liquor,"43410 Grimmer Blvd, Fremont, CA 94538",,California,Fremont,,94538,,,,4.2,,,,,
Fremont Bin & Barrel Liquor,"42314 Fremont Blvd, Fremont, CA 94538",,California,Fremont,,94538,,,,4.8,,,,,
Giant K Market,"606 Crouch St, Oceanside, CA 92054",,California,Oceanside,,92054,,,,4.4,,,,,
Mesa Foods and Liquor,"28562 Oso Pkwy ste g, Rancho Santa Margarita, CA 92688",,California,Rancho Santa Margari,,92688,,,,4.2,,,,,
Mike's Liquor,"1544 N Palm Ave, Fresno, CA 93728",,California,Fresno,,93728,,,,4.4,,,,,
U Save Liquor & Market,"2576 N Hughes Ave, Fresno, CA 93705",,California,Fresno,,93705,,,,4.2,,,,,
Frank 's Liquor,"1610 Palm Ave, San Diego, CA 92154",,California,San Diego,,92154,,,,4.2,,,,,
Rowland Heights Liquor Mart,"2428 Fullerton Rd, Rowland Heights, CA 91748",,California,Rowland Heights,,91748,,,,4.0,,,,,
Sunrise Food and Liquor,"2271 Sunrise Blvd, Gold River, CA 95670",,California,Gold River,,95670,,,,4.7,,,,,
Belmont Wine Exchange,"25811 Clawiter Rd, Hayward, CA 94545",,California,Hayward,,94545,,,,4.8,,,,,
Citrus Liquor & Market,"16056 Valley Blvd A, Fontana, CA 92335",,California,Fontana,,92335,,,,4.1,,,,,
Los Gatos Wines & Liquors,"16498 Los Gatos Blvd, Los Gatos, CA 95032",,California,Los Gatos,,95032,,,,3.7,,,,,
Mi Tierra Liquor,"300 S Owens St, Bakersfield, CA 93307",,California,Bakersfield,,93307,,,,4.4,,,,,
Bourbons & More,"3101 Sunset Blvd, Rocklin, CA 95677",,California,Rocklin,,95677,,,,4.4,,,,,
Calloway Market,"2816 Calloway Dr, Bakersfield, CA 93312",,California,Bakersfield,,93312,,,,5,,,,,
Corner Stop Liquor,"40385 Murrieta Hot Springs Rd B-1, Murrieta, CA 92563",,California,Murrieta,,92563,,,,5,,,,,
Don's Market & Liquor,"2801 Port Chicago Hwy, Concord, CA 94520",,California,Concord,,94520,,,,4.3,,,,,
Kendall Market,"974 Kendall Dr # 2, San Bernardino, CA 92407",,California,San Bernardino,,92407,,,,2.7,,,,,
La Riviera Market & Spirits,"9331 La Riviera Dr, Sacramento, CA 95826",,California,Sacramento,,95826,,,,4.4,,,,,
Palm Bluffs Liquer,"585 W Nees Ave, Fresno, CA 93711",,California,Fresno,,93711,,,,4.6,,,,,
Pine Center Liquor,"4640 Pine St, Riverside, CA 92501",,California,Riverside,,92501,,,,4.2,,,,,
Royal Oaks Liquor & Fine Wine,"511 N 1st Ave, Arcadia, CA 91006",,California,Arcadia,,91006,,,,4.4,,,,,
Sam's Liquor & Gas,"801 E California Ave, Bakersfield, CA 93307",,California,Bakersfield,,93307,,,,3.4,,,,,
Shop N Rite Liquor,"4607 E Tulare St, Fresno, CA 93702",,California,Fresno,,93702,,,,4.5,,,,,
Super Liquor,"1150 E Imperial Hwy, Placentia, CA 92870",,California,Placentia,,92870,,,,4.6,,,,,
U Save Liquor,"4622 E Tulare Ave, Fresno, CA 93702",,California,Fresno,,93702,,,,4.0,,,,,
Village liquor and mart,"7270 Victoria Park Ln # 2A, Rancho Cucamonga, CA 91739",,California,Rancho Cucamonga,,91739,,,,4.5,,,,,
Weston's Market & Liquor,"40119 Murrieta Hot Springs Rd, Murrieta, CA 92563",,California,Murrieta,,92563,,,,4.4,,,,,
King's Liquors,"8 41st Ave, San Mateo, CA 94403",,California,San Mateo,,94403,,,,4.9,,,,,
Lancaster Deli & Liquor,"42212 10th St W # 10B, Lancaster, CA 93534",,California,Lancaster,,93534,,,,3.8,,,,,
Riverside Liquor,"9742 Magnolia Ave, Riverside, CA 92503",,California,Riverside,,92503,,,,4.2,,,,,
Belltown Market Inc,"2420 Hall Ave, Riverside, CA 92509",,California,Riverside,,92509,,,,4,,,,,
Centerwood Liquors,"23 Laurie Meadows Dr, San Mateo, CA 94403",,California,San Mateo,,94403,,,,4.5,,,,,
Elite Liquors,"5191 E Belmont Ave, Fresno, CA 93727",,California,Fresno,,93727,,,,4.2,,,,,
Mission Liquors,"39945 Mission Blvd, Fremont, CA 94539",,California,Fremont,,94539,,,,4.3,,,,,
Sunset Mart,"2600 Sunset Blvd #101, Rocklin, CA 95677",,California,Rocklin,,95677,,,,4.5,,,,,
Valencia Liquors,"704 E Highland Ave, San Bernardino, CA 92404",,California,San Bernardino,,92404,,,,4.5,,,,,
B & E Liquors,"939 N Yosemite St, Stockton, CA 95203",,California,Stockton,,95203,,,,4.2,,,,,
C & C Liquors,"43100 Sumter Ave, Fremont, CA 94538",,California,Fremont,,94538,,,,4.9,,,,,
Liquor Plus Mart,"13451 Baseline Ave A, Fontana, CA 92336",,California,Fontana,,92336,,,,N/A,,,,,
Sunrise Market liquor,"1589 N Fruit Ave, Fresno, CA 93728",,California,Fresno,,93728,,,,4.2,,,,,
Cavalier Liquor,"4068 Tyler St, Riverside, CA 92503",,California,Riverside,,92503,,,,3.8,,,,,
Dorsey's Liquor,"4803 E Tulare Ave, Fresno, CA 93727",,California,Fresno,,93727,,,,3.8,,,,,
Fire Mountain Market,"1991 Oceanside Blvd, Oceanside, CA 92054",,California,Oceanside,,92054,,,,4.6,,,,,
Cork & Bottle,"3375 Port Chicago Hwy, Concord, CA 94520",,California,Concord,,94520,,,,4.3,,,,,
Highland Market & Liquor,"25454 E 9th St, San Bernardino, CA 92410",,California,San Bernardino,,92410,,,,4.0,,,,,
Johnny's Liquor,"2615 N Fair Oaks Ave, Altadena, CA 91001",,California,Altadena,,91001,,,,4.4,,,,,
La Bodega,"2909 N Waterman Ave, San Bernardino, CA 92404",,California,San Bernardino,,92404,,,,4.4,,,,,
La Sierra Liquor Mart,"11037 Hole Ave, Riverside, CA 92505",,California,Riverside,,92505,,,,3.8,,,,,
Mayfair Liquors,"6111 West Ln #101, Stockton, CA 95210",,California,Stockton,,95210,,,,4.2,,,,,
Super Discount Liquor & Food,"850 Brewster Ave, Redwood City, CA 94063",,California,Redwood City,,94063,,,,4.1,,,,,
Valley Liquor,"14780 Valley Blvd, Fontana, CA 92335",,California,Fontana,,92335,,,,4.4,,,,,
Bottle Stop,"753 W 40th St, San Bernardino, CA 92407",,California,San Bernardino,,92407,,,,4.4,,,,,
Grape Press Liquor,"464 S Anaheim Hills Rd, Anaheim, CA 92807",,California,Anaheim,,92807,,,,4.6,,,,,
Keystone Liquors,"14529 San Bernardino Ave, Fontana, CA 92335",,California,Fontana,,92335,,,,4.2,,,,,
Michael's Market,"41925 Motor Car Pkwy # A, Temecula, CA 92591",,California,Temecula,,92591,,,,4.2,,,,,
Palm Liquors & Delicatessen,"9234 Magnolia Ave, Riverside, CA 92503",,California,Riverside,,92503,,,,4.3,,,,,
Pasha Market Liquor,"10054 Magnolia Ave, Riverside, CA 92503",,California,Riverside,,92503,,,,4.5,,,,,
Slick's Liquor,"333 S Santa Fe Ave, Vista, CA 92083",,California,Vista,,92083,,,,4.8,,,,,
C & C Liquors,"13672 Magnolia Ave A, Corona, CA 92879",,California,Corona,,92879,,,,4.3,,,,,
Lakeside Market,"2233 Grand Canal Blvd #201, Stockton, CA 95207",,California,Stockton,,95207,,,,2.9,,,,,
Los Alamos Wine & Spirits Fine Cigars,"39429 Los Alamos Rd Suite A-C, Murrieta, CA 92563",,California,Murrieta,,92563,,,,4.7,,,,,
Samis VI,"39840 Los Alamos Rd # D1, Murrieta, CA 92562",,California,Murrieta,,92562,,,,4.5,,,,,
Shortstop Food & Liquor,"9545 Folsom Blvd Suite #4, Sacramento, CA 95827",,California,Sacramento,,95827,,,,4.4,,,,,
Uncle Tom's Liquors,"3081 Tulare St, Fresno, CA 93721",,California,Fresno,,93721,,,,4.1,,,,,
Wine Wizards,"2222 Grand Canal Blvd Ste 3, Stockton, CA 95207",,California,Stockton,,95207,,,,4.9,,,,,
Dan's Liquor,"4005 N Marks Ave, Fresno, CA 93722",,California,Fresno,,93722,,,,4.2,,,,,
House of Wine and Spirits,"1660 Capalina Rd, San Marcos, CA 92069",,California,San Marcos,,92069,,,,4.2,,,,,
Natomas Food & Liquor,"4000 E Commerce Way, Sacramento, CA 95834",,California,Sacramento,,95834,,,,3,,,,,
Oceanside Liquor Store,"1910 Oceanside Blvd a, Oceanside, CA 92054",,California,Oceanside,,92054,,,,4,,,,,
People’s Market & liquor,"2081 Country Club Blvd, Stockton, CA 95204",,California,Stockton,,95204,,,,4.2,,,,,
Quick Pick Liquor,"3775 14th St, Riverside, CA 92501",,California,Riverside,,92501,,,,4.4,,,,,
Times Market and liquor inc,"12346 Woodside Ave G-H-F-N, Lakeside, CA 92040",,California,Lakeside,,92040,,,,4.0,,,,,
Village Market & Liquor,"3812 Pierce St, Riverside, CA 92503",,California,Riverside,,92503,,,,4.4,,,,,
4 bros liquor #3,"4094 N F St, San Bernardino, CA 92407",,California,San Bernardino,,92407,,,,4.3,,,,,
East County Gas & Liquor,"8575 Los Coches Rd E, El Cajon, CA 92021",,California,El Cajon,,92021,,,,4,,,,,
Liquor Barrel,"1702 N Wilson Way, Stockton, CA 95205",,California,Stockton,,95205,,,,4.1,,,,,
Peninsula Liquors,"717 El Camino Real, Redwood City, CA 94063",,California,Redwood City,,94063,,,,4.3,,,,,
Vinous Reverie,"554 Ygnacio Valley Rd, Walnut Creek, CA 94596",,California,Walnut Creek,,94596,,,,5.0,,,,,
BevMo! - 342 E Hillsdale Blvd,"342 E Hillsdale Blvd, San Mateo, CA 94403",,California,San Mateo,,94403,,,,4.3,,,,,
River's liquor,"5527 Mission Blvd, Riverside, CA 92509",,California,Riverside,,92509,,,,4.1,,,,,
Rosemont Wine & Liquor,"9106 Kiefer Blvd, Sacramento, CA 95826",,California,Sacramento,,95826,,,,4.1,,,,,
Chicago Liquor Store,"1930 N Ventura Rd, Oxnard, CA 93036",,California,Oxnard,,93036,,,,4.2,,,,,
Gaines Liquors,"2211 W Alpine Ave, Stockton, CA 95204",,California,Stockton,,95204,,,,4.3,,,,,
Greenacres Liquor,"10725 Rosedale Hwy, Bakersfield, CA 93312",,California,Bakersfield,,93312,,,,4.6,,,,,
Jamacha Liquor Market,"1530 Jamacha Rd, El Cajon, CA 92019",,California,El Cajon,,92019,,,,4.0,,,,,
On The Vine,"10711 Rosedale Hwy, Bakersfield, CA 93312",,California,Bakersfield,,93312,,,,4.4,,,,,
Pershing Liquors,"5660 N Pershing Ave, Stockton, CA 95207",,California,Stockton,,95207,,,,4.5,,,,,
Village Liquor,"711 Kentucky St, Bakersfield, CA 93305",,California,Bakersfield,,93305,,,,4.4,,,,,
Bowman's Market Liquor,"1008 Palm Ave, Imperial Beach, CA 91932",,California,Imperial Beach,,91932,,,,4.5,,,,,
Friendly Liquor Store,"3962 University Ave, Riverside, CA 92501",,California,Riverside,,92501,,,,3.5,,,,,
Super 7 Food & Liquor,"9689 Folsom Blvd, Sacramento, CA 95827",,California,Sacramento,,95827,,,,4.4,,,,,
Tipsy's Liquor,"7272 Sterling Ave, San Bernardino, CA 92404",,California,San Bernardino,,92404,,,,4.2,,,,,
U Save Liquors,"81 Bill Drake Way, Pacifica, CA 94044",,California,Pacifica,,94044,,,,4.2,,,,,
Base Line Liquor & Market,"25979 E Baseline St, San Bernardino, CA 92410",,California,San Bernardino,,92410,,,,4,,,,,
Fast & Easy Liquors,"4475 Treat Blvd B, Concord, CA 94521",,California,Concord,,94521,,,,4.7,,,,,
Marina Liquor,"2996 S Norfolk St # I, San Mateo, CA 94403",,California,San Mateo,,94403,,,,4,,,,,
Party House Liquor,"1002 N Santa Anita Ave, Arcadia, CA 91006",,California,Arcadia,,91006,,,,4.5,,,,,
Bond Market Liquor,"9165 Elk Grove Florin Rd, Elk Grove, CA 95624",,California,Elk Grove,,95624,,,,4.3,,,,,
Charlebois Liquors,"21840 Alessandro Blvd, Moreno Valley, CA 92553",,California,Moreno Valley,,92553,,,,4.4,,,,,
Sierra Liquor,"42145 Sierra Hwy, Lancaster, CA 93535",,California,Lancaster,,93535,,,,4.0,,,,,
Epic Wine & Spirits,"11395 Poway Rd A, San Diego, CA 92128",,California,San Diego,,92128,,,,5.0,,,,,
Harding Way Liquor,"2040 E Harding Way, Stockton, CA 95205",,California,Stockton,,95205,,,,4.3,,,,,
Liquor City,"1230 W Hillsdale Blvd, San Mateo, CA 94403",,California,San Mateo,,94403,,,,N/A,,,,,
Quick Stop Liquor,"4595 E Kings Canyon Rd # 101, Fresno, CA 93702",,California,Fresno,,93702,,,,4,,,,,
USA Liquor,"7555 Pacific Ave Suite 159, Stockton, CA 95207",,California,Stockton,,95207,,,,4.4,,,,,
Balboa Liquor Store,"1604 Mission Avenue, Oceanside, CA 92058",,California,Oceanside,,92058,,,,4.7,,,,,
Canyon Liquor,"19058 La Puente Rd, West Covina, CA 91792",,California,West Covina,,91792,,,,4.4,,,,,
Capital Food & Liquor,"10009 Folsom Blvd #110, Sacramento, CA 95827",,California,Sacramento,,95827,,,,4,,,,,
Cee Vee's Liquor & Market,"7750 Palm Ave, Highland, CA 92346",,California,Highland,,92346,,,,4.4,,,,,
Liquor Depot,"27911 Jefferson Ave, Temecula, CA 92590",,California,Temecula,,92590,,,,4.7,,,,,
Mega 10 Liquor,"3610 Valley Way, Riverside, CA 92509",,California,Riverside,,92509,,,,4,,,,,
Pour’s liquor,"1141 13th St, Imperial Beach, CA 91932",,California,Imperial Beach,,91932,,,,4.7,,,,,
Roy's Liquor,"22594 Alessandro Blvd, Moreno Valley, CA 92553",,California,Moreno Valley,,92553,,,,4.3,,,,,
Carlos Liquors,"2990 14th St, Riverside, CA 92507",,California,Riverside,,92507,,,,3.9,,,,,
Christie's Liquor,"3040 Foothill Boulevard, La Crescenta Montros, CA 91214",,California,La Crescenta Montros,,91214,,,,4.8,,,,,
Liquor Zone & Craft Beer,"2700 Country Club Blvd, Stockton, CA 95204",,California,Stockton,,95204,,,,4.1,,,,,
Lucky Liquors,"63 S Abbott Ave, Milpitas, CA 95035",,California,Milpitas,,95035,,,,4.1,,,,,
MGA Liquor,"23342 Valencia Blvd, Santa Clarita, CA 91355",,California,Santa Clarita,,91355,,,,5.0,,,,,
Sea Trader Liquor & Deli,"1403 Ebers St, San Diego, CA 92107",,California,San Diego,,92107,,,,4.6,,,,,
Select Wine & Spirits,"4271 Truxel Rd # B2, Sacramento, CA 95834",,California,Sacramento,,95834,,,,4.2,,,,,
Wes Liquor,"16 W 25th Ave, San Mateo, CA 94403",,California,San Mateo,,94403,,,,N/A,,,,,
4 Way Liquor,"500 W San Marcos Blvd #100, San Marcos, CA 92069",,California,San Marcos,,92069,,,,3.5,,,,,
Jug & Jigger Liquor,"1411 E Highland Ave, San Bernardino, CA 92404",,California,San Bernardino,,92404,,,,4.2,,,,,
Lakeside Liquor Store,"9936 Maine Ave, Lakeside, CA 92040",,California,Lakeside,,92040,,,,4.8,,,,,
Nice Liquor & Video,"10689 Magnolia Ave STE 3, Riverside, CA 92505",,California,Riverside,,92505,,,,3.9,,,,,
Sousa's Food & Liquor,"1584 Washington Blvd, Fremont, CA 94539",,California,Fremont,,94539,,,,4.5,,,,,
Chill N Go Liquor,"4302 E Kings Canyon Rd, Fresno, CA 93702",,California,Fresno,,93702,,,,4.3,,,,,
Lowrs Market & Liquor,"7384 Mission Blvd, Jurupa Valley, CA 92509",,California,Jurupa Valley,,92509,,,,4.1,,,,,
Oak Tree Liquor-Deli & Grill - Local and Small Business,"27737 Bouquet Canyon Rd # 104, Santa Clarita, CA 91350",,California,Santa Clarita,,91350,,,,3.3,,,,,
Old Doc's Discount Liquor,"3061 W Bullard Ave, Fresno, CA 93711",,California,Fresno,,93711,,,,3.0,,,,,
Tony's Market,"4098 Park Ave, Riverside, CA 92507",,California,Riverside,,92507,,,,4.3,,,,,
Waterloo Liquors,"2512 Waterloo Rd, Stockton, CA 95205",,California,Stockton,,95205,,,,4.4,,,,,
Hammer Liquor,"8037 West Ln # B, Stockton, CA 95210",,California,Stockton,,95210,,,,3.9,,,,,
Liquor Maxx #2 - Lycamobile Store,"8626 Suite 8, N Lower Sacramento Rd, Stockton, CA 95210",,California,Stockton,,95210,,,,4.3,,,,,
Neelam Liquor Store,"150 N B St, San Mateo, CA 94401",,California,San Mateo,,94401,,,,4.3,,,,,
Spirits of St Germain Liquors,"3251 Holiday Ct # 101 # 101, San Diego, CA 92037",,California,San Diego,,92037,,,,4.2,,,,,
Chevron ExtraMile: Liquor & Craft Beer,"9603 E Stockton Blvd, Elk Grove, CA 95624",,California,Elk Grove,,95624,,,,1,,,,,
"Craft Beer, Wine & Liquor","678 N Wilson Way STE 11-12, Stockton, CA 95205",,California,Stockton,,95205,,,,4.4,,,,,
E & J Market Liquor,"2710 University Ave, Riverside, CA 92507",,California,Riverside,,92507,,,,4.2,,,,,
Fontana Liquor & Market,"1305 Niles St, Bakersfield, CA 93305",,California,Bakersfield,,93305,,,,4.1,,,,,
Milpitas Liquors,"190 S Main St, Milpitas, CA 95035",,California,Milpitas,,95035,,,,4.1,,,,,
Palm Liquor,"116 South Blvd, San Mateo, CA 94402",,California,San Mateo,,94402,,,,3.9,,,,,
San Mateo Liquors,"254 S B St, San Mateo, CA 94401",,California,San Mateo,,94401,,,,3.7,,,,,
Valley Market Wine & Spirit Store,"1356 W Valley Pkwy STE C, Escondido, CA 92029",,California,Escondido,,92029,,,,3.6,,,,,
West Lane Market & Liquor Mart,"8142 N, West Ln STE 140, Stockton, CA 95210",,California,Stockton,,95210,,,,4.5,,,,,
Country Liquor Co,"22862 Alessandro Blvd Unit 2, Moreno Valley, CA 92553",,California,Moreno Valley,,92553,,,,4.1,,,,,
Mike's Market & Liquor,"197 W 40th St, San Bernardino, CA 92407",,California,San Bernardino,,92407,,,,4.4,,,,,
Pacific Mini Mart & Smoke Shop,"10945 Magnolia Ave, Riverside, CA 92505",,California,Riverside,,92505,,,,3.3,,,,,
Ronny's Market & Liquor,"16642 Marquez Avenue, Los Angeles, CA 90272",,California,Los Angeles,,90272,,,,4.4,,,,,
RZ LIQUOR &MARKET,"23080 Alessandro Blvd Ste #208, Moreno Valley, CA 92553",,California,Moreno Valley,,92553,,,,4.3,,,,,
SBC Liquors #7,"148 W Calaveras Blvd, Milpitas, CA 95035",,California,Milpitas,,95035,,,,4.4,,,,,
SR Food & Liquor,"1750 Santa Rosa Ave, Santa Rosa, CA 95404",,California,Santa Rosa,,95404,,,,3.8,,,,,
BevMo! - Santa Rosa,"2090 Santa Rosa Ave, Santa Rosa, CA 95407",,California,Santa Rosa,,95407,,,,4.3,,,,,
Dale's Liquor Store,"107 N Brooks St, Oceanside, CA 92054",,California,Oceanside,,92054,,,,4.5,,,,,
Foothill Liquor,"3655 Foothill Blvd, Glendale, CA 91214",,California,Glendale,,91214,,,,3.7,,,,,
Grog Shop Liquor & Deli,"2296 Santa Rosa Ave, Santa Rosa, CA 95407",,California,Santa Rosa,,95407,,,,3.8,,,,,
Howard's Liquor,"2128 3rd St, Riverside, CA 92507",,California,Riverside,,92507,,,,3.8,,,,,
JM Liquor,"440 River Rd, Corona, CA 92878",,California,Corona,,92880,,,,4.5,,,,,
Parkwoods Liquors,"1760 W Hammer Ln, Stockton, CA 95209",,California,Stockton,,95209,,,,3.6,,,,,
Texas Wine & Spirits,"945 Carlsbad Village Dr, Carlsbad, CA 92008",,California,Carlsbad,,92008,,,,4.4,,,,,
University Village Market & Liquor,"3796 Watkins Dr, Riverside, CA 92507",,California,Riverside,,92507,,,,3.2,,,,,
Calstar Cellars,"2420 West Ave, Santa Rosa, CA 95407",,California,Santa Rosa,,95407,,,,5,,,,,
e Food Stores and Liquor,"997 W San Marcos Blvd, San Marcos, CA 92078",,California,San Marcos,,92078,,,,4.2,,,,,
Elk Grove Discount Wine & Liquor,"9358 Elk Grove Florin Rd, Elk Grove, CA 95624",,California,Elk Grove,,95624,,,,4.4,,,,,
Fiesta Liquors,"2023 Baker St, Bakersfield, CA 93305",,California,Bakersfield,,93305,,,,4.3,,,,,
Good Spirit Liquor Store,"2501 Del Rosa Ave N, San Bernardino, CA 92404",,California,San Bernardino,,92404,,,,4.0,,,,,
Hageman Liquor,"9919 Hageman Rd STE 200, Bakersfield, CA 93312",,California,Bakersfield,,93312,,,,4.6,,,,,
Verdugo market,"4198 Union Ave, Bakersfield, CA 93305",,California,Bakersfield,,93305,,,,4.5,,,,,
American Deli & Liquor,"13001 Stockdale Hwy, Bakersfield, CA 93314",,California,Bakersfield,,93314,,,,4.3,,,,,
Avenue Liquors,"336 S Norfolk St, San Mateo, CA 94401",,California,San Mateo,,94401,,,,4.2,,,,,
"Broadway one stop Liquor, Inc","102 N Broadway St, Fresno, CA 93701",,California,Fresno,,93701,,,,4,,,,,
Friend's Market Liquor,"125 W San Ysidro Blvd, San Diego, CA 92173",,California,San Diego,,92173,,,,4.5,,,,,
Gary's Liquor Market,"3133 N Golden Ave, San Bernardino, CA 92404",,California,San Bernardino,,92404,,,,4.3,,,,,
Liquor 4U,"3369 W Shaw Ave, Fresno, CA 93711",,California,Fresno,,93711,,,,4.0,,,,,
Terry's Liquor,"1221 E Lynwood Dr, San Bernardino, CA 92404",,California,San Bernardino,,92404,,,,4,,,,,
Lucky Liquor,"8723 Elk Grove Blvd, Elk Grove, CA 95624",,California,Elk Grove,,95624,,,,4.8,,,,,
PB Liquor,"1805 W Olive Ave, Fresno, CA 93728",,California,Fresno,,93728,,,,4.3,,,,,
Sunhill Market,"1192 E Lynwood Dr, San Bernardino, CA 92404",,California,San Bernardino,,92404,,,,4.2,,,,,
Wall Avenue Liquors,"3717 Wall Ave, Richmond, CA 94804",,California,Richmond,,94804,,,,4.3,,,,,
Cardenas Markets,"140 W 40th St, San Bernardino, CA 92407",,California,San Bernardino,,92407,,,,4,,,,,
Community Liquors,"2600 S Union Ave, Bakersfield, CA 93307",,California,Bakersfield,,93307,,,,3.9,,,,,
Express Liquor,"3322 E Hammer Ln, Stockton, CA 95212",,California,Stockton,,95212,,,,4.4,,,,,
MK Market,"28410 Old Town Front St STE 100, Temecula, CA 92590",,California,Temecula,,92590,,,,3.9,,,,,
Mr. G's Liquor Market/Taco Kitchen,"1411 Rimpau Ave # 101, Corona, CA 92879",,California,Corona,,92879,,,,4.2,,,,,
Rancho Liquor & Fine Cigar House,"28322 Old Town Front St, Temecula, CA 92590",,California,Temecula,,92590,,,,4.2,,,,,
Campus Market & Liquor,"1880 Mendocino Ave ste a, Santa Rosa, CA 95401",,California,Santa Rosa,,95401,,,,4.3,,,,,
Golden State Liquor Store,"935 W Mission Ave, Escondido, CA 92025",,California,Escondido,,92025,,,,4.7,,,,,
Superior Liquor & Grocery,"2950 Del Rosa Ave N, San Bernardino, CA 92404",,California,San Bernardino,,92404,,,,4.2,,,,,
Uncle Sam's Liquors,"3322 Cutting Blvd, Richmond, CA 94804",,California,Richmond,,94804,,,,4.3,,,,,
Art's Liquors,"619 E 6th St, Corona, CA 92879",,California,Corona,,92879,,,,4.4,,,,,
Corona Liquor,"1623 Crows Landing Rd, Modesto, CA 95358",,California,Modesto,,95358,,,,4.4,,,,,
J J's Liquor,"12125 Day St # J301, Moreno Valley, CA 92557",,California,Moreno Valley,,92557,,,,4.5,,,,,
Laguna Mart & Liquor,"9632 Emerald Oak Dr # E, Elk Grove, CA 95624",,California,Elk Grove,,95624,,,,3,,,,,
Santa Rosa Fine Wine,"1200 Coddingtown Center, Santa Rosa, CA 95401",,California,Santa Rosa,,95401,,,,1,,,,,
"Sharp Liquor - Craft Beer, Tequila & More","1620 Crows Landing Rd # H, Modesto, CA 95358",,California,Modesto,,95358,,,,4.7,,,,,
Tip Top Liquor,"2135 E California Ave, Bakersfield, CA 93307",,California,Bakersfield,,93307,,,,4.3,,,,,
Wilibees Wine & Spirits,"700 3rd St, Santa Rosa, CA 95404",,California,Santa Rosa,,95404,,,,4.6,,,,,
Ace Liquor,"4710 E Kings Canyon Rd, Fresno, CA 93702",,California,Fresno,,93702,,,,4.4,,,,,
Daylight Wine & Spirits,"427 Mendocino Ave Suite 100, Santa Rosa, CA 95401",,California,Santa Rosa,,95401,,,,N/A,,,,,
Del Rosa Liquor & Market,"3480 Del Rosa Ave N, San Bernardino, CA 92404",,California,San Bernardino,,92404,,,,4.3,,,,,
Platinum Liquor & More,"3948 Sylvan Ave #104, Modesto, CA 95355",,California,Modesto,,95355,,,,4.4,,,,,
Wine Barrel,"1105 E Champlain Dr, Fresno, CA 93720",,California,Fresno,,93720,,,,4.5,,,,,
Bal Harbor Liquor,"510 E Balboa Blvd, Newport Beach, CA 92661",,California,Newport Beach,,92661,,,,4.1,,,,,
Campus Liquor,"3375 Iowa Ave STE A, Riverside, CA 92507",,California,Riverside,,92507,,,,4.4,,,,,
Distillers Outlet Liquor,"12329 Poway Rd, Poway, CA 92064",,California,Poway,,92064,,,,4.6,,,,,
Jerry's Liquor,"564 E 6th St, Corona, CA 92879",,California,Corona,,92879,,,,4.7,,,,,
Super 8 Liquor & Food,"4765 Clayton Rd, Concord, CA 94521",,California,Concord,,94521,,,,3.3,,,,,
The Odd Wine Company,"414 Chinn St, Santa Rosa, CA 95404",,California,Santa Rosa,,95404,,,,1,,,,,
Wagon Wheel Liquors,"960 W College Ave, Santa Rosa, CA 95401",,California,Santa Rosa,,95401,,,,3.8,,,,,
Bob Discount Liquor,"206 N Abel St, Milpitas, CA 95035",,California,Milpitas,,95035,,,,4.4,,,,,
Canyon Crest Liquor,"1350 Massachusetts Ave, Riverside, CA 92507",,California,Riverside,,92507,,,,4.3,,,,,
Cheer-Litre Liquors,"104 Dempsey Rd, Milpitas, CA 95035",,California,Milpitas,,95035,,,,4.2,,,,,
Country Liquor & Market,"8909 Thornton Rd, Stockton, CA 95209",,California,Stockton,,95209,,,,N/A,,,,,
Fiesta Liquor,"2700 State St unit A, Carlsbad, CA 92008",,California,Carlsbad,,92008,,,,2.5,,,,,
Holiday Wine Cellar,"302 W Mission Ave, Escondido, CA 92025",,California,Escondido,,92025,,,,4.8,,,,,
Mira Vista Liquor,"12471 San Pablo Ave, Richmond, CA 94805",,California,Richmond,,94805,,,,4.3,,,,,
PW MART,"12906 Pomerado Rd, Poway, CA 92064",,California,Poway,,92064,,,,4.5,,,,,
4 Bros,"280 E 40th St, San Bernardino, CA 92404",,California,San Bernardino,,92404,,,,4.4,,,,,
AJ Liquors,"4817 E Butler Ave, Fresno, CA 93702",,California,Fresno,,93702,,,,4.6,,,,,
Brand X Liquor,"41740 Ivy Street, Murrieta, CA 92562",,California,Murrieta,,92562,,,,4.8,,,,,
Crafted Selections,"615 W El Norte Pkwy, Escondido, CA 92026",,California,Escondido,,92026,,,,4.6,,,,,
El Norte Liquor,"1284 N Escondido Blvd # A, Escondido, CA 92026",,California,Escondido,,92026,,,,4.2,,,,,
El Rio Oxnard Market,"2585 E Vineyard Ave, Oxnard, CA 93036",,California,Oxnard,,93036,,,,4.1,,,,,
Go-Mart,"120 W El Norte Pkwy, Escondido, CA 92026",,California,Escondido,,92026,,,,4.5,,,,,
Jashua Liquor Store,"450 S Main St, Corona, CA 92882",,California,Corona,,92882,,,,4.5,,,,,
Kings Liquor,"210 W Grand Blvd, Corona, CA 92882",,California,Corona,,92882,,,,4.6,,,,,
Log Cabin Liquor,"2457 Alameda Ave, Ventura, CA 93003",,California,Ventura,,93003,,,,4.2,,,,,
M D Liquor & Food,"1930 Sebastopol Rd, Santa Rosa, CA 95407",,California,Santa Rosa,,95407,,,,3.9,,,,,
Plaza Liquor,"9121 Jurupa Rd, Riverside, CA 92509",,California,Riverside,,92509,,,,4.5,,,,,
Qwick Pick,"24150 Alessandro Blvd #8, Moreno Valley, CA 92553",,California,Moreno Valley,,92553,,,,4,,,,,
BevMo! - Milpitas,"709 E Calaveras Blvd, Milpitas, CA 95035",,California,Milpitas,,95035,,,,4.4,,,,,
Golden Stop Liquor,"19927 Golden Valley Rd, Santa Clarita, CA 91321",,California,Santa Clarita,,91321,,,,4.5,,,,,
Regal Wine and Spirits,"3930 Foothill Blvd, Glendale, CA 91214",,California,Glendale,,91214,,,,4.5,,,,,
Ben's Market,"700 Cooper Rd, Oxnard, CA 93030",,California,Oxnard,,93030,,,,4.6,,,,,
Coastal Market,"432 S Coast Hwy, Oceanside, CA 92054",,California,Oceanside,,92054,,,,4.6,,,,,
Cooper Liquor,"406 Cooper Rd, Oxnard, CA 93030",,California,Oxnard,,93030,,,,3.9,,,,,
Monterey Palms Liquor,"72817 Dinah Shore Dr #100, Rancho Mirage, CA 92270",,California,Rancho Mirage,,92270,,,,3.9,,,,,
Old Town Liquor,"9655 Elk Grove Florin Rd #1, Elk Grove, CA 95624",,California,Elk Grove,,95624,,,,4.3,,,,,
Old Town Wine & Spirits,"28780 Old Town Front St # A1, Temecula, CA 92590",,California,Temecula,,92590,,,,4.1,,,,,
E Z Stop,"24879 Railroad Ave, Santa Clarita, CA 91321",,California,Santa Clarita,,91321,,,,4.5,,,,,
Ken's Liquor,"132 E Mission Ave, Escondido, CA 92025",,California,Escondido,,92025,,,,4.5,,,,,
Liquor Mart,"3096 Coffey Ln, Santa Rosa, CA 95403",,California,Santa Rosa,,95403,,,,3.9,,,,,
Papa’s Liquor,"3244 East Coast Hwy, Corona Del Mar, CA 92625",,California,Corona Del Mar,,92625,,,,3.7,,,,,
Parkway Liquor,"545 N Parkway Dr, Fresno, CA 93728",,California,Fresno,,93728,,,,3.8,,,,,
Party House Liquor,"4060 Chino Hills Pkwy, Chino Hills, CA 91709",,California,Chino Hills,,91709,,,,4.5,,,,,
TS Food Mart Liquor & Wine,"9408 Kiefer Blvd # 1, Sacramento, CA 95826",,California,Sacramento,,95826,,,,4.4,,,,,
Boss Food & Liquor,"3348 E Butler Ave, Fresno, CA 93702",,California,Fresno,,93702,,,,4.4,,,,,
C S Liquor Mart,"419 Stony Point Rd, Santa Rosa, CA 95401",,California,Santa Rosa,,95401,,,,3.9,,,,,
Holiday Liquors,"6346 Bristol Rd, Ventura, CA 93003",,California,Ventura,,93003,,,,3.8,,,,,
Santa Rosa Liquor & Deli,"3355 Santa Rosa Ave suite b, Santa Rosa, CA 95407",,California,Santa Rosa,,95407,,,,3.7,,,,,
Victoria Liquors & Food,"22 S Park Victoria Dr, Milpitas, CA 95035",,California,Milpitas,,95035,,,,4.3,,,,,
Bouquet Plaza Liquor,"28200 Bouquet Canyon Rd Ste Q, Santa Clarita, CA 91350",,California,Santa Clarita,,91350,,,,4.3,,,,,
Cal Oaks Liquor,"40790 California Oaks Rd, Murrieta, CA 92562",,California,Murrieta,,92562,,,,4.6,,,,,
Jake's Liquor Inc,"330 Stephens Ave, Riverside, CA 92501",,California,Riverside,,92501,,,,4.4,,,,,
King Tut Wine & Spirits,"2627 Highland Ave, Highland, CA 92346",,California,Highland,,92346,,,,4.3,,,,,
Mike's Liquor & Market,"907 S Coast Hwy, Oceanside, CA 92054",,California,Oceanside,,92054,,,,4.5,,,,,
Rose and Mike's Liquor,"12622 San Pablo Ave, Richmond, CA 94805",,California,Richmond,,94805,,,,4.2,,,,,
Shop Easy Liquor,"6239 Foothill Boulevard, Los Angeles, CA 91042",,California,Los Angeles,,91042,,,,4.7,,,,,
Sun Valley Food & Liquor,"415 S Wilson Way, Stockton, CA 95205",,California,Stockton,,95205,,,,4.1,,,,,
Wag's Liquor Store,"1827 S Coast Hwy, Oceanside, CA 92054",,California,Oceanside,,92054,,,,4.3,,,,,
Broadway Liquor Mart,"3610 W Shaw Ave, Fresno, CA 93711",,California,Fresno,,93711,,,,4.1,,,,,
Dooly's Liquor & Market,"22505 14th St A, Santa Clarita, CA 91321",,California,Santa Clarita,,91321,,,,4.5,,,,,
Fremont Center Liquor,"2505 E Fremont St, Stockton, CA 95205",,California,Stockton,,95205,,,,4.4,,,,,
Temperance Liquors,"3201 W Benjamin Holt Dr #197, Stockton, CA 95219",,California,Stockton,,95219,,,,3.9,,,,,
West Gate Liquor,"15928 Perris Blvd # C, Moreno Valley, CA 92551",,California,Moreno Valley,,92551,,,,3.8,,,,,
ABC Food Store,"24491 Alessandro Blvd, Moreno Valley, CA 92553",,California,Moreno Valley,,92553,,,,4.2,,,,,
Corks & Bottles,"2010 Birch Rd #105, Chula Vista, CA 91915",,California,Chula Vista,,91915,,,,4.7,,,,,
CORONA LIQUOR & MARKET,"619 W 6th St, Corona, CA 92882",,California,Corona,,92882,,,,4.5,,,,,
El Rio Liquor Inc,"2910 E Vineyard Ave, Oxnard, CA 93036",,California,Oxnard,,93036,,,,4.4,,,,,
Liquor Loft,"9791 Lincoln Village Dr I, Sacramento, CA 95827",,California,Sacramento,,95827,,,,3.9,,,,,
Mel's Liquor & Check Cashing,"14051 Indian St STE O, Moreno Valley, CA 92553",,California,Moreno Valley,,92553,,,,4.4,,,,,
Star Zone Liquor,"3575 Industrial Dr, Santa Rosa, CA 95403",,California,Santa Rosa,,95403,,,,4,,,,,
Wally's Liquor & Deli,"3088 Marlow Rd, Santa Rosa, CA 95403",,California,Santa Rosa,,95403,,,,4,,,,,
Big Pig Liquor,"305 Carlsbad Village Dr, Carlsbad, CA 92008",,California,Carlsbad,,92008,,,,3.2,,,,,
Bottle Barn,"3331-A Industrial Dr, Santa Rosa, CA 95403",,California,Santa Rosa,,95403,,,,4.7,,,,,
Cathedral City Liquor,"68100 Ramon Rd suite # b 1, Cathedral City, CA 92234",,California,Cathedral City,,92234,,,,4.5,,,,,
Moreno Liquor & Market,"23896 Sunnymead Boulevard, Moreno Valley, CA 92553",,California,Moreno Valley,,92553,,,,4.0,,,,,
Newport Wine & Spirits,"3537 East Coast Hwy, Corona Del Mar, CA 92625",,California,Corona Del Mar,,92625,,,,4.9,,,,,
AV Liquor & Jr Market,"44201 20th St W, Lancaster, CA 93534",,California,Lancaster,,93534,,,,4,,,,,
Liquor Shack,"2450 N Brawley Ave Ste 107, Fresno, CA 93722",,California,Fresno,,93722,,,,3.7,,,,,
Mariposa Liquor,"12555 Mariposa Rd ste f, Victorville, CA 92395",,California,Victorville,,92395,,,,3.8,,,,,
Royal Liquor,"15689 Bear Valley Rd D, Hesperia, CA 92345",,California,Hesperia,,92345,,,,4.3,,,,,
Table Wine,"1710 Francisco Blvd Suite A, Pacifica, CA 94044",,California,Pacifica,,94044,,,,4.7,,,,,
Valley Market and Liquor,"20311 Valley Blvd D, Walnut, CA 91789",,California,Walnut,,91789,,,,4.6,,,,,
777 Liquor,"4660 Galena St, Riverside, CA 92509",,California,Riverside,,92509,,,,4.4,,,,,
Big Liquor,"617 N Redondo Dr #A, Oceanside, CA 92057",,California,Oceanside,,92057,,,,4.4,,,,,
Burlingame Liquors,"1408 Broadway, Burlingame, CA 94010",,California,Burlingame,,94010,,,,4.6,,,,,
Greenhaven Wine & Liquor,"6421 Riverside Blvd, Sacramento, CA 95831",,California,Sacramento,,95831,,,,4,,,,,
Herbst Discount Liquors,"9303 Thornton Rd A, Stockton, CA 95209",,California,Stockton,,95209,,,,4.4,,,,,
Rancho Liquors of El Sobrante,"3914 San Pablo Dam Rd, El Sobrante, CA 94803",,California,El Sobrante,,94803,,,,4.1,,,,,
Sharp Park Market,"1610 Palmetto Ave, Pacifica, CA 94044",,California,Pacifica,,94044,,,,4.8,,,,,
The Liquor Cabinet,"1106 W 6th St Suite A, Corona, CA 92882",,California,Corona,,92882,,,,5.0,,,,,
Cactus Liquor Inc,"1345 W Ave J, Lancaster, CA 93534",,California,Lancaster,,93534,,,,4.2,,,,,
Glass Bottle Liquors,"344 S C St, Oxnard, CA 93030",,California,Oxnard,,93030,,,,4,,,,,
Sidewalk Spirits,"1581 E Vista Way, Vista, CA 92084",,California,Vista,,92084,,,,3.6,,,,,
Whiskey Barrell Liquor,"19772 Colima Rd, Rowland Heights, CA 91748",,California,Rowland Heights,,91748,,,,4.5,,,,,
Cheers Wine & Liquor,"9415 N Fort Washington Rd #103, Fresno, CA 93730",,California,Fresno,,93730,,,,4.4,,,,,
Kwik Stop Liquor,"39553 Sierra Hwy #3300, Palmdale, CA 93550",,California,Palmdale,,93550,,,,4.2,,,,,
Q Twenty Liquor & Market,"2010 E Ave Q, Palmdale, CA 93550",,California,Palmdale,,93550,,,,4.5,,,,,
Snack & Bottle Shop,"703 Valley Pkwy, Escondido, CA 92025",,California,Escondido,,92025,,,,4.2,,,,,
Sunnymead Liquor,"24135 Sunnymead Boulevard, Moreno Valley, CA 92553",,California,Moreno Valley,,92553,,,,4.4,,,,,
Corona liquor & grocery,"2280 E Main St, Stockton, CA 95205",,California,Stockton,,95205,,,,4.6,,,,,
Goros Liquor,"1162 E Washington Ave, Escondido, CA 92025",,California,Escondido,,92025,,,,4.1,,,,,
Ironwood Liquor,"23980 Ironwood Ave, Moreno Valley, CA 92557",,California,Moreno Valley,,92557,,,,4.4,,,,,
Lena's Liquor,"1141 E Washington Ave # A, Escondido, CA 92025",,California,Escondido,,92025,,,,4.5,,,,,
PALISADES WINE AND SPIRITS,"544 Palisades Dr, Pacific Palisades, CA 90272",,California,Pacific Palisades,,90272,,,,5.0,,,,,
Poway Liquor & Smack'n Deli,"12759 Poway Rd #1, Poway, CA 92064",,California,Poway,,92064,,,,4.8,,,,,
Tony's Liquor,"3846 W Shaw Ave, Fresno, CA 93711",,California,Fresno,,93711,,,,4.3,,,,,
Village Wine & Spirits,"1449 S Victoria Ave suite b, Ventura, CA 93003",,California,Ventura,,93003,,,,4.3,,,,,
Crown Liquor & Market,"16061 Bear Valley Rd unit 3-4, Hesperia, CA 92345",,California,Hesperia,,92345,,,,4.4,,,,,
Delta Liquor,"519 W Charter Way, Stockton, CA 95206",,California,Stockton,,95206,,,,3.9,,,,,
Harbor Liquors,"707 N Coast Hwy, Oceanside, CA 92054",,California,Oceanside,,92054,,,,4.4,,,,,
Paisano's Liquor,"135 E Charter Wy, Stockton, CA 95206",,California,Stockton,,95206,,,,4.4,,,,,
Super Star Market,"703 Natoma St UNIT A, Folsom, CA 95630",,California,Folsom,,95630,,,,4.0,,,,,
Valley Liquor & Market,"13373 Perris Blvd # 501, Moreno Valley, CA 92553",,California,Moreno Valley,,92553,,,,4.2,,,,,
Charter Way Liquors,"302 E Charter Wy, Stockton, CA 95206",,California,Stockton,,95206,,,,3.9,,,,,
Georgia's Liquor,"849 S Escondido Blvd, Escondido, CA 92025",,California,Escondido,,92025,,,,4.2,,,,,
Nelson Liquor Store,"2329 Macdonald Ave, Richmond, CA 94804",,California,Richmond,,94804,,,,4.4,,,,,
Paradise Liquor and Food,"1400 Paradise Rd, Modesto, CA 95351",,California,Modesto,,95351,,,,4.4,,,,,
Shamrock Liquor #2,"1475 E Palmdale Blvd, Palmdale, CA 93550",,California,Palmdale,,93550,,,,4.4,,,,,
Bootleggers 2,"111 E Ave K, Lancaster, CA 93535",,California,Lancaster,,93535,,,,4,,,,,
Frank's Liquors,"13121 Perris Blvd, Moreno Valley, CA 92553",,California,Moreno Valley,,92553,,,,4.2,,,,,
Latino Liquors,"527 E Charter Wy, Stockton, CA 95206",,California,Stockton,,95206,,,,4.2,,,,,
Liquor store,"1267 W 6th St, Corona, CA 92882",,California,Corona,,92882,,,,4.5,,,,,
Raul's Liquor,"942 E 5th St, Oxnard, CA 93030",,California,Oxnard,,93030,,,,4.1,,,,,
Sundance Liquor,"24427 Sunnymead Boulevard, Moreno Valley, CA 92553",,California,Moreno Valley,,92553,,,,4.1,,,,,
Hillcrest Liquor & Food,"1107 E 18th St, Antioch, CA 94509",,California,Antioch,,94509,,,,4.5,,,,,
J Liquor,"3436 W Hammer Ln #J, Stockton, CA 95219",,California,Stockton,,95219,,,,4.3,,,,,
Lancaster Liquor,"44549 10th St W, Lancaster, CA 93534",,California,Lancaster,,93534,,,,4.5,,,,,
Panorama Liquors,"909 Panorama Dr, Bakersfield, CA 93305",,California,Bakersfield,,93305,,,,4.5,,,,,
Romi's Liquor & Food,"418 E 18th St, Antioch, CA 94509",,California,Antioch,,94509,,,,4,,,,,
Sam's Market & Liquor,"1013 E Palmdale Blvd, Palmdale, CA 93550",,California,Palmdale,,93550,,,,4.1,,,,,
Town & Country Liquor Store,"23638 Newhall Ave, Santa Clarita, CA 91321",,California,Santa Clarita,,91321,,,,3.6,,,,,
US Liquor & Market,"930 23rd St, Richmond, CA 94804",,California,Richmond,,94804,,,,4.4,,,,,
Country Store,"5022 Los Serranos Rd, Chino Hills, CA 91709",,California,Chino Hills,,91709,,,,4.7,,,,,
Emely's Store,"4598, 338 E Palmdale Blvd, Palmdale, CA 93550",,California,Palmdale,,93550,,,,4.5,,,,,
Fast Lane Market & Liquor,"14931 Palmdale Rd B, Victorville, CA 92392",,California,Victorville,,92392,,,,4.6,,,,,
M D Liquor & Food,"2446 W 3rd St, Santa Rosa, CA 95401",,California,Santa Rosa,,95401,,,,3.9,,,,,
M D Liquors & Food,"500 Mission Blvd # A, Santa Rosa, CA 95409",,California,Santa Rosa,,95409,,,,4.2,,,,,
M D Wine & Liquor,"2743 Yulupa Ave, Santa Rosa, CA 95405",,California,Santa Rosa,,95405,,,,3.8,,,,,
Marcus Liquor & Deli,"440 W Felicita Ave # 105, Escondido, CA 92025",,California,Escondido,,92025,,,,4.7,,,,,
Ott & Pots Liquors,"435 S Clovis Ave UNIT A, Fresno, CA 93727",,California,Fresno,,93727,,,,4.3,,,,,
Wine Castle,"4744 Telephone Rd, Ventura, CA 93003",,California,Ventura,,93003,,,,3.9,,,,,
Bobs Liquor,"44261 Sierra Hwy, Lancaster, CA 93534",,California,Lancaster,,93534,,,,4.2,,,,,
Dublin Liquor & Wine,"4562 Dublin Blvd, Dublin, CA 94568",,California,Dublin,,94568,,,,4.0,,,,,
Duke's liquor,"25045 Sunnymead Boulevard, Moreno Valley, CA 92553",,California,Moreno Valley,,92553,,,,4.7,,,,,
High End Liquor,"347 S State St, Hemet, CA 92543",,California,Hemet,,92543,,,,4.5,,,,,
Liquor Towne,"2050 E Florida Ave, Hemet, CA 92544",,California,Hemet,,92544,,,,4.6,,,,,
Lucky’s Liquor,"1419 Doctor M.L.K. Jr Blvd, Stockton, CA 95205",,California,Stockton,,95205,,,,4,,,,,
Mike's market & Liquor,"1434 Bissell Ave, Richmond, CA 94801",,California,Richmond,,94801,,,,4.4,,,,,
Pat Holden's Liquor & Gift Shop,"860 S A St, Oxnard, CA 93030",,California,Oxnard,,93030,,,,4.6,,,,,
Super Liquor V,"4045 W Figarden Dr, Fresno, CA 93722",,California,Fresno,,93722,,,,2.9,,,,,
Bottle Shop,"1321 E Florida Ave, Hemet, CA 92544",,California,Hemet,,92544,,,,4.5,,,,,
Garys Liquor,"2767 Lone Tree Wy, Antioch, CA 94509",,California,Antioch,,94509,,,,4.2,,,,,
Koppur Lantern Liquor,"1463 W 6th St, Corona, CA 92882",,California,Corona,,92882,,,,4.3,,,,,
One Stop Liquor,"1873 S Escondido Blvd, Escondido, CA 92025",,California,Escondido,,92025,,,,4.6,,,,,
Ramon Liquor,"4645 E Ramón Rd, Palm Springs, CA 92264",,California,Palm Springs,,92264,,,,4.2,,,,,
T & H Liquor-Deli Market,"1530 W 6th St #102, Corona, CA 92882",,California,Corona,,92882,,,,3.8,,,,,
Adobe Liquors,"13800 San Pablo Ave, San Pablo, CA 94806",,California,San Pablo,,94806,,,,4.5,,,,,
Friendly Store,"2196 S Elm Ave, Fresno, CA 93706",,California,Fresno,,93706,,,,4.5,,,,,
Harvest Market Liquor,"45232 10th St W, Lancaster, CA 93534",,California,Lancaster,,93534,,,,4.1,,,,,
Liquor Bank,"4008 W McKinley Ave, Fresno, CA 93722",,California,Fresno,,93722,,,,3.9,,,,,
Paisano Market,"2460 E Main St, Stockton, CA 95205",,California,Stockton,,95205,,,,4.3,,,,,
Shop & Save Liquors,"1501 Cutting Blvd, Richmond, CA 94804",,California,Richmond,,94804,,,,4.4,,,,,
Wooley Road Liquors,"910 W Wooley Rd, Oxnard, CA 93030",,California,Oxnard,,93030,,,,4.0,,,,,
A-1 Liquor/Super 7,"2250 S Escondido Blvd # 101, Escondido, CA 92025",,California,Escondido,,92025,,,,4.2,,,,,
BL Liquor Store,"1304 W Ave I, Lancaster, CA 93534",,California,Lancaster,,93534,,,,4.3,,,,,
Cliff's Liquor,"1201 W Ave I, Lancaster, CA 93534",,California,Lancaster,,93534,,,,3.8,,,,,
Del Lago Liquor,"1276 Border Ave, Corona, CA 92882",,California,Corona,,92882,,,,4,,,,,
Hi Time liquor,"1650 E Valley Pkwy, Escondido, CA 92027",,California,Escondido,,92027,,,,4.7,,,,,
Palmdale Liquor & JR Markets,"2270 E Palmdale Blvd # I, Palmdale, CA 93550",,California,Palmdale,,93550,,,,4.2,,,,,
Sam's Liquor & Grocery,"2 Wilbur Ave, Antioch, CA 94509",,California,Antioch,,94509,,,,3.9,,,,,
City Market 21,"7611 Foothill Blvd, Tujunga, CA 91042",,California,Tujunga,,91042,,,,4.5,,,,,
Dr. Dan's Miracle Elixirs & Tasty Vittles,"4160 Market St, Ventura, CA 93003",,California,Ventura,,93003,,,,4.4,,,,,
J's Liquors,"120 W Ave J, Lancaster, CA 93534",,California,Lancaster,,93534,,,,4.4,,,,,
Super Liquor IV,"4430 W Ashlan Ave, Fresno, CA 93722",,California,Fresno,,93722,,,,4.2,,,,,
Beacon Bar & Liquor,"6495 S Union Ave, Bakersfield, CA 93307",,California,Bakersfield,,93307,,,,4.2,,,,,
Goode's Liquor,"1271 Saviers Rd, Oxnard, CA 93033",,California,Oxnard,,93033,,,,4.4,,,,,
J J Liquor,"14055 Rosedale Hwy, Bakersfield, CA 93314",,California,Bakersfield,,93314,,,,4.2,,,,,
Joe's Liquor,"16137 Green Tree Blvd Unit 12, Victorville, CA 92395",,California,Victorville,,92395,,,,4.2,,,,,
Beer Area Liquors,"2550 San Ramon Valley Blvd, San Ramon, CA 94583",,California,San Ramon,,94583,,,,4.8,,,,,
Thousand Oaks Liquor,"2809 Thousand Oaks Blvd, Thousand Oaks, CA 91362",,California,Thousand Oaks,,91362,,,,4.8,,,,,
Town Liquor,"604 E Ave K, Lancaster, CA 93535",,California,Lancaster,,93535,,,,4.4,,,,,
Woodys Oildale Liquors & Deli,"904 N Chester Ave, Bakersfield, CA 93308",,California,Bakersfield,,93308,,,,4.0,,,,,
Batz Liquors,"1448 W Ave I, Lancaster, CA 93534",,California,Lancaster,,93534,,,,4.2,,,,,
Shamrock Liquor,"4540 W Ave L, Lancaster, CA 93536",,California,Lancaster,,93536,,,,4.5,,,,,
TJ Food & Liquor,"4602 E Church Ave, Fresno, CA 93725",,California,Fresno,,93725,,,,4,,,,,
El Cerrito Liquor,"19480 E Ontario Ave STE C, Corona, CA 92881",,California,Corona,,92881,,,,4.7,,,,,
Old Oaks Liquor & Cigar Co,"3006 E Thousand Oaks Blvd, Thousand Oaks, CA 91362",,California,Thousand Oaks,,91362,,,,4.9,,,,,
SDV Liquor Market,"8301 Foothill Boulevard, Los Angeles, CA 91040",,California,Los Angeles,,91040,,,,3.4,,,,,
Silverado Wine & Spirits,"26891 Camino De Estrella, Dana Point, CA 92624",,California,Capistrano Beach,,92624,,,,4.2,,,,,
The Red Barn Liquor,"1760 W 6th St #101, Corona, CA 92882",,California,Corona,,92882,,,,4.3,,,,,
Bros Liquor,"7485 Rush River Dr #730, Sacramento, CA 95831",,California,Sacramento,,95831,,,,4.6,,,,,
Dave's Liquors,"1008 Fitzuren Rd, Antioch, CA 94509",,California,Antioch,,94509,,,,4.1,,,,,
Derrick Liquor Store,"3215 Niles St, Bakersfield, CA 93306",,California,Bakersfield,,93306,,,,4.4,,,,,
Fiesta Liquor,"1637 S Oxnard Blvd, Oxnard, CA 93030",,California,Oxnard,,93030,,,,4.4,,,,,
Food & Beverage,"5696 Stoneridge Dr, Pleasanton, CA 94588",,California,Pleasanton,,94588,,,,4.9,,,,,
J & M Liquor,"14718 San Pablo Ave, San Pablo, CA 94806",,California,San Pablo,,94806,,,,4.2,,,,,
LiquorLand,"686 Benicia Rd, Vallejo, CA 94591",,California,Vallejo,,94591,,,,4.2,,,,,
Red Barn Liquor Market,"1712 Saviers Rd, Oxnard, CA 93033",,California,Oxnard,,93030,,,,4.2,,,,,
Sunset Liquor,"11849 Hesperia Rd # 1, Hesperia, CA 92345",,California,Hesperia,,92345,,,,4.5,,,,,
Super Store,"45549 Beech Ave, Lancaster, CA 93534",,California,Lancaster,,93534,,,,4.2,,,,,
Desert View Superette,"864 W Palmdale Blvd, Palmdale, CA 93551",,California,Palmdale,,93551,,,,4.1,,,,,
Fast & Easy Mart,"2820 Crow Canyon Rd, San Ramon, CA 94583",,California,San Ramon,,94583,,,,3.8,,,,,
Santa Teresa Bottle Shop,"7068 Santa Teresa Blvd, San Jose, CA 95139",,California,San Jose,,95139,,,,3.9,,,,,
Spirit Shop,"14225 7th St, Victorville, CA 92395",,California,Victorville,,92395,,,,4.1,,,,,
Bud's Market,"318 Benicia Rd, Vallejo, CA 94590",,California,Vallejo,,94590,,,,4.1,,,,,
Corner Food Liquor Store,"320 N Midway Dr, Escondido, CA 92027",,California,Escondido,,92027,,,,4.2,,,,,
Liquor Cellar,"150 W Channel Islands Blvd, Oxnard, CA 93033",,California,Oxnard,,93033,,,,4.5,,,,,
MGA Liquor & Deli,"6026 N Figarden Dr, Fresno, CA 93722",,California,Fresno,,93722,,,,3.8,,,,,
Rocklin Bottle Shop,"5060 Rocklin Rd B, Rocklin, CA 95677",,California,Rocklin,,95677,,,,4.6,,,,,
Village Liquors & Junior Market,"332 E Avenue I, Lancaster, CA 93535",,California,Lancaster,,93535,,,,4.1,,,,,
A-Z Liquor,"2810 S Ventura Rd, Oxnard, CA 93033",,California,Oxnard,,93033,,,,4.3,,,,,
Challenger Liquor,"1004 E Ave K, Lancaster, CA 93535",,California,Lancaster,,93535,,,,4.1,,,,,
Hunter's Liquor,"14134 Olde Hwy 80, El Cajon, CA 92021",,California,El Cajon,,92021,,,,4.5,,,,,
JN Liquor,"9356 Telephone Rd, Ventura, CA 93004",,California,Ventura,,93004,,,,4.3,,,,,
Michael's Market & Liquor,"14890 El Evado Rd # 106, Victorville, CA 92394",,California,Victorville,,92394,,,,4,,,,,
Palm Liquor & Deli,"440 El Cielo Rd b2, Palm Springs, CA 92262",,California,Palm Springs,,92262,,,,4.5,,,,,
Springstowne Bottleshop,"2154 Springs Rd, Vallejo, CA 94591",,California,Vallejo,,94591,,,,4.4,,,,,
Stans Liquor Market,"7816 Foothill Blvd, Sunland, CA 91040",,California,Sunland,,91040,,,,4.5,,,,,
Jackson's Wines & Spirits,"3524 Mount Diablo Blvd # A, Lafayette, CA 94549",,California,Lafayette,,94549,,,,4.7,,,,,
Mann's Liquor # 3,"6023 N Figarden Dr, Fresno, CA 93722",,California,Fresno,,93722,,,,4.1,,,,,
Sunrise Spirits & Food Co,"25862 Tournament Rd, Santa Clarita, CA 91355",,California,Santa Clarita,,91355,,,,4.5,,,,,
B & B Liquors,"1813 Springs Rd, Vallejo, CA 94591",,California,Vallejo,,94591,,,,4.3,,,,,
B-1 Liquors,"3005 E Palmdale Blvd #20, Palmdale, CA 93550",,California,Palmdale,,93550,,,,4.4,,,,,
Convenience Mart,"1295 Horizon Dr # B, Fairfield, CA 94533",,California,Fairfield,,94533,,,,4.2,,,,,
Ricky's Liquor,"18520 Soledad Canyon Rd, Santa Clarita, CA 91351",,California,Santa Clarita,,91351,,,,3.7,,,,,
Rincon Valley Tap Room & Bottle Shop,"4927 Sonoma Hwy, Santa Rosa, CA 95409",,California,Santa Rosa,,95409,,,,4.8,,,,,
Wagon Wheel Liquors,"90 Admiral Callaghan Ln, Vallejo, CA 94591",,California,Vallejo,,94591,,,,3.9,,,,,
Cavalier Liquor,"4030 E Jensen Ave, Fresno, CA 93725",,California,Fresno,,93725,,,,3.8,,,,,
Perry's Liquor,"4301 Valley Ave Ste C, Pleasanton, CA 94566",,California,Pleasanton,,94566,,,,4.2,,,,,
Village Wine & Spirits,"1552 Encinitas Blvd, Encinitas, CA 92024",,California,Encinitas,,92024,,,,4.0,,,,,
American's Liquor/market,"2115 E Valley Pkwy, Escondido, CA 92027",,California,Escondido,,92027,,,,4.3,,,,,
Corner Market,"1247 Georgia St, Vallejo, CA 94590",,California,Vallejo,,94590,,,,4.3,,,,,
DONS LIQUOR Poway,"13337 Poway Rd, Poway, CA 92064",,California,Poway,,92064,,,,4.2,,,,,
Larkfield Liquor & Deli,"4777 Old Redwood Hwy, Santa Rosa, CA 95403",,California,Santa Rosa,,95403,,,,4.6,,,,,
Rancho Liquor,"75 S Rancho Rd, Thousand Oaks, CA 91362",,California,Thousand Oaks,,91362,,,,3.5,,,,,
Wayne's Liquor,"54 E California Ave, Fresno, CA 93706",,California,Fresno,,93706,,,,4.2,,,,,
Central Liquor,"5014 W Shields Ave, Fresno, CA 93722",,California,Fresno,,93722,,,,4.1,,,,,
Michael's Market,"3120 E Main St, Stockton, CA 95205",,California,Stockton,,95205,,,,4.0,,,,,
Bizi Mart,"3912 Delta Fair Blvd, Antioch, CA 94509",,California,Antioch,,94509,,,,4.6,,,,,
Midway Market Liquor,"38422 35th St E, Palmdale, CA 93550",,California,Palmdale,,93550,,,,4.3,,,,,
Rose Liquors,"5434 Ygnacio Valley Rd STE 110, Concord, CA 94521",,California,Concord,,94521,,,,3.3,,,,,
Southwest Liquor,"359 E Avenida De Los Arboles, Thousand Oaks, CA 91360",,California,Thousand Oaks,,91360,,,,4.5,,,,,
D & K Liquor,"595 Thousand Oaks Blvd, Thousand Oaks, CA 91360",,California,Thousand Oaks,,91360,,,,4.1,,,,,
Kings Liquor & Wine LLC,"5092 W Shaw Ave, Fresno, CA 93722",,California,Fresno,,93722,,,,4.9,,,,,
El Maguey Liquor,"3610 Saviers Rd, Oxnard, CA 93033",,California,Oxnard,,93033,,,,4.4,,,,,
International Wines & Liquor,"23562 Lyons Ave, Santa Clarita, CA 91321",,California,Santa Clarita,,91321,,,,4.2,,,,,
Market Town Deli & Liquors,"1653 Tennessee St, Vallejo, CA 94590",,California,Vallejo,,94590,,,,4.1,,,,,
Mesa Market Wine & Spirits,"31431 Santa Margarita Pkwy, Rancho Santa Margarita, CA 92688",,California,Rancho Santa Margari,,92688,,,,4.8,,,,,
Palm liquor&more,"176 S Sunrise Way, Palm Springs, CA 92262",,California,Palm Springs,,92262,,,,4.1,,,,,
Sierra Liquor,"17800 Sierra Hwy, Santa Clarita, CA 91351",,California,Canyon Country,,91351,,,,4.2,,,,,
The Bottlery Liquor & Cigar,"140 W Hillcrest Dr, Thousand Oaks, CA 91360",,California,Thousand Oaks,,91360,,,,4.3,,,,,
Beverage house liquor,"12120 Ridgecrest Rd STE 102, Victorville, CA 92395",,California,Victorville,,92395,,,,4.6,,,,,
Four Guys Liquor #2,"121 E Yucca St, Oxnard, CA 93033",,California,Oxnard,,93033,,,,4.4,,,,,
IB Liquor Market,"710 Seacoast Dr, Imperial Beach, CA 91932",,California,Imperial Beach,,91932,,,,3.9,,,,,
Plaza Liquor & Market II,"480 N State St, San Jacinto, CA 92583",,California,San Jacinto,,92583,,,,4.3,,,,,
Rayman's Mini Mart,"4807 E Jensen Ave, Fresno, CA 93725",,California,Fresno,,93725,,,,3.7,,,,,
Scandia Liquor & Deli,"10257 Telephone Rd, Ventura, CA 93004",,California,Ventura,,93004,,,,4.0,,,,,
Route 66 Liquor & Mart,"15028 7th St, Victorville, CA 92395",,California,Victorville,,92395,,,,4.6,,,,,
Star Market Liquor,"14790 7th St #4020, Victorville, CA 92395",,California,Victorville,,92395,,,,3.9,,,,,
Val's Liquor Store,"744 Georgia St, Vallejo, CA 94590",,California,Vallejo,,94590,,,,4.1,,,,,
Garden Liquors & Deli,"1815 Soquel Dr, Santa Cruz, CA 95065",,California,Santa Cruz,,95065,,,,4.8,,,,,
Lago Country Wine & Spirits,"3440 Del Lago Blvd Suite: N, Escondido, CA 92029",,California,Escondido,,92029,,,,4.4,,,,,
Marin Market & Liquor,"200 Marin St, Vallejo, CA 94590",,California,Vallejo,,94590,,,,3.8,,,,,
Mariner's Liquor,"3695 E Harbor Blvd #A, Ventura, CA 93001",,California,Ventura,,93001,,,,4.2,,,,,
MGA Liquor #4,"6127 E Kings Canyon Rd, Fresno, CA 93727",,California,Fresno,,93727,,,,4.1,,,,,
S & S Liquor # 1,"2901 Sonoma Blvd, Vallejo, CA 94590",,California,Vallejo,,94590,,,,4.1,,,,,
Supreme Liquors,"2787 Hopyard Rd, Pleasanton, CA 94588",,California,Pleasanton,,94588,,,,4.3,,,,,
Crown Liquor,"18957 Van Buren Boulevard STE A, Riverside, CA 92508",,California,Riverside,,92508,,,,3.7,,,,,
Morada Market,"4416 E Hildreth Ln, Stockton, CA 95212",,California,Stockton,,95212,,,,3.9,,,,,
S & S Liquor # 2,"2314 Sonoma Blvd, Vallejo, CA 94590",,California,Vallejo,,94590,,,,3.7,,,,,
Sunny Market - Liquor & Video,"6933 E Belmont Ave, Fresno, CA 93727",,California,Fresno,,93727,,,,4.1,,,,,
Fast Stop Market & Liquor,"14928 7th St, Victorville, CA 92395",,California,Victorville,,92395,,,,4.5,,,,,
Lochan's Liquors,"306 Tennessee St, Vallejo, CA 94590",,California,Vallejo,,94590,,,,3.1,,,,,
Mandell's Liquor & Wine Shop,"3915 Telegraph Rd, Ventura, CA 93003",,California,Ventura,,93003,,,,4.3,,,,,
Michael's Liquor & Market,"37935 47th St E, Palmdale, CA 93552",,California,Palmdale,,93552,,,,4.5,,,,,
Stonelake Vine & Spirits,"2619 Riparian Dr, Elk Grove, CA 95757",,California,Elk Grove,,95757,,,,4.6,,,,,
Five Point Liquor Store,"21 Tennessee St, Vallejo, CA 94590",,California,Vallejo,,94590,,,,4.1,,,,,
Major Market,"1901 Grande Cir, Fairfield, CA 94533",,California,Fairfield,,94533,,,,3.4,,,,,
Fulton MARKET,"3503 Fulton Rd, Santa Rosa, CA 95403",,California,Santa Rosa,,95403,,,,1,,,,,
Hi-Time Liquors,"4010 Calle Real # 1, Santa Barbara, CA 93110",,California,Santa Barbara,,93110,,,,4.3,,,,,
John's Market & Liquor,"15770 Mojave Dr a1, Victorville, CA 92394",,California,Victorville,,92394,,,,4.3,,,,,
Mojave Market & Liquor,"15745 Mojave Dr, Victorville, CA 92394",,California,Victorville,,92394,,,,4.4,,,,,
Highland Manor Liquors,"220 China Grade Loop, Bakersfield, CA 93308",,California,Bakersfield,,93308,,,,4.1,,,,,
Oxnard Shores Bottle Shoppe,"1035 Harbor Blvd, Oxnard, CA 93035",,California,Oxnard,,93035,,,,4.4,,,,,
Carmel Valley Liquor,"12750 Carmel Country Rd # 100, San Diego, CA 92130",,California,San Diego,,92130,,,,4.8,,,,,
Chester liquor,"2443 N Chester Ave, Bakersfield, CA 93308",,California,Bakersfield,,93308,,,,4.6,,,,,
Leucadia Liquor Store,"640 N Coast Hwy 101, Encinitas, CA 92024",,California,Encinitas,,92024,,,,4.5,,,,,
Temecula Wine and Spirits,"33321 Temecula Pkwy STE 105, Temecula, CA 92592",,California,Temecula,,92592,,,,4.5,,,,,
The Wine Connection,"2650 Via De La Valle # C130, Del Mar, CA 92014",,California,Del Mar,,92014,,,,4.3,,,,,
Cole's Market,"4277 First St, Pleasanton, CA 94566",,California,Pleasanton,,94566,,,,4.6,,,,,
Harbor Liquor,"650 Capitola Rd, Santa Cruz, CA 95062",,California,Santa Cruz,,95062,,,,4.4,,,,,
Jack's Food & Liquor,"857 Sereno Dr, Vallejo, CA 94589",,California,Vallejo,,94589,,,,4.1,,,,,
King Village Liquor,"125 W Pleasant Valley Rd, Oxnard, CA 93033",,California,Oxnard,,93033,,,,3.5,,,,,
Live Oak Liquor,"1445 Capitola Rd, Santa Cruz, CA 95062",,California,Santa Cruz,,95062,,,,4,,,,,
People’s Market & Liquor,"109 Army St, Pittsburg, CA 94565",,California,Pittsburg,,94565,,,,4.1,,,,,
Quick Pick Liquor,"15215 Seventh St A, Victorville, CA 92395",,California,Victorville,,92395,,,,4.4,,,,,
Brothers Liquor,"15517 Village Dr #101, Victorville, CA 92394",,California,Victorville,,92394,,,,4.3,,,,,
Doc's Beer & Wine,"145 E Pleasant Valley Rd, Oxnard, CA 93033",,California,Oxnard,,93033,,,,3.7,,,,,
Grog Shop,"110 Hubbard St, Santa Cruz, CA 95060",,California,Santa Cruz,,95060,,,,3.8,,,,,
Perry's Liquor & Craft Beer,"1522 Railroad Ave, Livermore, CA 94550",,California,Livermore,,94550,,,,4.4,,,,,
Pleasure Point Wine & Spirits,"3750 Portola Dr, Santa Cruz, CA 95062",,California,Santa Cruz,,95062,,,,4.8,,,,,
Stonetree Liquor & Food,"3853 Taylor Rd, Loomis, CA 95650",,California,Loomis,,95650,,,,4.5,,,,,
Travis Discount Liquor & Deli,"676 Parker Rd, Fairfield, CA 94533",,California,Fairfield,,94533,,,,4.2,,,,,
Alamo Liquors,"979 Alamo Dr, Vacaville, CA 95687",,California,Vacaville,,95687,,,,4.0,,,,,
Duke's Liquor,"5120 Saviers Rd, Oxnard, CA 93033",,California,Oxnard,,93033,,,,4.4,,,,,
Ernie's Liquor,"922 Soquel Ave, Santa Cruz, CA 95062",,California,Santa Cruz,,95062,,,,4.3,,,,,
USA Liquor,"14328 Olde Hwy 80, El Cajon, CA 92021",,California,El Cajon,,92021,,,,4.5,,,,,
Village Market,"15700 Village Dr, Victorville, CA 92394",,California,Victorville,,92394,,,,4.2,,,,,
Woodcrest Liquor,"17042 Van Buren Boulevard, Riverside, CA 92504",,California,Riverside,,92504,,,,4.5,,,,,
Ben Maddox Pick N Go,"1122 N Ben Maddox Way, Visalia, CA 93292",,California,Visalia,,93292,,,,4.1,,,,,
Clays Liquor,"99 Clay St, Salinas, CA 93901",,California,Salinas,,93901,,,,4.4,,,,,
Four Guys Liquor #3,"4815 S Rose Ave #7805, Oxnard, CA 93033",,California,Oxnard,,93033,,,,4.5,,,,,
Grapes & Grain Wines & Liquors,"385 Salinas St, Salinas, CA 93901",,California,Salinas,,93901,,,,3.6,,,,,
Lloyd's Liquors,"339 Soquel Ave, Santa Cruz, CA 95062",,California,Santa Cruz,,95062,,,,4.2,,,,,
Central Liquors,"118 Central Ave, Salinas, CA 93901",,California,Salinas,,93901,,,,5,,,,,
Oval Liquor Store,"900 N Court St, Visalia, CA 93291",,California,Visalia,,93291,,,,3.0,,,,,
41st Avenue Liquor,"2155 41st Avenue, Capitola, CA 95010",,California,Capitola,,95010,,,,4.7,,,,,
Brookside Market Liquor,"1275 Brookside Ave, Redlands, CA 92373",,California,Redlands,,92373,,,,4.1,,,,,
GL Liquor,"606 E Alisal St Suite B, Salinas, CA 93905",,California,Salinas,,93905,,,,4.5,,,,,
Marina Parkway Liquor,"1601 Lewis Brown Dr, Vallejo, CA 94589",,California,Vallejo,,94589,,,,4.0,,,,,
Pleasure Point Liquor & Mini Mart,"4000 Portola Dr Ste, A, Santa Cruz, CA 95062",,California,Santa Cruz,,95062,,,,4.8,,,,,
Steve's Git & Go Liquors,"1929 S Central St, Visalia, CA 93277",,California,Visalia,,93277,,,,4.2,,,,,
Visalia Liquor,"2407 W Whitendale Ave, Visalia, CA 93277",,California,Visalia,,93277,,,,4.1,,,,,
AAAA Liquor,"1127 S Mooney Blvd, Visalia, CA 93277",,California,Visalia,,93277,,,,4.4,,,,,
Dvr Gas and liquor store,"248 Bridge St, Yuba City, CA 95991",,California,Yuba City,,95991,,,,4.0,,,,,
Harbor Market And Liquor,"1559 Spinnaker Dr #104, Ventura, CA 93001",,California,Ventura,,93001,,,,3.5,,,,,
INFINIUM WINES & SPIRITS,"8285 E Santa Ana Canyon Rd Unit 105, Anaheim, CA 92808",,California,Anaheim,,92808,,,,4.5,,,,,
Kimmie's Cork N' Bottle Mart,"210 N Sanborn Rd, Salinas, CA 93905",,California,Salinas,,93905,,,,4.3,,,,,
Mart N' Bottle,"3603 W Walnut Ave, Visalia, CA 93277",,California,Visalia,,93277,,,,4.5,,,,,
Miner Mart,"1046 W Yosemite Ave, Manteca, CA 95337",,California,Manteca,,95337,,,,4.5,,,,,
Bolinas Avenue Market,"4 Bolinas Ave, San Anselmo, CA 94960",,California,San Anselmo,,94960,,,,4.4,,,,,
Country Corner Liquors,"1332 W Texas St, Fairfield, CA 94533",,California,Fairfield,,94533,,,,4.4,,,,,
Frank's Liquor,"416 N Willis St, Visalia, CA 93291",,California,Visalia,,93291,,,,4.4,,,,,
Jolly King Liquor & Food,"730 5th St #4404, Fairfield, CA 94533",,California,Fairfield,,94533,,,,3.8,,,,,
Liquor King,"5564 Fort Tejon Rd, Palmdale, CA 93552",,California,Palmdale,,93552,,,,4.1,,,,,
United Liquor Stores,"1556 4th St, San Rafael, CA 94901",,California,San Rafael,,94901,,,,4.6,,,,,
Beach Liquors,"111 Beach St, Santa Cruz, CA 95060",,California,Santa Cruz,,95060,,,,3.2,,,,,
Liquor Tree,"1972 N Texas St suite i, Fairfield, CA 94533",,California,Fairfield,,94533,,,,4.4,,,,,
Martinez Liquor Market,"2300 Martinez Ave, Martinez, CA 94553",,California,Martinez,,94553,,,,4.5,,,,,
Porthos,"4326 Redwood Hwy STE 300, San Rafael, CA 94903",,California,San Rafael,,94903,,,,4.2,,,,,
Spot Liquor Store,"1 Tewksbury Ave, Richmond, CA 94801",,California,Richmond,,94801,,,,4.5,,,,,
Washington Liquor & Grocery,"4940 E Washington St, Stockton, CA 95215",,California,Stockton,,95215,,,,4.3,,,,,
Winton's News & Liquors,"1149 4th St, San Rafael, CA 94901",,California,San Rafael,,94901,,,,3.4,,,,,
Bouschet,"611 South Palm Canyon Drive, Palm Springs, CA 92264",,California,Palm Springs,,92264,,,,4.7,,,,,
Bozzos Liquor,"25 E Laurel Dr, Salinas, CA 93906",,California,Salinas,,93906,,,,4.1,,,,,
Clays Liquor on Laurel,"634 E Laurel Dr, Salinas, CA 93906",,California,Salinas,,93906,,,,4.1,,,,,
Club Liquor,"1109 S Palm Canyon Dr, Palm Springs, CA 92264",,California,Palm Springs,,92264,,,,4.4,,,,,
Copper Still Liquor,"742 Wendy Dr, Newbury Park, CA 91320",,California,Newbury Park,,91320,,,,4.3,,,,,
Four Points Liquor & Market,"5510 Pearblossom Hwy, Palmdale, CA 93552",,California,Palmdale,,93552,,,,4.3,,,,,
Las Positas Liquor & Market,"2283 Las Positas Rd, Santa Barbara, CA 93105",,California,Santa Barbara,,93105,,,,4.1,,,,,
Old Poway Market,"14047 Midland Rd, Poway, CA 92064",,California,Poway,,92064,,,,4.5,,,,,
The Liquor Empire,"315 E St, Marysville, CA 95901",,California,Marysville,,95901,,,,4.4,,,,,
Blackwell's Wines & Spirits - San Rafael,"719 4th St, San Rafael, CA 94901",,California,San Rafael,,94901,,,,4.1,,,,,
Colonial Liquors of San Rafael,"1015 Tamalpais Ave, San Rafael, CA 94901",,California,San Rafael,,94901,,,,4.4,,,,,
Kwik Stop Liquor,"26710 S Mooney Blvd SPC 6, Visalia, CA 93277",,California,Visalia,,93277,,,,4,,,,,
Barrel House Liquor,"16805 D St, Victorville, CA 92395",,California,Victorville,,92395,,,,4.2,,,,,
BevMo!,"760 Francisco Blvd W, San Rafael, CA 94901",,California,San Rafael,,94901,,,,4.2,,,,,
Choice Liquor & Craft Beer,"212 S L St, Livermore, CA 94550",,California,Livermore,,94550,,,,4.4,,,,,
Circus Liquor,"16416 Delone St, Santa Clarita, CA 91387",,California,Santa Clarita,,91387,,,,4.6,,,,,
Corner Store,"2425 Roosevelt Blvd, Oxnard, CA 93035",,California,Oxnard,,93035,,,,4.4,,,,,
George's Liquor,"1744 N Texas St, Fairfield, CA 94533",,California,Fairfield,,94533,,,,4.2,,,,,
Lakeside Beverages,"7130 Douglas Blvd, Granite Bay, CA 95746",,California,Granite Bay,,95746,,,,4.4,,,,,
Liquor Land,"274 Northgate Dr, San Rafael, CA 94903",,California,San Rafael,,94903,,,,3.5,,,,,
Moraga Wine & Spirits,"1437 Moraga Way, Moraga, CA 94556",,California,Moraga,,94556,,,,4.5,,,,,
Newbury Wine & Spirits,"2199 Michael Dr, Newbury Park, CA 91320",,California,Newbury Park,,91320,,,,4.7,,,,,
Safeway Liquor,"270 Northgate Dr, San Rafael, CA 94903",,California,San Rafael,,94903,,,,N/A,,,,,
Anthony's Food & Liquor,"3200 N Chester Ave, Bakersfield, CA 93308",,California,Bakersfield,,93308,,,,4.5,,,,,
Crown Liquor,"2 N Milpas St, Santa Barbara, CA 93103",,California,Santa Barbara,,93103,,,,4.1,,,,,
Happy Place Craft Beer Wine & Spirits,"1500 Los Angeles Ave, Ventura, CA 93004",,California,Ventura,,93004,,,,4.8,,,,,
Mesa Liquor,"1818 Cliff Dr, Santa Barbara, CA 93109",,California,Santa Barbara,,93109,,,,4.3,,,,,
Rozi's Market,"831 S Lovers Ln, Visalia, CA 93292",,California,Visalia,,93292,,,,4.7,,,,,
SB Liquor and Crafts,"501 Anacapa St, Santa Barbara, CA 93101",,California,Santa Barbara,,93101,,,,4.1,,,,,
State Street Beverages,"439 State St, Santa Barbara, CA 93101",,California,Santa Barbara,,93101,,,,3.1,,,,,
Booze & Brews,"2315 Kuehner Dr # 101, Simi Valley, CA 93063",,California,Simi Valley,,93063,,,,3.7,,,,,
CAPS N CORK,"21 Rancho Square, Vallejo, CA 94589",,California,Vallejo,,94589,,,,5,,,,,
Al's Liquors,"36 Medway Rd, San Rafael, CA 94901",,California,San Rafael,,94901,,,,4.3,,,,,
Surf Side Liquor & Minimart,"405 e Port hueneme Rd, Port Hueneme, CA 93041",,California,Port Hueneme,,93041,,,,4.5,,,,,
J's Liquor & Market Plaza,"5924 E Los Angeles Ave # A, Simi Valley, CA 93063",,California,Simi Valley,,93063,,,,4.3,,,,,
Haydens Liquor,"531 S Lovers Ln, Visalia, CA 93292",,California,Visalia,,93292,,,,4.3,,,,,
Manteca Mart Liquors,"1393 E YOSEMITE AVE, Manteca, CA 95336",,California,Manteca,,95336,,,,4.2,,,,,
A 1 food & Liquor INC,"75 S Coombs St, Napa, CA 94559",,California,Napa,,94559,,,,4.3,,,,,
Yosemite Market & Liquor,"5704 E Los Angeles Ave, Simi Valley, CA 93063",,California,Simi Valley,,93063,,,,4.8,,,,,
Cask & Wine Shop,"3303 W Kimber Dr # A, Newbury Park, CA 91320",,California,Newbury Park,,91320,,,,5.0,,,,,
John's Market,"18855 Outer Hwy 18 S, Apple Valley, CA 92307",,California,Apple Valley,,92307,,,,4.4,,,,,
Lakeforest Wines,"2222 Francisco Dr Ste 230, El Dorado Hills, CA 95762",,California,El Dorado Hills,,95762,,,,4.9,,,,,
California Keg & Liquor,"14251 Garden Rd, Poway, CA 92064",,California,Poway,,92064,,,,4.8,,,,,
Elmira Liquor,"500 Elmira Rd Suite h, Vacaville, CA 95687",,California,Vacaville,,95687,,,,2.9,,,,,
Val's Liquors,"1531 3rd St, Napa, CA 94559",,California,Napa,,94559,,,,4.1,,,,,
Valley Liquor & Fine Wine,"2973 Loma Vista Rd, Ventura, CA 93003",,California,Ventura,,93003,,,,4.4,,,,,
Back Room Wines - Wine Store & Bar,"1000 Main St STE 120, Napa, CA 94559",,California,Napa,,94559,,,,4.6,,,,,
BevMo! - Napa,"3319 Jefferson St, Napa, CA 94558",,California,Napa,,94558,,,,4.3,,,,,
Compline Wine Shop,"1300 1st St ste 319, Napa, CA 94559",,California,Napa,,94559,,,,4.5,,,,,
Gauge Wines LLC,"1339 Pearl St #205, Napa, CA 94559",,California,Napa,,94559,,,,3,,,,,
Jefferson Food Mart,"1704 Jefferson St, Napa, CA 94559",,California,Napa,,94559,,,,4.5,,,,,
La Boutique Du Vin,"1130 Main St, Napa, CA 94559",,California,Napa,,94559,,,,N/A,,,,,
Lawler's Liquors,"2232 Jefferson St, Napa, CA 94559",,California,Napa,,94559,,,,4.8,,,,,
Magnolia Liquors,"5110 Hollister Ave, Santa Barbara, CA 93111",,California,Santa Barbara,,93111,,,,4.4,,,,,
Major Liquor,"Los Angeles, CA 90033",,California,Napa,,90033,,,,4.1,,,,,
Napa Valley Wine & Cigar,"161 Silverado Trail, Napa, CA 94559",,California,Napa,,94559,,,,4.8,,,,,
Napa Wine & Spirits,"719 Lincoln Ave, Napa, CA 94558",,California,Napa,,94558,,,,4,,,,,
Outer Space Wines,"974 Franklin St, Napa, CA 94559",,California,Napa,,94559,,,,4.6,,,,,
Premier Wine Cask Inc,"1710 Soscol Ave # 5, Napa, CA 94559",,California,Napa,,94559,,,,5,,,,,
Sun Market Liquor,"123 E 11th St, Perris, CA 92570",,California,Perris,,92570,,,,3.8,,,,,
U Save Liquors,"930 Almar Ave, Santa Cruz, CA 95060",,California,Santa Cruz,,95060,,,,4.6,,,,,
Val's Liquors,"132 Soscol Ave, Napa, CA 94559",,California,Napa,,94559,,,,4.4,,,,,
Wine Access,"1700 Soscol Ave, Napa, CA 94558",,California,Napa,,94558,,,,4.2,,,,,
Redwood Liquor,"2030 Redwood Rd, Napa, CA 94558",,California,Napa,,94558,,,,4.1,,,,,
2 AM LIQUOR,"1224 E Los Angeles Ave, Simi Valley, CA 93065",,California,Simi Valley,,93065,,,,4.7,,,,,
Mission Liquors,"2335 Mission St, Santa Cruz, CA 95060",,California,Santa Cruz,,95060,,,,4.5,,,,,
Venture Liquors,"494 E Los Angeles Ave, Simi Valley, CA 93065",,California,Simi Valley,,93065,,,,4.4,,,,,
Las Palmas Liquor Stores & Markets,"1595 N Palm Canyon Dr, Palm Springs, CA 92262",,California,Palm Springs,,92262,,,,4.4,,,,,
Tupacks Liquor inc,"2802 E Avenue I, Lancaster, CA 93535",,California,Lancaster,,93535,,,,3.8,,,,,
Broadway Liquor,"1535 S Broadway, Santa Maria, CA 93454",,California,Santa Maria,,93454,,,,4.2,,,,,
Lakeside Wine and Spirits,"32123 Lindero Canyon Rd # 107, Westlake Village, CA 91361",,California,Westlake Village,,91361,,,,4.5,,,,,
Larwin Square Liquors,"1303 E Los Angeles Ave, Simi Valley, CA 93065",,California,Simi Valley,,93065,,,,4.1,,,,,
Reyes Adobe Beverage House,"30313 Canwood St UNIT 21, Agoura Hills, CA 91301",,California,Agoura Hills,,91301,,,,5,,,,,
BottleStop-LIQOUR,"12930 Campo Rd ste m, Jamul, CA 91935",,California,Jamul,,91935,,,,4.5,,,,,
George Liquor& market,"1790 E Los Angeles Ave # A, Simi Valley, CA 93065",,California,Simi Valley,,93065,,,,5,,,,,
Plaza Liquor and Gas,"1695 Royal Ave, Simi Valley, CA 93065",,California,Simi Valley,,93065,,,,4.3,,,,,
Booze & Brews,"1859 Erringer Rd, Simi Valley, CA 93065",,California,Simi Valley,,93065,,,,4.7,,,,,
Paul's Liquor & Market,"2375 Sycamore Dr #3, Simi Valley, CA 93065",,California,Simi Valley,,93065,,,,4.3,,,,,
Simi Valley Wine & Spirits,"2539 Royal Ave, Simi Valley, CA 93065",,California,Simi Valley,,93065,,,,4.6,,,,,
House of Wine & Liquor,"2345 Erringer Rd # 110, Simi Valley, CA 93065",,California,Simi Valley,,93065,,,,4.3,,,,,
Paul’s Liquor & Market #3,"2525 Sycamore Dr, Simi Valley, CA 93065",,California,Simi Valley,,93065,,,,4.3,,,,,
Hasley Liquor & Deli,"27305 Live Oak Rd, Castaic, CA 91384",,California,Castaic,,91384,,,,4.3,,,,,
Simi 99 Liquor east,"2460-2462 Stearns St, Simi Valley, CA 93063",,California,Simi Valley,,93063,,,,4.8,,,,,
Friendly Spirits Liquor,"4318 E Los Angeles Ave, Simi Valley, CA 93063",,California,Simi Valley,,93063,,,,4.7,,,,,
Holiday Liquor,"4368 Eileen St, Simi Valley, CA 93063",,California,Simi Valley,,93063,,,,4.6,,,,,
Sunflower Spirits,"4443 Cochran St, Simi Valley, CA 93063",,California,Simi Valley,,93063,,,,4.4,,,,,
10th Street Liquors,"1291 10th St, Monterey, CA 93940",,California,Monterey,,93940,,,,4.5,,,,,
Angelo's Liquor,"5599 Hollister Ave A, Goleta, CA 93117",,California,Goleta,,93117,,,,4.2,,,,,
Catalina Market Wine & Spirits,"102 Avenida Victoria, San Clemente, CA 92672",,California,San Clemente,,92672,,,,4.3,,,,,
Mill Valley Market Wine & Spirits Delicatessen,"58 Throckmorton Ave, Mill Valley, CA 94941",,California,Mill Valley,,94941,,,,5.0,,,,,
Vintage Wine & Spirits,"82 Throckmorton Ave, Mill Valley, CA 94941",,California,Mill Valley,,94941,,,,4.1,,,,,
Liquor Chest,"5298 Kanan Rd, Agoura Hills, CA 91301",,California,Agoura Hills,,91301,,,,4.6,,,,,
Party House Liquor,"29160 Roadside Dr, Agoura Hills, CA 91301",,California,Agoura Hills,,91301,,,,4.0,,,,,
Village Commons Market,"231 Village Commons Blvd, Camarillo, CA 93012",,California,Camarillo,,93012,,,,4.2,,,,,
Agoura Wine & Beer Co.,"28851 Agoura Rd, Agoura Hills, CA 91301",,California,Agoura Hills,,91301,,,,4.9,,,,,
Downtown Liquor,"541 Tyler St, Monterey, CA 93940",,California,Monterey,,93940,,,,4.4,,,,,
Gateway Liquor Inc,"1650 N Broadway, Santa Maria, CA 93454",,California,Santa Maria,,93454,,,,4.3,,,,,
Mi Ranchito Market,"215 S Central Ave, Tracy, CA 95376",,California,Tracy,,95376,,,,4.0,,,,,
Monterey Cork 'n' Bottle,"888 Abrego St, Monterey, CA 93940",,California,Monterey,,93940,,,,3.5,,,,,
Sam's Liquor,"2395 Tapo St, Simi Valley, CA 93063",,California,Simi Valley,,93063,,,,4.8,,,,,
Tapo Liquor & Check Cashing,"2488 Tapo St # 6, Simi Valley, CA 93063",,California,Simi Valley,,93063,,,,4.0,,,,,
Victoria Market and Liquor LLC,"201 AVENIDA VICTORIA, San Clemente, CA 92672",,California,San Clemente,,92672,,,,4.3,,,,,
11th Street Liquor,"18 East 11th Street, Tracy, CA 95376",,California,Tracy,,95376,,,,4.5,,,,,
Cork N' Bottle,"2210 N Fremont St #5405, Monterey, CA 93940",,California,Monterey,,93940,,,,4.2,,,,,
Drive-In Liquors,"1010 W Main St, Santa Maria, CA 93458",,California,Santa Maria,,93458,,,,4.6,,,,,
EL CAMINO LIQUOR,"602 W Main St, Santa Maria, CA 93458",,California,Santa Maria,,93458,,,,5,,,,,
El Ranchero Liquor,"1131 W Main St A, Santa Maria, CA 93458",,California,Santa Maria,,93458,,,,4.4,,,,,
L&k liquor,"510 N Broadway, Santa Maria, CA 93454",,California,Santa Maria,,93454,,,,4,,,,,
Maguey,"400 W Main St, Santa Maria, CA 93458",,California,Santa Maria,,93458,,,,3.8,,,,,
Sheldon Liquor,"8994 Grant Line Rd, Elk Grove, CA 95624",,California,Elk Grove,,95624,,,,N/A,,,,,
Surf Liquor,"1050 S Seaward Ave, Ventura, CA 93001",,California,Ventura,,93001,,,,4.4,,,,,
Belwood Liquor,"2830 Tapo St, Simi Valley, CA 93063",,California,Simi Valley,,93063,,,,4.8,,,,,
Dino's Liquor & Deli,"750 E Main St, Santa Maria, CA 93454",,California,Santa Maria,,93454,,,,4.3,,,,,
Far Western Liquor,"3420 Orcutt Rd, Santa Maria, CA 93455",,California,Santa Maria,,93455,,,,3.7,,,,,
Jr Liquor Mart,"2616 Ventura Blvd STE 106, Camarillo, CA 93010",,California,Camarillo,,93010,,,,4.6,,,,,
Monte Vista Wines & Spirits Inc,"19 Soledad Dr, Monterey, CA 93940",,California,Monterey,,93940,,,,4.5,,,,,
Red Eye Liquor,"223 N Broadway, Santa Maria, CA 93454",,California,Santa Maria,,93454,,,,4.3,,,,,
Wimpy's Liquor,"921 N Broadway, Santa Maria, CA 93454",,California,Santa Maria,,93454,,,,4.7,,,,,
El Campesino Market,"809 N Broadway # B, Santa Maria, CA 93454",,California,Santa Maria,,93454,,,,4.6,,,,,
H & H Liquor Store,"1839 E Main St, Ventura, CA 93001",,California,Ventura,,93001,,,,4.4,,,,,
Paul's Liquor Market #2,"2760 Tapo Canyon Rd Suite #2, Simi Valley, CA 93063",,California,Simi Valley,,93063,,,,4.6,,,,,
Clays Liquor 2,"898 Lighthouse Ave, Monterey, CA 93940",,California,Monterey,,93940,,,,4.5,,,,,
Daney's Mini Mart,"701 Lighthouse Ave, Monterey, CA 93940",,California,Monterey,,93940,,,,4.3,,,,,
Jolly King Liquors,"393 Miller Ave, Mill Valley, CA 94941",,California,Mill Valley,,94941,,,,4.2,,,,,
Old Town Liquor,"411 E High St, Moorpark, CA 93021",,California,Moorpark,,93021,,,,4.4,,,,,
Dry Creek Liquor,"1060 E Augusta St, Woodbridge, CA 95258",,California,Woodbridge,,95258,,,,4.7,,,,,
Hal's Liquor,"12587 California St, Yucaipa, CA 92399",,California,Yucaipa,,92399,,,,4.5,,,,,
Pacific Grove Bottle Shop,"1112 Forest Ave #5105, Pacific Grove, CA 93950",,California,Pacific Grove,,93950,,,,4.6,,,,,
Seaside Liquors,"1290 Broadway Ave, Seaside, CA 93955",,California,Seaside,,93955,,,,4.7,,,,,
Bros Liquor,"1046 Olive Dr, Davis, CA 95616",,California,Davis,,95616,,,,5.0,,,,,
Dad's Liquor,"2421 South El Camino Real, San Clemente, CA 92672",,California,San Clemente,,92672,,,,4.5,,,,,
Food Corner Market,"1800 Noche Buena St, Seaside, CA 93955",,California,Seaside,,93955,,,,4.3,,,,,
Lopez Liquors & Fine Wines,"613 Lighthouse Ave, Pacific Grove, CA 93950",,California,Pacific Grove,,93950,,,,4.3,,,,,
Sam's Liquor,"35077 Yucaipa Blvd # B, Yucaipa, CA 92399",,California,Yucaipa,,92399,,,,4.3,,,,,
Bonsall Fine Wine & Spirits,"5256 S Mission Rd #841, Bonsall, CA 92003",,California,Bonsall,,92003,,,,4.8,,,,,
Drive-In Liquor Mart,"232 N K St, Tulare, CA 93274",,California,Tulare,,93274,,,,4.7,,,,,
Sun Valley Market & Liquor,"33040 Simpson Rd # 110, Winchester, CA 92596",,California,Winchester,,92596,,,,2.7,,,,,
Village Bottle Shoppe,"222 Mt Hermon Rd F, Scotts Valley, CA 95066",,California,Scotts Valley,,95066,,,,4.6,,,,,
Clark's Liquor Store,"165 S California St, Ventura, CA 93001",,California,Ventura,,93001,,,,4.2,,,,,
Red Barn Corner Liquor,"580 N Ventura Ave, Ventura, CA 93001",,California,Ventura,,93001,,,,4.3,,,,,
Romey's Liquors,"9 Main St STE 105, Woodland, CA 95695",,California,Woodland,,95695,,,,4.5,,,,,
Uncle Don's Liquor,"306 E Thompson Blvd, Ventura, CA 93001",,California,Ventura,,93001,,,,4.4,,,,,
Grand Liquors,"816 W Grand Ave, Grover Beach, CA 93433",,California,Grover Beach,,93433,,,,4.2,,,,,
R & B Market & Liquor,"1130 Gravenstein Hwy S, Sebastopol, CA 95472",,California,Sebastopol,,95472,,,,3.8,,,,,
San'O Mart,"3119 S El Camino Real, San Clemente, CA 92672",,California,San Clemente,,92672,,,,4.3,,,,,
Last Chance Liquors,"320 E Branch St, Arroyo Grande, CA 93420",,California,Arroyo Grande,,93420,,,,4.4,,,,,
Main Street Market Food & Liquor,"2000 E Main St ste g, Woodland, CA 95776",,California,Woodland,,95776,,,,4.3,,,,,
Six Pak Shop,"6580 Pardall Rd A, Goleta, CA 93117",,California,Goleta,,93117,,,,4.3,,,,,
Paul's Liquor & Market,"16715 Monterey Rd # 7, Morgan Hill, CA 95037",,California,Morgan Hill,,95037,,,,4.2,,,,,
Oak Knoll Liquors,"4854 S Bradley Rd #A, Santa Maria, CA 93455",,California,Santa Maria,,93455,,,,3.4,,,,,
Orcutt Liquor,"105 E Clark Ave, Orcutt, CA 93455",,California,Orcutt,,93455,,,,4.6,,,,,
Red Rock Liquor,"111 e california ave, Ridgecrest, CA 93555",,California,Ridgecrest,,93555,,,,4.4,,,,,
PARKWOOD MART & LIQUOR,"12893 CA-145, Madera, CA 93637",,California,Madera,,93637,,,,4.4,,,,,
Pohley's Market,"341 Windsor River Rd, Windsor, CA 95492",,California,Windsor,,95492,,,,4.4,,,,,
Wayside Liquor & Deli,"703 Creston Rd, Paso Robles, CA 93446",,California,Paso Robles,,93446,,,,4.4,,,,,
Fallbrook Liquor,"1051 S Main Ave, Fallbrook, CA 92028",,California,Fallbrook,,92028,,,,4.3,,,,,
Benchmark Wine Group,"445 Devlin Rd, Napa, CA 94558",,California,Napa,,94558,,,,3.5,,,,,
Bounty Hunter Rare Wine & Spirits,"190 Gateway Rd E, Napa, CA 94558",,California,Napa,,94558,,,,N/A,,,,,
El Centro Liquor,"401 E State St, El Centro, CA 92243",,California,El Centro,,92243,,,,4.2,,,,,
On The Rocks Liquor,"1101 W Olive Ave, Porterville, CA 93257",,California,Porterville,,93257,,,,4.5,,,,,
"Lopez Fine Wines Liquor & Taqueria, Toro Park","22734 Portola Dr, Salinas, CA 93908",,California,Salinas,,93908,,,,4.5,,,,,
Creekside Liquor Bait & Tackle,"854 N Yosemite Ave, Oakdale, CA 95361",,California,Oakdale,,95355,,,,5.0,,,,,
Ramona Stage Stop Liquors,"578 main st, Ramona, CA 92065",,California,Ramona,,92065,,,,4.5,,,,,
Turf Liquor,"6596 N Winton Way, Winton, CA 95388",,California,Winton,,95388,,,,4.2,,,,,
Auburn Food & Liquor,"13326 Lincoln Way, Auburn, CA 95603",,California,Auburn,,95603,,,,4.2,,,,,
Masoods Liquor & Deli,"7970 CA-9, Ben Lomond, CA 95005",,California,Ben Lomond,,95005,,,,4.7,,,,,
Prince Liquor,"298 Carmel Ave, Marina, CA 93933",,California,Marina,,93933,,,,3.8,,,,,
29 Palms Liquor,"73777 Twentynine Palms Highway, Twentynine Palms, CA 92277",,California,Twentynine Palms,,92277,,,,4.5,,,,,
Can Do Country Market and Liquor #2,"72143 Twentynine Palms Hwy, Twentynine Palms, CA 92277",,California,Twentynine Palms,,92277,,,,4.1,,,,,
Plaza Market,"5668 The Plaza, Twentynine Palms, CA 92277",,California,Twentynine Palms,,92277,,,,4.0,,,,,
Green Tahoe Market,"3097 Lake Tahoe Blvd, South Lake Tahoe, CA 96150",,California,South Lake Tahoe,,96150,,,,4.4,,,,,
Michaels Market Wine & Spirits,"1100 Pitt School Rd, Dixon, CA 95620",,California,Dixon,,95620,,,,4.6,,,,,
J V Liquors,"17581 Vierra Canyon Rd, Salinas, CA 93907",,California,Salinas,,93907,,,,4.4,,,,,
Jonesy's Liquor,"128 w Harvard blvd, Santa Paula, CA 93060",,California,Santa Paula,,93060,,,,4.4,,,,,
"Premier Wine Brokers, Ltd.","528 Nathanson Creek Ln, Sonoma, CA 95476",,California,Sonoma,,95476,,,,N/A,,,,,
Sparkling Memories,"19201 Sonoma Hwy #142, Sonoma, CA 95476",,California,Sonoma,,95476,,,,N/A,,,,,
Vineyard Market,"18971 Sonoma Hwy, Sonoma, CA 95476",,California,Sonoma,,95476,,,,4.3,,,,,
Tom's Prunedale Liquors,"8005 San Miguel Canyon Rd, Salinas, CA 93907",,California,Salinas,,93907,,,,3.8,,,,,
Whitted's Liquor,"462 N 8th St, Brawley, CA 92227",,California,Brawley,,92227,,,,4.5,,,,,
Country Liquor Store,"21227 Pacific Coast Highway, Malibu, CA 90265",,California,Malibu,,90265,,,,4.1,,,,,
Sandpiper Liquors,"2262 Ortega Hill Rd, Summerland, CA 93067",,California,Summerland,,93067,,,,4.5,,,,,
Colony House Liquor,"22523 Pacific Coast Hwy, Malibu, CA 90265",,California,Malibu,,90265,,,,4.0,,,,,
N & M Liquor,"40187 170th St E A, Palmdale, CA 93591",,California,Palmdale,,93591,,,,4.5,,,,,
Tip Top Liquor Warehouse,"90 Dry Creek Rd, Healdsburg, CA 95448",,California,Healdsburg,,95448,,,,4.6,,,,,
Alpine Liquor,"2262 Alpine Blvd, Alpine, CA 91901",,California,Alpine,,91901,,,,4.6,,,,,
Agua Dulce Liquor,"33355 Agua Dulce Canyon Rd, Santa Clarita, CA 91390",,California,Santa Clarita,,91390,,,,4.1,,,,,
Oasis Cave Market and Liquor,"69131 29 Palms Hwy, Twentynine Palms, CA 92277",,California,Twentynine Palms,,92277,,,,3.9,,,,,
Rolinda Liquor Store,"9502 W Whitesbridge Ave, Fresno, CA 93706",,California,Fresno,,93706,,,,4,,,,,
Adam's Market & Liquor,"7013 S Cedar Ave, Fresno, CA 93725",,California,Fresno,,93725,,,,4.1,,,,,
Malibu Ranch Market,"29575 CA-1 H, Malibu, CA 90265",,California,Malibu,,90265,,,,4.3,,,,,
Ontario Liquor Store,"1179 SW 4th Ave, Ontario, OR 97914",,California,Ontario,,97914,,,,4.4,,,,,