Store Name,Address,Latitude,Longitude,ZipCode,Status,2025 order
A1 Wine & Spirit (Jeffco 1 - 333150),"917 Jeffco Boulevard, Arnold, MO, USA",38.4470481,-90.3727045,63010,Active,910
A1 Wine & Spirit (Hallsferry - 795125),"10625 New Halls Ferry Road, St. Louis, MO, USA",38.7650808,-90.2607123,63136,Active,33
A1 Wine & Spirit (Telegraph - 805306),"4312 Telegraph Road, St. Louis, MO, USA",38.4865664,-90.3036203,63129,Active,52
A1 Wine & Spirit (Pershall - 794250),"3336 Pershall Road, Ferguson, MO, USA",38.770078,-90.2824374,63135,Active,135
A1 Wine & Spirit (Woodson - 163922),"4404 Woodson Road, St. Louis, MO, USA",38.7297864,-90.3569318,63134,Active,38
A1 Liquor (Berkeley - 917527),"6796 North Hanley Road, Berkeley, MO, USA",38.7622514,-90.3366327,63134,Inactive,0
A1 Liquor (Hazelwood - 543479),"7311 North Hanley Road, Hazelwood, MO, USA",38.7729222,-90.3357619,63042,Inactive,0
A1 Liquor (Patterson - 153529),"2875 Patterson Road, Florissant, MO, USA",38.820455,-90.3190104,63031,Inactive,0
A1 Wine & Spirit (Natural Bridge - 300436),"9361 Natural Bridge Road, St. Louis, MO, USA",38.7243422,-90.337921,63134,Active,117
Big Bend Liquor (294706),"3600 South Big Bend Boulevard, Maplewood, MO, USA",38.6019752,-90.3253314,63143,Inactive,0
EZ Quik Mart (EZ Quick Mart - 207097),"80 Meramec Valley Plaza, Valley Park, MO, USA",38.5476207,-90.4931192,63088,Inactive,0
MSD Liquor (MSD Liquor - 568782),"506 North Truman Boulevard, Crystal City, MO, USA",38.2240854,-90.3840064,63019,Inactive,0
SPIRIT SHOP (Spirit Shop - 952954),"10330 Business 21, Hillsboro, MO, USA",38.2430657,-90.5589349,63050,Inactive,0
Mike's Wine and Spirits (Mike's Liquor - 325245),"1801 Irving Park Road, Hanover Park, IL, USA",42.0068214,-88.1498083,60133,Inactive,0
Ultimate Liquor (Ultimate Liquor - 949241),"8316 Lackland Road, St. Louis, MO, USA",38.7023537,-90.3362886,63114,Active,3
A1 Wine & Spirit (A1 Mexico - 334344),"7884 Mexico Road, St. Peters, MO, USA",38.7875453,-90.660778,63376,Active,97
Red Carpet Liquor (RED CARPET - 654845),"410 Pine Lake Avenue, La Porte, IN, USA",41.6202354,-86.7377869,46350,Inactive,0
J&J Liquors (J&J Liquors - 576320),"716 East Lincolnway, La Porte, IN, USA",41.6183852,-86.7051051,46350,Inactive,0
Valley Liquors (496710),"151 Illinois 38, Elburn, IL, USA",41.9026373,-88.4705507,60119,Inactive,0
Wine & Spirits Of Calumet Park (856499),"13065 South Ashland Avenue, Calumet Park, IL, USA",41.657051,-87.6587461,60827,Active,26
Lyons Beverage Express 9041 (780624),"9041 South Ashland Avenue, Chicago, IL, USA",41.7291299,-87.662579,60620,Active,31
Chuck's Wine and Spirits (666238),"386 Three Springs Road, Bowling Green, KY, USA",36.9362152,-86.4203798,42104,Active,59
Lakeview Market (Lakeview Market - 680984),"1118 South Michigan Avenue, Chicago, IL, USA",41.8689383,-87.6246653,60605,Inactive,0
Super Save Grocery & Liquor (SUPERSAVE - 902194),"6259 West Belmont Avenue, Chicago, IL, USA",41.9382432,-87.783297,60634,Inactive,0
Kindred Spirits & Wine (Kindred Inwood Rd - 615022),"3610 Inwood Road, Dallas, TX, USA",32.8314558,-96.8249252,75209,Inactive,0
Jenny's liquors (Jenny's Liquor - 858796),"2316 Elmhurst Road, Mount Prospect, IL, USA",42.0240017,-87.9413694,60056,Active,9
Max's Food & Liquor (Max's Food & Liquor - 178804),"6200 West Belmont Avenue, Chicago, IL, USA",41.9387194,-87.7814716,60634,Inactive,0
Quick Treat Liquor (QT Liquor - 726540),"2011 West Spring Creek Parkway, Plano, TX, USA",33.0588999,-96.7319155,75023,Inactive,7
The Store (433181),"701 Hillsboro Avenue, Edwardsville, IL, USA",38.8152025,-89.9474153,62025,Inactive,0
Liquor Time Liquor (Liquor Time - 208502),"7873 Santa Monica Boulevard, West Hollywood, CA, USA",34.091525,-118.360989,90046,Inactive,0
ABC Liquor (536730),"Main Street, Boston, MA, USA",42.286771,-71.0985449,02129,Inactive,0
TX Liquor (131250),"329 South Central Expressway, Allen, TX, USA",33.1001114,-96.6776161,75013,Inactive,0
Alma Liquor Market (625728),"700 Alma Drive, Plano, TX, USA",33.0098385,-96.7151146,75075,Inactive,0
Carlson's Liquor (Carlson's - 770299),"21900 Ventura Boulevard, Los Angeles, CA, USA",34.1681726,-118.604009,91364,Inactive,0
Chuck Evans Liquor Outlet (Chuck Evans - 844409),"3513 Louisville Road, Bowling Green, KY, USA",37.0111898,-86.3892063,42101,Active,21
Red Barn Liquor (Red Barn - 675531),"1731 U.S. 31 West Bypass, Bowling Green, KY, USA",36.9793825,-86.4532297,42101,Active,19
Gateway Liquor (772356),"3751 Tower Road, Aurora, CO, USA",39.7679754,-104.7730021,80011,Inactive,0
Prime Liquor (Prime Liquor - 319448),"7149 North Academy Boulevard, Colorado Springs, CO, USA",38.9356178,-104.7959489,80920,Inactive,0
Xpress Liquor (315739),"2101 Corona Road, Columbia, MO, USA",38.9319714,-92.3991061,65203,Inactive,0
Burnham Grocers & Liquors (752922),"828 South Wabash Avenue, Chicago, IL, USA",41.8708457,-87.6262283,60605,Active,13
Xpress Liquor (659270),"201 East Fifth Street, Washington, MO, USA",38.5556105,-91.0108112,63090,Inactive,0
Vette City Liquors (337864),"3032 Louisville Road, Bowling Green, KY, USA",37.0098217,-86.3977015,42101,Inactive,0
Foremost Liquors (383287),"3210 North Cicero Avenue, Chicago, IL, USA",41.9392736,-87.7472246,60641,Active,45
Armanetti's Beer Wine & Spirits (701865),"18230 Kedzie Avenue, Hazel Crest, IL, USA",41.5583246,-87.6957444,60429,Inactive,0
Konrad Liquor (435303),"6720 West Belmont Avenue, Chicago, IL, USA",41.9384028,-87.7942011,60634,Inactive,0
BWS Beverage (129545),"790 North Milwaukee Avenue, Chicago, IL, USA",41.8960945,-87.6554213,60642,Inactive,4
Parkway Liquors (976606),"2654 Russellville Road, Bowling Green, KY, USA",36.9610068,-86.4899881,42101,Active,66
Discount Liquors (347230),"3101 Alvey Park Drive East, Owensboro, KY, USA",37.7544408,-87.0635109,42303,Active,164
BWS Beverage 2 (251150),"1586 North Clybourn Avenue, Chicago, IL, USA",41.9102692,-87.6490664,60642,Inactive,0
Lakeside Wine and Spirit (915313),"801 West Irving Park Road, Chicago, IL, USA",41.9543897,-87.6498344,60613,Inactive,0
Pecos Wine and Spirits (424791),"5595 North Pecos Street, Denver, CO, USA",39.7979314,-105.0069461,80221,Inactive,0
Armanetti Liquor (395466),"85 East Fullerton Avenue, Addison, IL, USA",41.9196429,-87.9869529,60101,Inactive,0
Lively Liquors (357357),"1170 East Higgins Road, Elk Grove Village, IL, USA",42.0264559,-87.9681328,60007,Active,2
Jacobs Liquor (439880),"7340 Texas 78, Sachse, TX, USA",32.9876743,-96.5754381,75048,Inactive,0
BP Clairmont Food Mart (160598),"1885 Clairmont Road, Decatur, GA, USA",33.8093956,-84.3090362,30033,Inactive,0
Save More Market (Save More Market - 336019),"1598 McAllister Street, San Francisco, CA, USA",37.7779564,-122.4380759,94115,Inactive,0
231 Liquors (892683),"1823 Morgantown Road, Bowling Green, KY, USA",36.9892382,-86.4939639,42101,Inactive,0
Shyamrock Liquors (867255),"2926 Nashville Road, Bowling Green, KY, USA",36.9521473,-86.474538,42101,Inactive,0
Savannah discount  (303701),"2681 Barataria Boulevard, Marrero, LA, USA",29.8530213,-90.1078794,70072,Inactive,0
Liquor Stop (875915),"9218 Indianapolis Boulevard, Highland, IN, USA",41.5462257,-87.4718893,46322,Inactive,0
Westside Liquors (646144),"501 North Tekoppel Avenue, Evansville, IN, USA",37.9824868,-87.6180948,47712,Inactive,0
Kwick Stop Liquors (992659),"901 North Saint Joseph Avenue, Evansville, IN, USA",37.9859653,-87.6001458,47720,Inactive,0
Kwick Stop Liquors (655616),"901 North Saint Joseph Avenue, Evansville, IN, USA",37.9859653,-87.6001458,47720,Inactive,0
Kwick Stop Liquors (169202),"901 North Saint Joseph Avenue, Evansville, IN, USA",37.9859653,-87.6001458,47720,Inactive,0
Liquor Barn (720532),"4415 South Broadway, Englewood, CO, USA",39.6364438,-104.9882462,80113,Inactive,0
Warehouse Liquor Mart (615206),"3371 West Hampden Avenue, Sheridan, CO, USA",39.6536974,-105.0311838,80110,Inactive,0
Broadway Discount Liquor (998393),"4615 South Broadway, Englewood, CO, USA",39.6326672,-104.9884019,80113,Inactive,0
Five Star Liquor (890324),"1249 Toronto Road, Springfield, IL, USA",39.7145655,-89.6379258,62712,Inactive,0
Live Oak Liquors (295146),"6830 Suwannee Plaza Lane, Live Oak, FL, USA",30.3257919,-82.9643879,32060,Inactive,0
Wine & Liquor (924092),"2446 Army Trail Road, Hanover Park, IL, USA",41.9422893,-88.1660713,60133,Inactive,0
BURNHAM GROCERS & LIQUORS (BURNHAM GROCERS & LI - 436118),"828 South Wabash Avenue, Chicago, IL, USA",41.8708457,-87.6262283,60605,Inactive,0
Blarney Stone Wine & Spirits 2 (Lincoln Way West - 733323),"3811 Lincoln Way West, South Bend, IN, USA",41.6941501,-86.302386,46628,Inactive,0
Diversey Prestige Liquors (118141),"946 West Diversey Parkway, Chicago, IL, USA",41.9327425,-87.6533384,60614,Inactive,0
McHenry Liquors (943341),"1782 North Richmond Road, McHenry, IL, USA",42.3523265,-88.2654325,60051,Inactive,0
Sam's Liquor & Wine (Sam's Liquor - 219164),"520 State Route 31, McHenry, IL, USA",42.3217037,-88.2731671,60050,Inactive,0
Foremost Liquors (Arlington - 559979),"1776 West Algonquin Road, Arlington Heights, IL, USA",42.0583138,-88.006246,60005,Inactive,0
Amador Liquors (369060),"1167 West 18th Street, Chicago, IL, USA",41.8577336,-87.6558605,60608,Inactive,0
Lukas Liquor Superstore (335478),"8457 South Yosemite Street, Lone Tree, CO, USA",39.5634456,-104.8858261,80124,Inactive,0
Dogwood Wine & Spirits Superstore (139786),"15678 Manchester Road, Ellisville, MO, USA",38.5915585,-90.5768828,63011,Inactive,2
Sportsman's Cardinal Liquor ( CARDINAL LIQUOR  - 559034),"1421 West Schaumburg Road, Schaumburg, IL, USA",42.025063,-88.1150665,60194,Inactive,0
Emporium Beverage Depot (247242),"130 Sibley Boulevard, Dolton, IL, USA",41.6230161,-87.6185994,60419,Inactive,0
Corner Liquor & Grocery (990512),"102 West Fox Street, Yorkville, IL, USA",41.6388526,-88.4476209,60560,Active,4
Sheridan Liquor & Lounge (Sheridan Liquor  - 917711),"3944 North Sheridan Road, Chicago, IL, USA",41.9540772,-87.6549145,60613,Inactive,0
Homewood Liquors (905972),"18222 Halsted Street, Homewood, IL, USA",33.4694163,-84.444655,60430,Inactive,444
Lan Oak Liquor (485905),"18052 Torrence Avenue, Lansing, IL, USA",41.5668242,-87.5591683,60438,Inactive,0
S & L Food & Liquor (953649),"4958 West Fullerton Avenue, Chicago, IL, USA",41.924574,-87.7510307,60639,Inactive,0
Farmers Pride Produce (123473),"756 North Western Avenue, Chicago, IL, USA",41.8954657,-87.6871192,60612,Inactive,0
Penguin Liquor (#1 Teal - 927495),"3295 Teal Road, Lafayette, IN, USA",40.3950609,-86.8578587,47905,Active,669
Topless Liquor (158155),"916 South Western Avenue, Chicago, IL, USA",41.8697327,-87.6864484,60612,Inactive,0
Wildcat Wine and Spirits (116518),"3996 Red Cedar Drive, Highlands Ranch, CO, USA",39.5258051,-104.9399577,80126,Inactive,0
Deerfield Wine & Spirits (263672),"20606 Milwaukee Avenue, Deerfield, IL, USA",42.16232,-87.920859,60015,Inactive,0
Armanetti Liquors - Niles (260636),"7321 North Harlem Avenue, Niles, IL, USA",42.0142359,-87.80615,60714,Active,10
Vintage Wine & Spirits (380856),"716 South Northwest Highway, Barrington, IL, USA",42.1497716,-88.1245819,60010,Active,10
S&G Food and Liquor ( S&G Food and Liquor - 893355),"828 North Elmhurst Road, Prospect Heights, IL, USA",42.1113516,-87.9373483,60070,Inactive,0
Armanetti Roselle (Roselle - 742512),"871 East Nerge Road, Roselle, IL, USA",41.9983671,-88.0584812,60172,Inactive,0
Armanetti Beverage Mart (Bartlett - 694879),"270 East Devon Avenue, Bartlett, IL, USA",41.9883371,-88.1810147,60103,Inactive,0
Armanetti Wine and Liquor (Rolling Meadows - 870020),"4001 West Algonquin Road, Rolling Meadows, IL, USA",42.0623117,-88.0308442,60008,Active,36
Elmhurst Food & Liquor (904958),"416 North York Street, Elmhurst, IL, USA",41.910721,-87.940427,60126,Active,28
Penguin Liquor (#2 Clark - 249548),"250 South 4th Street, Lafayette, IN, USA",40.4140537,-86.8933907,47901,Inactive,4
AL G'S Liquor Store (542397),"3646 Austell Road Southwest, Marietta, GA, USA",33.8646752,-84.5953215,30008,Active,560
Oak Forest Liquor (233902),"6072 West 159th Street, Oak Forest, IL, USA",41.6031528,-87.7672089,60452,Active,67
Blarney Stone Wine & Spirits 1 (Mckinley Avenue - 975391),"2934 McKinley Avenue, South Bend, IN, USA",41.6794575,-86.2050838,46615,Inactive,0
Hopkins Liquor Store (992617),"712 11th Avenue South, Hopkins, MN, USA",44.912767,-93.415079,55343,Inactive,0
Liquor Palace 1 (986839),"3801 West Burbank Boulevard, Burbank, CA, USA",34.1744104,-118.3515997,91505,Inactive,0
Blue Star Liquor (492904),"918 West Bradley Avenue, Champaign, IL, USA",40.1274586,-88.2601565,61821,Active,7
Spring Wine & Spirits (Spring Wine & Spirit - 527085),"162 East Lake Street, Bloomingdale, IL, USA",41.9559781,-88.0746171,60108,Inactive,0
S & K LIQUOR (S & K LIQUOR - 859861),"628 East Saint Charles Road, Carol Stream, IL, USA",41.8961834,-88.0994253,60188,Inactive,0
Kenny The King (537875),"28975 Illinois 120, Lakemoor, IL, USA",42.3281939,-88.198595,60051,Active,23
Darien Wine & Liquors (465734),"7516 South Cass Avenue, Darien, IL, USA",41.7501409,-87.9751168,60561,Active,1
Silva's Discount Liquors (837423),"454 Mount Pleasant Street, New Bedford, MA, USA",41.6628089,-70.9425537,02746,Active,247
Uxbridge Liquors (890418),"158 North Main Street, Uxbridge, MA, USA",42.0817647,-71.6387819,01569,Inactive,0
Kurt's Corner Liquor (903685),"353 Wareham Street, Middleborough, MA, USA",41.8614921,-70.8680196,02346,Active,42
Jamie's Plaza Liquors (824753),"10 Merchant's Way, Middleborough, MA, USA",41.8829087,-70.9130523,02346,Active,47
Townline Liquors (196672),"1524 VFW Parkway, Boston, MA, USA",42.2683009,-71.170386,02132,Active,13
Hills Food and Liquor (955509),"9451 Ackman Road, Lake in the Hills, IL, USA",42.2037909,-88.3819335,60156,Inactive,0
MADORIS LIQUOR & DELI (155881),"14710 South Cicero Avenue, Midlothian, IL, USA",41.6247191,-87.7390186,60445,Inactive,0
OSWEGO BP (OSWEGO BP - 644236),"2791 Walter Payton Memorial Highway, Oswego, IL, USA",41.7003769,-88.3159389,60543,Inactive,0
Blarney Stone Wine & Spirits 3 (Union St - 906558),"823 Union Street, Mishawaka, IN, USA",41.6536806,-86.1771857,46544,Inactive,0
Blarney Stone Wine & Spirits 5 (South Bend Avenue - 208303),"1818 South Bend Avenue, South Bend, IN, USA",41.6971662,-86.2205743,46637,Inactive,0
Blarney Stone Wine & Spirits 6 (Portage Avenue - 893897),"1355 Portage Avenue, South Bend, IN, USA",41.6936173,-86.2692215,46616,Inactive,0
Blarney Stone Wine & Spirits 7 (Miami St - 712602),"4527 Miami Street, South Bend, IN, USA",41.6284702,-86.2352699,46614,Inactive,0
Blarney Stone Wine & Spirits 8 (Bendix Dr - 906644),"3520 North Bendix Drive, South Bend, IN, USA",41.7244468,-86.2894461,46628,Inactive,0
War Hill Package (135766),"40 War Hill Park Road, Dawsonville, GA, USA",34.3405665,-84.0221537,30534,Active,194
Hwy 61 Liquor Store (848666),"758 Villa Rica Highway, Dallas, GA, USA",33.8998748,-84.8315692,30157,Active,208
City Liquor (782263),"55 Georgia 53, Dawsonville, GA, USA",34.420854,-84.1200117,30534,Active,124
Cave Springs Package (729936),"913 Dallas Highway, Douglasville, GA, USA",33.7798334,-84.7482459,30134,Active,195
Uniq Liquors (199959),"851 East Algonquin Road, Schaumburg, IL, USA",42.0721312,-88.0584269,60173,Inactive,0
Convenient Food & Liquor (327277),"1203 North Elmhurst Road, Prospect Heights, IL, USA",42.123312,-87.9362891,60070,Active,87
VERNON CONVENIENT (843964),"145 West Townline Road, Vernon Hills, IL, USA",42.2399607,-87.9696451,60061,Inactive,0
Hometown Food & Liquor (Hometown - 822206),"3 Illinois Route 59, Warrenville, IL, USA",41.8193003,-88.2048889,60555,Inactive,0
Famous Wine & Spirits Mt Zion (Beverage Genie - 875449),"2002 Mount Zion Road, Decatur, IL, USA",39.8182845,-88.8769479,62521,Active,64
Famous Wine and Spirits 2 (Singh - 773571),"1355 North Illinois Street, Decatur, IL, USA",39.8556922,-88.9424587,62526,Active,14
Famous Wine & Spirits 3 (Pershing - 724037),"1975 East Pershing Road, Decatur, IL, USA",39.8769154,-88.9305715,62526,Inactive,0
ORCHARD LIQUORS (ORCHARD LIQUORS - 860149),"3402 Orchard Road, Oswego, IL, USA",41.6866708,-88.3795273,60543,Inactive,0
SPIRIT & LIQUORS (SPIRIT & LIQUORS - 706218),"536 South Bartlett Road, Streamwood, IL, USA",42.0229117,-88.1826203,60107,Inactive,0
Oakhurst Liquors (Oakhurst Liquors - 423765),"2681 East New York Street, Aurora, IL, USA",41.7579195,-88.2512026,60502,Inactive,0
RT 31 Pantry & Liquor (RT 31 pantry & liquo - 592371),"531 South 8th Street, West Dundee, IL, USA",42.092598,-88.2867517,60118,Inactive,0
LITH Liquor (523605),"461 North Randall Road, Lake in the Hills, IL, USA",42.1822236,-88.3344837,60156,Active,5
Tobacco & Liquor  (289492),"2450 U.S. 12, Spring Grove, IL, USA",42.4376726,-88.2450465,60081,Inactive,0
Range View Liquors (988191),"11350 Huron Street, Northglenn, CO, USA",39.902459,-104.9960703,80234,Active,81
Friendly Food & Liquor (856205),"1821 South Cedar Lake Road, Round Lake, IL, USA",42.3147875,-88.0968307,60073,Inactive,0
Argonaut Wine and Liquor (357708),"760 East Colfax Avenue, Denver, CO, USA",39.7396485,-104.9778773,80203,Inactive,0
Foremost Liquors - Arcadia (711332),"3301 West North Avenue, Chicago, IL, USA",41.9098723,-87.7098022,60647,Active,132
Pioneer Food & Liquor (Pioneer food & Liquo - 508572),"3959 West Armitage Avenue, Chicago, IL, USA",41.9170603,-87.7264164,60647,Inactive,0
HWY 120 WINE & SPIRITS (799356),"5200 Dallas Highway, Powder Springs, GA, USA",33.9417747,-84.7031441,30127,Active,200
Golden Ox Liquors & Wine (St. Augustine - 570213),"2451 S US Hwy 1, St. Augustine, FL, USA",29.8533946,-81.3246411,32086,Inactive,0
Oakbrook Food & Liquor (850272),"17 14th Street, Oakbrook Terrace, IL, USA",41.8565933,-87.9745407,60181,Active,137
Winery Liquors (967834),"17851 West Colfax Avenue, Golden, CO, USA",39.7205736,-105.2010612,80401,Active,24
Aurora Wine and Liquor (224984),"7450 South Gartrell Road, Aurora, CO, USA",39.5814808,-104.7221989,80016,Active,225
Clark's Liquor (291795),"1750 Clark Avenue, Long Beach, CA, USA",33.7888878,-118.1335085,90815,Inactive,0
South Academy Liquor Mart (683369),"1705 South Academy Boulevard, Colorado Springs, CO, USA",38.8065882,-104.7570529,80916,Inactive,0
Ardmore station liquors 2 (662416),"332 Ardmore Avenue, Villa Park, IL, USA",41.8829741,-87.9793004,60181,Inactive,0
Cardinal Wine & Spirits (945538),"1721 West Golf Road, Mount Prospect, IL, USA",42.0475258,-87.9618315,60056,Active,11
Hody Lane Liquor Store (597767),"5201 Pacific Coast Highway, Long Beach, CA, USA",33.7828468,-118.132132,90804,Inactive,0
Bonnie Brae Liquor (196965),"785 South University Boulevard, Denver, CO, USA",39.7023392,-104.9597407,80209,Inactive,0
SB Wine and Spirit (430230),"1509 Irving Park Road, Hanover Park, IL, USA",42.0042984,-88.1409614,60133,Active,5
Dogwood Wine & Spirits Superstore (O'Fallon - 363470),"2601 State Highway K, O'Fallon, MO, USA",38.7734273,-90.7018686,63368,Inactive,0
Paradise Liquor (807441),"1860 Sandy Plains Road, Marietta, GA, USA",33.9944042,-84.5082219,30066,Inactive,0
Green Street Wines & Liquor (146785),"1197 Green Street, Woodbridge Township, NJ, USA",40.572588,-74.3182005,08830,Inactive,0
Depot Package (614032),"4280 Lawrenceville Highway, Lilburn, GA, USA",42.679172,-89.0372647,30047,Inactive,443
Family Wine & Liquor (891658),"18707 Dixie Highway, Homewood, IL, USA",41.5494221,-87.664645,60430,Inactive,0
MJ Liquor Wine & Beer (156802),"3209 Broad Street, Chattanooga, TN, USA",35.018541,-85.3221938,37408,Inactive,0
Bells Ferry Liquor (610096),"4290 Bells Ferry Road, Kennesaw, GA, USA",34.0547624,-84.5546503,30144,Inactive,0
J&R Liquor (352598),"2049 South Kelly Street, Chattanooga, TN, USA",35.0187961,-85.2797244,37404,Active,159
Coastal Spirits (931074),"107 South Godley Station Boulevard, Pooler, GA, USA",32.1317838,-81.257691,31322,Inactive,0
Rossville Bottle Shop (202028),"4409 Rossville Boulevard, Chattanooga, TN, USA",34.9917881,-85.2908062,37407,Inactive,0
Galleria Market (244872),"340 West Superior Street, Chicago, IL, USA",41.895743,-87.6375056,60654,Inactive,0
400 Package (624340),"45 Heath Road, Dawsonville, GA, USA",34.4143087,-83.9940839,30534,Active,20
Canton Package (676800),"1769 Canton Road, Marietta, GA, USA",33.9941368,-84.5273409,30066,Active,1
Beverage Warehouse (490848),"499 Old Richmond Rd, Port Wentworth, GA, USA",32.1986429,-81.194859,31407,Active,110
Beverage Warehouse (#2 - 605189),"277 Sea Island Parkway, Beaufort, SC, USA",32.4069967,-80.6342221,29907,Inactive,0
Country Club Package (366867),"4575 Forsyth Road, Macon, GA, USA",32.872714,-83.705839,31210,Active,623
J&R Liquor & Food (248153),"2401 North Ashland Avenue, Chicago, IL, USA",41.9253048,-87.6679716,60614,Inactive,0
Blue Moon Package Store (205171),"2238 Pio Nono Avenue, Macon, GA, USA",32.819588,-83.6623782,31206,Inactive,0
Express Package (616373),"701 Eisenhower Parkway, Macon, GA, USA",32.8143986,-83.6483091,31206,Inactive,0
Korner Package Store (747237),"5990 Fairburn Road, Douglasville, GA, USA",33.7507861,-84.7290242,30134,Active,182
Pinewood Party Store (473077),"1408 Fort Street, Lincoln Park, MI, USA",42.2554316,-83.1733456,48146,Inactive,0
Beverage City (663133),"1451 Virginia Avenue, Atlanta, GA, USA",33.6596074,-84.4365288,30344,Inactive,0
Illini Liquor (300194),"2402 East Oakland Avenue, Bloomington, IL, USA",40.4740446,-88.9568828,61701,Inactive,0
The Winery II (398082),"2101 Savoy Drive, Chamblee, GA, USA",33.9195021,-84.3029817,30341,Active,99
Peachtree Liquor (999021),"2750 Buford Highway, Duluth, GA, USA",34.0069755,-84.1301558,30096,Active,179
Quick Stop Fenton (534573),"1091 Gravois Road, Fenton, MO, USA",38.4966547,-90.4769628,63026,Active,2
Barrel Blends Wine and Spirits (Bridgeton - 751565),"12133 Saint Charles Rock Road, Bridgeton, MO, USA",38.7507945,-90.4251668,63044,Active,16
Pina Wine & Spirits (Lakewood - 629060),"815 Northeast Lakewood Boulevard, Lee's Summit, MO, USA",39.0037228,-94.3597647,64064,Inactive,0
Pina Wine & Spirits (Holmes - 902627),"13101 Holmes Road, Kansas City, MO, USA",38.8893306,-94.5854841,64145,Inactive,2
Pina Wine & Spirits (Lotawana - 335019),"27900 East Colbern Road, Lee's Summit, MO, USA",38.9437991,-94.2579414,64086,Inactive,0
Pina Wine & Spirits (Liberty 291 - 502231),"826 Route 291, Liberty, MO, USA",39.2380094,-94.4345106,64068,Inactive,1
Pina Wine & Spirits (Raymore - 929965),"1240 West Foxwood Drive, Raymore, MO, USA",38.8125165,-94.4768431,64083,Inactive,1
Xpress Liquor (219171),"5630 Texas 78, Sachse, TX, USA",32.9740491,-96.5981318,75048,Inactive,0
King Richard's Wine and Spirits (481670),"3311 Franklin Street, Michigan City, IN, USA",41.6923561,-86.8942707,46360,Inactive,0
ZJ's Pantry Plus Liquors (450992),"699 North Wolf Road, Des Plaines, IL, USA",42.0658464,-87.9070079,60016,Active,7
Mike's Liquor & Tobacco (255977),"7108 Mannheim Road, Rosemont, IL, USA",42.0083229,-87.8870572,60018,Inactive,13
Pik N Go Liquor (490153),"276 Glen Ellyn Road, Bloomingdale, IL, USA",41.9426524,-88.0624618,60108,Active,9
Boni Liquor (890492),"136 Tyler Creek Plaza, Elgin, IL, USA",42.060343,-88.3143818,60123,Inactive,0
Onestop Wine & Spirits (762736),"3215 Irvin Cobb Drive, Paducah, KY, USA",37.0529833,-88.5698838,42003,Active,13
DJay Liquors (440621),"93 Taunton Street, Plainville, MA, USA",42.0323052,-71.3106705,02762,Inactive,0
DJay Liquors (176428),"93 Taunton Street, Plainville, MA, USA",42.0323052,-71.3106705,02762,Active,31
Temple Liquors (976088),"42 Temple Street, Whitman, MA, USA",42.0801198,-70.9388669,02382,Active,144
Temple Beer Wine (525308),"826 Crescent Street, Brockton, MA, USA",42.0819978,-70.9851894,02302,Inactive,0
Joe Canal's Highstown (963958),"500 Mercer Street, Hightstown, NJ, USA",40.2638172,-74.5356595,08520,Active,81
Beverage Castle (365855),"3096 Cypress Gardens Road, Winter Haven, FL, USA",27.9964304,-81.6821742,33884,Inactive,0
Garden City Package Shop (605448),"4304 Augusta Road, Savannah, GA, USA",32.1045393,-81.1500739,31408,Active,388
Buy Rite Liquors - Parlin (Parlin - 660203),"2909 Washington Road, Sayreville, NJ, USA",40.4673328,-74.3127153,08859,Active,56
Buy Rite Old Bridge (OldBridge rt 9 - 305812),"2285 U.S. 9, Old Bridge, NJ, USA",40.4099935,-74.3048775,08857,Inactive,0
Buy Rite Liquor of Old Bridge (Englishtown - 147318),"1274 Englishtown Road, Old Bridge, NJ, USA",40.3933793,-74.3590304,08857,Active,2
Wine Emporium (371597),"1205 Richmond Avenue, Point Pleasant Beach, NJ, USA",40.0851762,-74.0493282,08742,Inactive,0
Super Saver (Somerville - 222088),"888 U.S. 22, Somerville, NJ, USA",40.5806132,-74.6153839,08876,Inactive,0
Paddock Liquors Buy Rite Liquors (422384),"145 Monmouth Road, West Long Branch, NJ, USA",40.2946603,-74.0322754,07764,Inactive,0
Foremost Liquors (Schaumburg - 329180),"1050 South Roselle Road, Schaumburg, IL, USA",42.0086903,-88.0803851,60193,Active,69
Whitman Liquors (282869),"682 Bedford Street, Whitman, MA, USA",42.0791782,-70.9477837,02382,Active,35
Harbor Liquors (923856),"904 New Jersey 35, Old Bridge, NJ, USA",40.4571262,-74.2477135,08879,Inactive,0
Oakton Liquors (737542),"919 East Oakton Street, Des Plaines, IL, USA",42.0234928,-87.9012241,60018,Inactive,0
WINE BARREL Discount (730928),"211 North White Horse Pike, Laurel Springs, NJ, USA",39.822245,-74.9964434,08021,Inactive,0
Highland Liquors (147682),"464 North Franklin Street, Holbrook, MA, USA",34.029882,-84.755919,02343,Inactive,313
Side Door Liquors (Side Door - 215143),"1579 West McIntosh Road, Griffin, GA, USA",33.2748115,-84.2950658,30223,Inactive,1
Circus Liquor - Sylmar (448162),"13130 Foothill Boulevard, Los Angeles, CA, USA",34.2981399,-118.4207143,91342,Inactive,0
Circus Liquor (579843),"5600 Vineland Avenue, Los Angeles, CA, USA",34.1724395,-118.3698971,91601,Inactive,0
Circus Liquor & Market (609772),"7561 Laurel Canyon Boulevard, Los Angeles, CA, USA",34.2081743,-118.3968587,91605,Inactive,0
Circus Liquor - Arleta (198056),"13426 Osborne Street, Los Angeles, CA, USA",34.2422383,-118.4254232,91331,Inactive,0
Circus Liquor - Santa Clarita (250784),"16416 Delone Street, Santa Clarita, CA, USA",34.4240845,-118.4227224,91387,Inactive,0
Bruton Liquor (925239),"2518 West Bruton Road, Mesquite, TX, USA",32.7486315,-96.6367296,75180,Active,19
Ottomanelli's Liquor Store (723051),"422 Monroe Street, Hoboken, NJ, USA",31.4519141,-83.5248364,07030,Inactive,309
Lawrel Hill Beverage (223464),"101 Little Neck Road, Savannah, GA, USA",32.0030327,-81.2474463,31419,Inactive,0
West Cobb Wine and Spirits (176580),"2500 Dallas Highway, Marietta, GA, USA",33.9481468,-84.625347,30066,Inactive,0
Discount Liquors - South Bend (South Bend - 254315),"1119 North Bendix Drive, South Bend, IN, USA",42.7073636,-88.9561015,46628,Inactive,285
Berrien Springs Liquor & Party Store (306615),"9513 Old 31, Berrien Springs, MI, USA",41.9481042,-86.326926,49103,Active,11
The Cellar (104292),"212 North Missouri Street, Macon, MO, USA",39.7398175,-92.4648943,63552,Inactive,0
Xpress Mart (200726),"1023 East Jefferson Street, Kirksville, MO, USA",40.1932494,-92.572548,63501,Active,11
The Wine & Cheese Place (672551),"10451 Manchester Road, Kirkwood, MO, USA",38.6007425,-90.4006845,63122,Inactive,0
Jay's Fresh Market (160266),"1550 Mannheim Road, Stone Park, IL, USA",41.8999879,-87.8840475,60165,Inactive,0
Super Mercado Jerry (683135),"1642 South Cicero Avenue, Cicero, IL, USA",41.8570426,-87.7448264,60804,Inactive,0
The Candyshot Boutique Liquor (129285),"4107 South Broadway, Englewood, CO, USA",39.6418585,-104.9880495,80113,Inactive,0
R & S Wines and Spirits (330863),"1311 Saint Nicholas Avenue, New York, NY, USA",40.8459896,-73.9364823,10033,Inactive,0
Northlake Liquor (223727),"38 North Avenue, Northlake, IL, USA",41.9075573,-87.9016394,60164,Inactive,14
Batavia Shell (586685),"200 East Fabyan Parkway, Batavia, IL, USA",41.8660939,-88.305858,60510,Inactive,0
Downers Grow BP (461178),"1200 75th Street, Downers Grove, IL, USA",41.7514605,-88.0132236,60516,Inactive,0
Village Spirit (920234),"100 Moonlight Lane, Pooler, GA, USA",32.0804866,-81.282349,31322,Active,34
Port City Spirit (529765),"6 Magnolia Boulevard, Port Wentworth, GA, USA",32.213632,-81.1988198,31407,Inactive,0
Foxfield Wine & Spirits (Libations - 327924),"16350 East Arapahoe Road, Foxfield, CO, USA",39.5937788,-104.7985226,80016,Active,62
Depot Package (301264),"738 Pio Nono Avenue, Macon, GA, USA",32.8401229,-83.661929,31204,Inactive,0
M&K Market (963982),"11321 La Mirada Boulevard, Whittier, CA, USA",33.9279224,-118.0123188,90604,Inactive,0
Extra Value Wine & Liquor (292916),"2370 South Eola Road, Aurora, IL, USA",41.7116966,-88.253458,60503,Active,257
Norton's Liquors (162951),"2451 Massachusetts Avenue, Cambridge, MA, USA",42.3985563,-71.1312278,02140,Inactive,0
Liquor Warehouse (725883),"52 South Plaza Way, Cape Girardeau, MO, USA",37.3055367,-89.5473294,63703,Inactive,0
Liquor Warehouse (128703),"52 South Plaza Way, Cape Girardeau, MO, USA",37.3055367,-89.5473294,63703,Inactive,0
Highland Farm (537741),"194 South Worcester Street, Norton, MA, USA",41.9457958,-71.2037114,02766,Inactive,0
Englewood Wine & Spirits (896262),"2709 South Broadway, Englewood, CO, USA",39.6672329,-104.9880883,80113,Inactive,0
Lila Wine & Spirits (558973),"2405 75th Street, Woodridge, IL, USA",41.7490827,-88.0412184,60517,Inactive,0
Powers Liquor Mart (282431),"5847 Palmer Park Boulevard, Colorado Springs, CO, USA",38.8545197,-104.7182228,80915,Inactive,0
Express Liquors - Shorewood (820844),"700 West Jefferson Street, Shorewood, IL, USA",41.5228767,-88.2056626,60431,Active,148
Home Run Liquor & Food Store (855604),"106 East Main Street, Round Lake Park, IL, USA",42.3495534,-88.0807521,60073,Active,236
Valero Dairy Mart - China Express (612833),"5529 James Avenue, Fort Worth, TX, USA",32.6663406,-97.344705,76115,Inactive,0
Forrest Hill Liquors (439219),"2009 West Forrest Hill Avenue, Peoria, IL, USA",40.7255927,-89.6250509,61604,Inactive,0
Z-1 Liquor (353139),"6620 Columbus Road, Lizella, GA, USA",32.803984,-83.7696261,31052,Active,5
Market Square Liquors (#11 - 512275),"3511 North Monroe Street, Tallahassee, FL, USA",30.4946017,-84.3245466,32303,Inactive,39
Tonic Liquor (713183),"4701 49th Street North, St. Petersburg, FL, USA",27.8148778,-82.6995795,33709,Inactive,0
Snow Hill Wine & Spirits (283055),"5958 Snow Hill Road, Ooltewah, TN, USA",35.0909284,-85.0649497,37363,Inactive,0
A to Z Liquors (321336),"1312 West Tennessee Street, Tallahassee, FL, USA",30.4489415,-84.303765,32304,Inactive,0
Market Liquor (AP - 321696),"1231 Apalachee Parkway, Tallahassee, FL, USA",30.4361638,-84.2629398,32301,Active,28
Market Liquor (Bannerman - 210037),"3441 Bannerman Road, Tallahassee, FL, USA",30.5623513,-84.2204492,32312,Active,4
Spear It Liquor & Lounge (368005),"1416 West Tennessee Street, Tallahassee, FL, USA",30.4499047,-84.30596,32304,Active,14
Market Liquor (Monroe - 830875),"1700 North Monroe Street, Tallahassee, FL, USA",40.609176,-73.922438,32303,Inactive,222
Market Liquors (SO - 258847),"5032 Capital Circle Southwest, Tallahassee, FL, USA",30.3724574,-84.292239,32305,Inactive,0
Market Square Liquors (West - 234216),"1440 Capital Circle Northwest, Tallahassee, FL, USA",30.4616927,-84.3616395,32303,Active,0
Market Liquors (Oakridge - 569431),"1783 Oak Ridge Road East, Tallahassee, FL, USA",30.3211739,-84.2493974,32305,Inactive,0
Lacasam Liquors (228242),"2801 North Monroe Street, Tallahassee, FL, USA",30.4812624,-84.3030821,32303,Inactive,0
Half-Time Liquors (LB - 755480),"1362 Lake Bradford Road, Tallahassee, FL, USA",30.4293802,-84.3028149,32304,Inactive,0
Half Time Liquors (PC - 757153),"2101 West Pensacola Street, Tallahassee, FL, USA",30.4402552,-84.3197512,32304,Active,44
Market Liquors (928920),"10 Preston Circle, Crawfordville, FL, USA",30.2108831,-84.3652063,32327,Inactive,0
Market Liquors (Crawfordville - 296998),"10 Preston Circle, Crawfordville, FL, USA",30.2108831,-84.3652063,32327,Inactive,0
R Liquor Store (534730),"2763 Georgia 54, Peachtree City, GA, USA",33.3973469,-84.6012146,30269,Inactive,0
East Brainerd Wine & Spirits (229825),"7804 East Brainerd Road, Chattanooga, TN, USA",35.0080599,-85.1540938,37421,Inactive,0
7 Star Liquor (816726),"502 E Avenue Northwest, Cedar Rapids, IA, USA",41.9781303,-91.6803044,52405,Inactive,0
Package Depot (776780),"7895 Senoia Road, Fairburn, GA, USA",33.5407378,-84.577563,30213,Active,57
Barrel Blends Wine and Spirits (Affton - 561438),"9325 Gravois Road, Affton, MO, USA",38.5542678,-90.3189239,63123,Active,21
Thunder Ridge Ampride (870309),"2425 White Tail Drive, Cedar Falls, IA, USA",42.5404223,-92.4751948,50613,Inactive,0
Third Street Liquors & Wines (444342),"455 3rd Street, Niagara Falls, NY, USA",43.0900099,-79.0591784,14301,Active,4
Royal Liquors (157670),"214 South Royal Street, Jackson, TN, USA",35.6127109,-88.8132199,38301,Inactive,0
Harry's Wine & Spirits (704953),"705 Signal Mountain Road, Chattanooga, TN, USA",35.098639,-85.3289687,37405,Inactive,0
Stockyards Liquor & Wine (676089),"2424 Northeast 28th Street, Fort Worth, TX, USA",32.7948132,-97.3259821,76106,Active,13
Crown Liquor (597061),"613 South Main Street, Smiths Grove, KY, USA",37.044869,-86.213496,42171,Inactive,0
74 Package (833895),"5451 Thomaston Road, Macon, GA, USA",32.8344076,-83.7389274,31220,Active,380
Aces Liquor & Bar (123088),"3109 Bordentown Avenue, Sayreville, NJ, USA",40.4505718,-74.3143259,08859,Inactive,0
Star Package Store (538131),"5065 Old National Highway, College Park, GA, USA",33.6171229,-84.4732599,30349,Active,164
Cobb Liquor Store (830517),"1405 Cobb Parkway Southeast, Marietta, GA, USA",33.9180404,-84.5007723,30060,Inactive,10
Jordan's Package Store (788973),"263 Commerce Lane, Ball Ground, GA, USA",34.3474983,-84.3793659,30107,Inactive,0
Riley's Wine & Spirits (633008),"4818 Hixson Pike, Chattanooga, TN, USA",35.1267948,-85.2464497,37343,Inactive,0
Kountry Liquors (462215),"8127 Albany Highway, Dawson, GA, USA",31.7184592,-84.3480382,39842,Inactive,0
Pioppis Liquors (884428),"183 Court Street, Plymouth, MA, USA",41.9651417,-70.6754955,02360,Inactive,0
Texan Liquor Store (124348),"10132 South Texas 6, Sugar Land, TX, USA",29.6669709,-95.6440773,77498,Inactive,0
Orion 1 Liquor (442464),"13354 Jones Road, Houston, TX, USA",29.9685297,-95.5840055,77070,Active,45
Lakeview Food Basket (925481),"4710 Clarkston Road, Clarkston, MI, USA",42.7641724,-83.3392725,48348,Inactive,0
Dekalb Package (758655),"3711 North Decatur Road, Decatur, GA, USA",33.7852637,-84.2430676,30032,Inactive,0
21 Package Store (774773),"6147 U.S.278 Northwest, Covington, GA, USA",33.6045518,-83.8738589,30014,Inactive,0
Lakeside Liquor (979802),"1733 West John Beers Road, Stevensville, MI, USA",42.014691,-86.4958841,49127,Active,0
Dodge City Liquors (685002),"7968 East Brainerd Road, Chattanooga, TN, USA",35.0047395,-85.1525056,37421,Inactive,3
Red Hot Liquors (814069),"1708 Wildwood Avenue Southeast, Cleveland, TN, USA",35.1421406,-84.8720414,37311,Active,115
Trickum Wine & Spirits (945942),"3333 Trickum Road, Woodstock, GA, USA",34.0904127,-84.4836769,30188,Active,157
G Town Wine & Spirits (330758),"2325 Georgetown Road Northwest, Cleveland, TN, USA",35.1832754,-84.8860113,37311,Inactive,0
Harry's Wine & Spirits 2 (300473),"5200 North Lee Highway, Cleveland, TN, USA",35.216923,-84.828142,37312,Inactive,0
Yesteryears Discount Liquors (938647),"214 North Highland Avenue, Baltimore, MD, USA",39.2954331,-76.5700073,21224,Inactive,0
Max's Bottle Shop (320504),"6395 McGinnis Ferry Road, Johns Creek, GA, USA",34.0681163,-84.1716886,30005,Inactive,0
Amigo Liquor Beer & Wine (278770),"1247 Woodhaven Boulevard, Fort Worth, TX, USA",32.7618145,-97.2391075,76112,Inactive,0
Pit Stop Liquors (970167),"1405 Saint Augustine Road, Valdosta, GA, USA",30.8472733,-83.3340163,31602,Active,10
Liquor & Wine World (1 - 572749),"2603 North Pleasantburg Drive, Greenville, SC, USA",34.8872737,-82.3876911,29609,Inactive,0
Liquor & Wine World (3 - 149910),"1301 West Wade Hampton Boulevard, Greer, SC, USA",34.9410857,-82.2593482,29650,Inactive,0
Liquor & Wine World (459475),"5151 Pelham Road, Greenville, SC, USA",34.8563345,-82.252068,29615,Inactive,0
Montevallo Liquor (604811),"8052 Alabama 155, Montevallo, AL, USA",33.077548,-86.8253504,35115,Inactive,0
Discount Liquors (868368),"1648 State Road, Cheraw, SC, USA",34.7002335,-79.9297668,29520,Inactive,0
Total Beverage (850258),"8644 East Brainerd Road, Chattanooga, TN, USA",34.9991598,-85.1339845,37421,Inactive,0
Sierra Liquor (497559),"1302 Pin Oak Road, Katy, TX, USA",29.7712114,-95.818288,77494,Inactive,0
R Liquor Store (540375),"2763 Georgia 54, Peachtree City, GA, USA",33.3973469,-84.6012146,30269,Inactive,0
Chicago Dreams Food & Liquor (367053),"2352 Glenwood Avenue, Joliet, IL, USA",41.52912,-88.139776,60435,Active,19
The Cellar Wine & Spirits (500316),"2851 Lone Oak Road, Paducah, KY, USA",37.0395391,-88.6620259,42001,Inactive,0
Sam's Liquors (549402),"10945 State Bridge Road, Alpharetta, GA, USA",34.0504141,-84.2232689,30022,Active,23
Sam's Liquors 2 (796171),"6623 Roswell Road, Sandy Springs, GA, USA",33.9352115,-84.3773272,30328,Active,0
Elite Liquor & Wine (933299),"4100 Jiles Road, Kennesaw, GA, USA",34.047713,-84.6104434,30144,Active,32
Party Package Store (217829),"739 Franklin Gateway Southeast, Marietta, GA, USA",33.9343946,-84.5025488,30067,Active,7
Country Liquors (732630),"411 West Main Street, Northborough, MA, USA",42.3048864,-71.6674608,01532,Inactive,0
Rocky Mountain Liquors (582182),"1500 Watson Boulevard, Warner Robins, GA, USA",32.6186337,-83.625901,31093,Active,19
Tiverton Liquor Store (559338),"65 Main Road, Tiverton, RI, USA",41.6713079,-71.185238,02878,Inactive,0
ELXR Wine and Spirits (360686),"640 Inman Street West, Cleveland, TN, USA",35.1626568,-84.8818964,37311,Active,50
Liquid Assets Fine Wine & Spirits (818722),"995 Pontiac Avenue, Cranston, RI, USA",41.757919,-71.4457588,02920,Inactive,0
Liquor World Of Richmond (648860),"237 Eastern Bypass, Richmond, KY, USA",37.7372112,-84.3189987,40475,Inactive,0
Gary Liquor and Food (854496),"361 North Gary Avenue, Carol Stream, IL, USA",41.9115403,-88.1200056,60188,Active,5
Golf Liquors & Wine (222678),"510 West Golf Road, Schaumburg, IL, USA",42.0492606,-88.0925562,60195,Inactive,4
"Craft Brews - Fine Wine, Craft Beer, Cigars (542582)","7500 Stacy Road, McKinney, TX, USA",33.1527384,-96.7164757,75070,Active,10
Wildcat Package Store (819026),"1301 Manchester Expressway, Columbus, GA, USA",32.5073799,-84.9739317,31904,Inactive,0
Golden Liquor (304442),"500 South Greenwood Street, LaGrange, GA, USA",33.0341954,-85.0360404,30240,Active,256
Brady Liquor (257848),"1516 Commercial Street, Weymouth, MA, USA",42.2160157,-70.9221502,02189,Inactive,0
Bevda's Wine & Spirits (899934),"18405 South Halsted Street, Glenwood, IL, USA",41.5554037,-87.6358293,60425,Active,13
Ocean Bluff Packet (837172),"555 Ocean Street, Marshfield, MA, USA",42.0977863,-70.6532583,02050,Active,14
Shelby Liquor (398667),"1732 Midland Trail, Shelbyville, KY, USA",38.2123202,-85.2437032,40065,Active,11
Jackansons (185247),"1921 Ocean Street, Marshfield, MA, USA",42.0916609,-70.7064762,02050,Inactive,2
Mr K's Wines & Spirits (815839),"980 Boylston Street, Newton, MA, USA",42.3181482,-71.2114226,02459,Active,17
Plymouth Liquor Mart (239823),"285 Court Street, Plymouth, MA, USA",41.9720818,-70.6822325,02360,Active,32
Duxbury Package Store (962219),"277 Saint George Street, Duxbury, MA, USA",42.0487818,-70.6865747,02332,Active,15
Turnpike Liquors (617530),"166 Boston Turnpike, Shrewsbury, MA, USA",42.2747143,-71.7472019,01545,Inactive,0
Super Mart (701746),"1151 North Main Street, Randolph, MA, USA",42.1951067,-71.0604088,02368,Inactive,0
Main St Mini Mart (825570),"104 Main Street, Winchester, NH, USA",42.7724806,-72.3845037,03470,Inactive,0
Kings Package Store (228954),"464 Windsor Street Southwest, Atlanta, GA, USA",33.7423017,-84.3978133,30312,Inactive,0
Boni Liquor (873018),"136 Tyler Creek Plaza, Elgin, IL, USA",42.060343,-88.3143818,60123,Active,31
Tara Package (391701),"8525 Tara Boulevard, Jonesboro, GA, USA",33.5220698,-84.3641513,30236,Inactive,0
Minks Package (389363),"2565 Delk Road, Marietta, GA, USA",33.9229155,-84.477467,30067,Inactive,0
Save Max Liquor (786979),"1728 Ogden Avenue, Downers Grove, IL, USA",41.8085434,-88.0278044,60515,Active,37
Darien Pantry (475582),"737 Plainfield Road, Darien, IL, USA",41.7529193,-87.9631902,60561,Active,78
Sid's Package Store (359966),"258 Platt Avenue, West Haven, CT, USA",41.2609588,-72.9641304,06516,Inactive,0
Victor Liquor Store (783214),"4101 Kentucky 146, La Grange, KY, USA",38.3847325,-85.4371671,40031,Inactive,0
Dundee Food & Liquors (882930),"11 West Dundee Road, Wheeling, IL, USA",42.1391572,-87.9162701,60090,Inactive,0
Fiorentino's Liquors (528031),"123 Ferry Street, Everett, MA, USA",42.4082359,-71.0461089,02149,Active,32
The Grove Wine and Spirits (672157),"1841 Walnut Grove Parkway, Covington, GA, USA",33.7454383,-83.8447159,30014,Active,226
Groton Liquors (465214),"591 Connecticut 12, Groton, CT, USA",41.3778428,-72.0758304,06340,Inactive,0
USA Package Store (271245),"1116 West Avenue Southwest, Conyers, GA, USA",33.6673543,-84.0243911,30012,Active,67
Cloverleaf Liquors (975934),"4447 Manslick Road, Louisville, KY, USA",38.1828286,-85.7994946,40216,Active,8
Island Spirit (406687),"444 Johnny Mercer Boulevard, Savannah, GA, USA",32.0174315,-80.9783006,31410,Active,6
Topline Spirits (336400),"3714 Eisenhower Parkway, Macon, GA, USA",32.8153145,-83.6992366,31206,Active,121
Wilmette Market (259687),"3534 Lake Avenue, Wilmette, IL, USA",42.079834,-87.7633026,60091,Inactive,0
Lovejoy Package (258994),"2160 Talmadge Road, Hampton, GA, USA",33.4325769,-84.3212248,30228,Active,507
Beverage City (334035),"1451 Virginia Avenue, College Park, GA, USA",33.6596074,-84.4365288,30337,Active,118
Three Oaks Wine & Spirits (945599),"2525 East Pinetree Boulevard, Thomasville, GA, USA",30.8488719,-83.9488569,31792,Active,235
Star Liquor - Kissimmee (698011),"1111 West Oak Street, Kissimmee, FL, USA",28.3012563,-81.4154585,34741,Inactive,0
Three Oaks Wine & Spirits (913321),"2525 East Pinetree Boulevard, Thomasville, GA, USA",30.8488719,-83.9488569,31792,Inactive,0
Beverage Warehouse 2 (#2 - 629712),"277 Sea Island Parkway, Beaufort, SC, USA",32.4069967,-80.6342221,29907,Inactive,0
Hanson Market & Liquors (754280),"12 Monponsett Street, Hanson, MA, USA",42.0423868,-70.8542466,02341,Active,69
Madison Package Store (234138),"2603 Madison Highway, Valdosta, GA, USA",30.7848353,-83.2699641,31601,Active,8
Hilltop Liquor Warehouse (565008),"10850 U.S. 280, Ellabell, GA, USA",32.1797317,-81.461336,31308,Inactive,0
Hilltop Liquor Warehouse (Hilltop Liquor - 247082),"10850 U.S. 280, Ellabell, GA, USA",32.1797317,-81.461336,31308,Active,9
Shamrock Wines & Liquors (547219),"5995 Broadway, Bronx County, NY, USA",40.8902653,-73.8983805,10471,Active,69
South Amboy Discount Wine & Liquor (517745),"346 Bordentown Avenue, South Amboy, NJ, USA",40.4781571,-74.2828269,08879,Active,10
Billy's Liquors (728159),"760 Brockton Avenue, Abington, MA, USA",42.0935762,-70.9682908,02351,Active,214
Medford Liquor & Market (803093),"18 High Street, Medford, MA, USA",42.4180636,-71.1105242,02155,Active,24
Bobby's Liquor Warehouse (687460),"879 East Geneva Road, Carol Stream, IL, USA",41.8894197,-88.0936253,60188,Active,2
Otis & Lee Liquors (528295),"1026 Waukegan Road, Northbrook, IL, USA",42.1335426,-87.8219302,60062,Active,34
Lombard Liquors (162029),"420 22nd Street, Lombard, IL, USA",41.8452528,-88.0248913,60148,Active,27
(To be deleted)Darien Liquor (600523),"8125 South Cass Avenue, Darien, IL, USA",41.7403839,-87.9720114,60561,Inactive,0
Kuhn Food & Liquor (889124),"590 Kuhn Road, Carol Stream, IL, USA",41.9176306,-88.1406906,60188,Inactive,0
Cherry Hill Spirits (584340),"101 Haddonfield-Berlin Road, Cherry Hill, NJ, USA",39.8928996,-75.0216904,08034,Inactive,0
Watch City Wine & Spirits (705776),"411 Waverley Oaks Road, Waltham, MA, USA",42.3873701,-71.2011523,02452,Active,31
"Burton's Liquor, Fine Wine & Craft Beer (689332)","355 Washington Street, Newton, MA, USA",42.3568049,-71.188056,02458,Active,12
Liquorama (214183),"386 Belleville Turnpike, Kearny, NJ, USA",40.7780122,-74.1317407,07032,Active,21
Liquor City (170387),"481 Washington Avenue, Belleville, NJ, USA",40.7971411,-74.1488546,07109,Active,92
Two Natives Liquor (704256),"2738 Palmer Park Boulevard, Colorado Springs, CO, USA",38.8546383,-104.7767214,80909,Inactive,0
Bald Eagle Wine and Spirits (745368),"1572 Rand Road, Des Plaines, IL, USA",42.0475207,-87.8849197,60016,Inactive,0
Midtown Liquor (151911),"1600 South Babcock Street, Melbourne, FL, USA",28.0834804,-80.6219315,32901,Active,67
Coastal Spirits (940366),"101 South Godley Station Boulevard, Pooler, GA, USA",32.1317573,-81.2576265,31322,Active,8
Port City Spirit (221554),"6 Magnolia Boulevard, Port Wentworth, GA, USA",33.7235501,-84.7686457,31407,Inactive,217
A1A Liquor (261150),"12555 Collier Boulevard, Naples, FL, USA",26.1985389,-81.6878632,34116,Inactive,18
Hilltop Liquor (772065),"4490 Riverside Drive, Macon, GA, USA",32.9142078,-83.7053328,31210,Active,102
Hwy 155 package (533181),"3430 North McDonough Road, Locust Grove, GA, USA",33.335738,-84.1766443,30248,Inactive,0
Atlanta Package (853999),"3268 Buford Highway Northeast, Atlanta, GA, USA",33.8419487,-84.3304307,30329,Active,33
Premium Wine & Liquor (178118),"11435 West Palmetto Park Road, Boca Raton, FL, USA",26.3496499,-80.2298876,33428,Active,8
Chansky's Super Market (585105),"161 Sutherland Road, Boston, MA, USA",42.3411566,-71.1467547,02135,Active,13
First United Market & Liquor (929095),"271 Brookline Street, Cambridge, MA, USA",42.3575733,-71.1080634,02139,Inactive,0
First United Market & Liquor (409133),"271 Brookline Street, Cambridge, MA, USA",42.3575733,-71.1080634,02139,Inactive,23
Oldenburg Liquor Store (489875),"22183 Main Street, Oldenburg, IN, USA",39.340694,-85.2060603,47036,Active,4
Westlake Wine & Beer (163753),"10442 Auto Park Avenue, Bethesda, MD, USA",39.028767,-77.1452713,20817,Active,4
Royal Liquor Store (192662),"4305 State Bridge Road, Alpharetta, GA, USA",34.0573012,-84.2350504,30022,Inactive,0
B&P Smoke & Spirit (530728),"2316 East Rand Road, Arlington Heights, IL, USA",42.0963738,-87.9548842,60004,Inactive,5
Rockton Food & Spirits (912996),"121 West Main Street, Rockton, IL, USA",41.6899443,-86.2938289,61072,Inactive,213
Fine Food & Liquor (655422),"3642 North Ashland Avenue, Chicago, IL, USA",41.9482804,-87.6692681,60613,Inactive,0
Shell Five Forks (536121),"5414 Five Forks Trickum Road Southwest, Lilburn, GA, USA",33.8405522,-84.1305003,30047,Inactive,0
Court House Corner (800209),"1106 Washington Avenue, Washington Court House, OH, USA",39.5398987,-83.4256234,43160,Active,0
Waukegan Citgo (545149),"3201 North Lewis Avenue, Waukegan, IL, USA",42.4104227,-87.8544894,60087,Inactive,0
Victory Wine & Liquors (449213),"1989 Victory Boulevard, Richmond County, NY, USA",40.6127481,-74.1301939,10314,Active,31
Warehouse Liquors (177224),"255 West Line Street, Calhoun, GA, USA",34.5062469,-84.9548381,30701,Inactive,0
Pooler Package (752958),"503 U.S. 80, Pooler, GA, USA",32.1182135,-81.2559435,31322,Active,114
VIP Liquor & Wine (864598),"3958 Richmond Avenue, Richmond County, NY, USA",40.5415653,-74.1630464,10312,Inactive,0
Save Dollar Wine & Liquor (450696),"2040 Forest Avenue, Richmond County, NY, USA",40.6252992,-74.1558104,10303,Active,4
T & A Discount Liquor (171439),"439 Convery Boulevard, Perth Amboy, NJ, USA",40.5191475,-74.2836317,08861,Inactive,0
Payless Liquor (682661),"1041 Elizabeth Avenue, Elizabeth, NJ, USA",40.6612629,-74.2089042,07201,Inactive,0
DEV Liquors (Dev Liquors - 900138),"9730 Dorchester Road, Summerville, SC, USA",32.9481247,-80.1547639,29485,Active,9
Trolley Mart (513198),"428 Old Trolley Road, Summerville, SC, USA",32.9853063,-80.1771749,29485,Active,0
Fast Point (227140),"5581 County Road S-18-200, Saint George, SC, USA",33.1872834,-80.5769711,29477,Inactive,0
Zip-N-Package Store (846500),"2726 Ogeechee Road, Savannah, GA, USA",32.0578506,-81.1211788,31405,Inactive,21
Buy Low Liquor & Food (451699),"1628 West Lawrence Avenue, Chicago, IL, USA",41.9690556,-87.6706726,60640,Inactive,4
Dan's Package Store (219054),"8529 Roswell Road, Sandy Springs, GA, USA",33.9873229,-84.3505775,30350,Inactive,0
Boulder Beer & Liquor Emporium (648303),"4700 Table Mesa Drive, Boulder, CO, USA",39.9845766,-105.2391919,80305,Active,24
Strawberry Package (707464),"3272 U.S. 52, Moncks Corner, SC, USA",33.0594854,-80.0346155,29461,Inactive,0
Choice Beverage (327280),"4600 Eldorado Parkway, McKinney, TX, USA",33.1733055,-96.6776533,75070,Active,20
Camp Creek World Of Beverages (633067),"3780 Princeton Lakes Parkway, Atlanta, GA, USA",33.657487,-84.5117781,30344,Active,455
Best Royal Liquor (216227),"11023 Old Telephone Road, Houston, TX, USA",29.6322473,-95.2857615,77075,Inactive,1
HISTORIC DISTRICT (HD WINE AND SPIRITS - 924252),"470 South Atlanta Street, Roswell, GA, USA",34.0110177,-84.3627177,30075,Inactive,0
HISTORIC DISTRICT (HD WINE AND SPIRITS - 308513),"470 South Atlanta Street, Roswell, GA, USA",34.0110177,-84.3627177,30075,Inactive,0
HISTORIC DISTRICT (HD WINE AND SPIRITS - 600805),"470 South Atlanta Street, Roswell, GA, USA",34.0110177,-84.3627177,30075,Inactive,0
Wilton Discount Liquors (634727),"2105 Northeast 5th Avenue, Wilton Manors, FL, USA",26.1546177,-80.1404449,33305,Active,3
HD Wine and Spirits (370586),"470 South Atlanta Street, Roswell, GA, USA",34.0110177,-84.3627177,30075,Inactive,0
HD Wine Spirits (725265),"470 South Atlanta Street, Roswell, GA, USA",34.0110177,-84.3627177,30075,Inactive,0
Georgia World Of Beverage (237608),"8455 Senoia Road, Fairburn, GA, USA",33.5268416,-84.577202,30213,Active,265
Arbor Place Beverage (830097),"7455 Douglas Boulevard, Douglasville, GA, USA",40.3479498,-74.3090703,30135,Inactive,163
Cheers Bottle Shop (393460),"2591 Georgia 54, Peachtree City, GA, USA",33.3992265,-84.5880591,30269,Inactive,0
Grape Leaf Fine Wines and Spirits (750684),"7340 East 29th Avenue, Denver, CO, USA",39.7579139,-104.9024411,80238,Active,38
Dry Harbor Wine & Spirits (546193),"6474 Dry Harbor Road, Queens County, NY, USA",40.7181029,-73.8726578,11379,Inactive,0
Beachview Wine & Liquor (373070),"2650 Beach Boulevard, Biloxi, MS, USA",30.3940544,-88.9932786,39531,Inactive,0
Tropical Wine & Spirits (483152),"243b U.S. 1, Tequesta, FL, USA",26.957538,-80.084078,33469,Active,10
Liquor Island (712677),"2703 Preston Highway, Louisville, KY, USA",38.2112747,-85.7399242,40217,Inactive,0
TO BE DELETED (665860),"548 Vanderbilt Avenue, Richmond County, NY, USA",40.6131615,-74.0870827,10304,Inactive,0
Concord Liquor Store (626292),"548 Vanderbilt Avenue, Richmond County, NY, USA",40.6131615,-74.0870827,10304,Active,12
Imperial Wine And Spirits (508450),"620 12th Street Northwest, Washington, DC, USA",38.8980522,-77.0282299,20005,Inactive,0
Imperial Wine and Spirits (Connecticut - 609707),"1033 Connecticut Avenue Northwest, Washington, DC, USA",38.9034605,-77.0394216,20036,Inactive,0
Top Gun Liquor (553488),"1871 Watson Boulevard, Warner Robins, GA, USA",32.6178337,-83.6402157,31093,Inactive,0
Pop's Liquors (205730),"314 West Sylvania Avenue, Neptune City, NJ, USA",40.2051133,-74.0450216,07753,Active,147
z_Error (842616),"1069 U.S. 9, Old Bridge, NJ, USA",40.4484022,-74.2949657,08857,Inactive,0
Liquor City - Old Bridge (525590),"1069 U.S. 9, Old Bridge, NJ, USA",40.4484022,-74.2949657,08857,Active,118
Liquor Zone (597782),"58 Broadway, Newark, NJ, USA",40.751969,-74.1705005,07104,Inactive,0
Home Wines & Liquors (#75 - 267937),"75 Saddle River Avenue, Garfield, NJ, USA",40.8631353,-74.0986323,07026,Inactive,1
Home Wines & Liquors (#209 - 396459),"209 Main Street, City of Orange, NJ, USA",40.7713367,-74.2268742,07050,Inactive,1
Home Wines & Liquors (#224 - 638679),"224 Elizabeth Avenue, Newark, NJ, USA",40.7153338,-74.1915914,07108,Inactive,0
Bilancio Liquors (#255 - 195510),"255 Hamilton Avenue, Trenton, NJ, USA",40.2143479,-74.7521684,08609,Inactive,2
Firehouse Liquors (536745),"273 Park Avenue, Newark, NJ, USA",40.7594469,-74.1871812,07107,Inactive,0
Home Wines & Marketplace (#280 - 196369),"280 U.S. 9, Marlboro, NJ, USA",40.3412493,-74.3055879,07751,Inactive,0
Bridgeview Liquors (#300 - 681673),"300 New Jersey 440, Bayonne, NJ, USA",40.6582299,-74.1178012,07002,Inactive,135
Pre Game Liquors (281769),"355 West Saint Georges Avenue, Linden, NJ, USA",40.6326192,-74.2683984,07036,Inactive,5
Verona Wine Cellar (471553),"360 Bloomfield Avenue, Verona, NJ, USA",40.8286335,-74.2396854,07044,Inactive,0
Home Wines & Liquors (#480 - 993367),"480 Market Street, Newark, NJ, USA",40.7322458,-74.1582513,07105,Inactive,0
M & D Liquors (835287),"501 South Clinton Avenue, Trenton, NJ, USA",40.2138933,-74.754245,08611,Inactive,3
The Wine Guys (721518),"517 Bloomfield Avenue, Montclair, NJ, USA",33.4131439,-84.5616384,07042,Inactive,126
Home Wines & Liquors (#520 - 945559),"520 Main Street, East Orange, NJ, USA",40.7669086,-74.2170154,07018,Inactive,12
Home Wines & Liquors (#593 - 299881),"593 Main Avenue, Passaic, NJ, USA",40.8592022,-74.1249517,07055,Inactive,0
Home Wines & Marketplace (#601 - 612881),"601 U.S. 206, Hillsborough Township, NJ, USA",40.5005046,-74.6437029,08844,Inactive,5
Home Wines & Liquors (#641 - 506881),"641 Springfield Avenue, Newark, NJ, USA",40.7301987,-74.2099993,07103,Inactive,10
Home Wines & Liquors (#773 - 505231),"773 South Orange Avenue, Newark, NJ, USA",40.7452884,-74.2195684,07106,Inactive,3
Super Discount Liquors (160356),"825 Rahway Avenue, Elizabeth, NJ, USA",40.6548305,-74.2332852,07202,Inactive,1
Home Wines & Liquors (#927 - 209544),"927 Franklin Avenue, Newark, NJ, USA",40.7811573,-74.1750492,07107,Inactive,1
G's Liquor (627863),"997 Kings Highway, West Deptford, NJ, USA",39.8175881,-75.1924775,08086,Inactive,19
Home Wines & Liquors (#1201 - 968191),"1201 East Saint Georges Avenue, Roselle, NJ, USA",40.6479351,-74.2484566,07203,Inactive,1
Home Wines & Liquors (#1277 - 690641),"1277 Springfield Avenue, Irvington, NJ, USA",40.7243392,-74.2416385,07111,Inactive,12
Luis Liquors (274314),"1317 Liberty Avenue, Hillside, NJ, USA",40.69827,-74.2321015,07205,Inactive,0
Triangle Liquors (652700),"1406 Burnett Avenue, Union, NJ, USA",40.7111914,-74.2819095,07083,Inactive,0
Home Wines & Liquors (#1850 - 881143),"1850 Morris Avenue, Union, NJ, USA",40.694691,-74.2635534,07083,Inactive,1
Home Wines & Liquors (#2001 - 247924),"2001 89th Street, North Bergen, NJ, USA",40.812587,-74.0123095,07047,Inactive,3
Home Wines & Liquors (#2275 - 531031),"2275 West County Line Road, Jackson Township, NJ, USA",40.1268089,-74.2735014,08527,Inactive,7
Home Wines & Liquors (#2401 - 227508),"2401 U.S. 22, Union, NJ, USA",40.6911539,-74.2978877,07083,Inactive,2
Caggiano Liquors (159696),"65 Glenridge Avenue, Montclair, NJ, USA",40.8099807,-74.2091356,07042,Inactive,1
Wine Mart Liquors (182929),"200 Ewingville Road, Ewing Township, NJ, USA",40.264076,-74.7590242,08638,Active,120
Home Wines & Liquors (#800 - 730567),"800 Denow Road, Pennington, NJ, USA",40.3009704,-74.7823475,08534,Active,197
Bridgewater Wine & Spirits (880918),"573 Union Avenue, Bridgewater Township, NJ, USA",40.568598,-74.5645364,08807,Active,7
Jillys Liquors ((732) 356-1022 - 682581),"657 Lincoln Boulevard, Middlesex, NJ, USA",40.5727183,-74.4932153,08846,Inactive,7
D&D Smoke & Spirits (941380),"1405 East Palatine Road, Arlington Heights, IL, USA",42.1092038,-87.965472,60004,Inactive,0
Krauszer Liquor Wine & Spirits (640551),"714 Hamburg Turnpike, Pompton Lakes, NJ, USA",40.9937507,-74.2821309,07442,Active,34
Country Farms (106778),"87 Division Avenue, Long Hill, NJ, USA",40.6710859,-74.5222924,07946,Inactive,0
Xpress Mart (306215),"107 Egg Harbor Road, Washington Township, NJ, USA",39.7823323,-75.1010065,08080,Inactive,0
Convenient Food Mart (833905),"1520 Madison Avenue, Painesville, OH, USA",41.7260922,-81.1966399,44077,Inactive,0
Rose City Liquor (122813),"84 Main Street, Madison, NJ, USA",40.7583186,-74.4140515,07940,Inactive,0
Country Farms (424103),"91 Makefield Road, Morrisville, PA, USA",40.2011469,-74.8215619,19067,Inactive,0
Maple Liquors (242490),"356 Main Street, East Orange, NJ, USA",40.762017,-74.2118505,07018,Inactive,0
Whooppee Discount Liquor & Wine (935397),"194 Van Winkle Avenue, Garfield, NJ, USA",40.8739499,-74.1044227,07026,Active,6
Forest Dairy Deli & Liquor (180362),"10 Spring Dell, Rutherford, NJ, USA",40.8270098,-74.1040146,07070,Inactive,0
Weehawken Liquor (602132),"3500 Park Avenue, Weehawken, NJ, USA",40.7709804,-74.0224863,07086,Inactive,0
Keyport Liquor (952660),"56 Broad Street, Keyport, NJ, USA",40.4371996,-74.201997,07735,Inactive,0
Pine Creek Liquors (950551),"394 New Jersey 31, West Amwell Township, NJ, USA",40.3947282,-74.8427042,08551,Inactive,0
Ray's Deli & Liquor (753844),"153 Sterling Avenue, Jersey City, NJ, USA",40.7071073,-74.0927093,07305,Inactive,0
Speedy Mart (715586),"1175 Liberty Avenue, Hillside, NJ, USA",40.6942728,-74.2355368,07205,Inactive,0
City Liquor (326229),"640 North High Street, Millville, NJ, USA",39.4034961,-75.0393652,08332,Inactive,0
Blue Ribbon Wine Liquor and Beer (852883),"450 1st Street, Hoboken, NJ, USA",40.7387407,-74.0374253,07030,Inactive,0
Bombolon Liquor & Grocery (701638),"192 East 16th Street, Paterson, NJ, USA",40.9312354,-74.1539713,07524,Active,0
Dawn Bottle & Spirits (789984),"1020 Pennington Road, Ewing Township, NJ, USA",40.2409115,-74.7753565,08618,Inactive,0
Gordon's Corner Spirits (577509),"350 U.S. 9, Englishtown, NJ, USA",40.3120985,-74.3035732,07726,Inactive,0
Michael's Liquors (698230),"622 West Maple Avenue, Merchantville, NJ, USA",39.9486943,-75.063259,08109,Inactive,0
Red Circle Liquors (892075),"2301 Federal Street, Camden, NJ, USA",39.9460017,-75.0913993,08105,Inactive,0
Elberton Package (455313),"409 Elbert Street, Elberton, GA, USA",34.1080019,-82.857512,30635,Inactive,0
"Krauszer's Food & Liquor, Deli (299908)","40 Meadowlands Parkway, Secaucus, NJ, USA",40.7934958,-74.0697132,07094,Active,238
Joe Canal's Discount Liquor Outlet (955751),"316 Rues Lane, East Brunswick, NJ, USA",40.4182287,-74.4108604,08816,Active,13
Gray's Wine & Liquor (444156),"2559 Nottingham Way, Hamilton Township, NJ, USA",40.2343545,-74.6941302,08619,Inactive,0
Wine World Outlet (628534),"10 Haddonfield-Berlin Road, Voorhees Township, NJ, USA",39.8594337,-74.9887352,08043,Inactive,0
Wayne Liquor Locker (551344),"598 Valley Road, Wayne, NJ, USA",40.9319884,-74.2267233,07470,Inactive,0
Fornaro's Wines and Spirits (889097),"175 North Broadway, Pennsville Township, NJ, USA",39.6642242,-75.510135,08070,Inactive,0
Ridgefield Park Liquor and Deli (534403),"284 Teaneck Road, Ridgefield Park, NJ, USA",40.8535486,-74.0198447,07660,Inactive,0
Burlington Bar and Liquors (967811),"1106 Sunset Road, Burlington, NJ, USA",40.049309,-74.879953,08016,Inactive,0
Discount Liquor Warehouse (959947),"1611 Asbury Avenue, Asbury Park, NJ, USA",40.2235813,-74.0258597,07712,Inactive,0
M&M Wine & Spirits (489394),"429 Market Street, Elmwood Park, NJ, USA",40.8992823,-74.11153,07407,Inactive,0
One Stop Wine & Liquors (175936),"592 Ridge Road, North Arlington, NJ, USA",40.7976832,-74.1263452,07031,Inactive,0
City Line Liquors (542888),"955 Frelinghuysen Avenue, Newark, NJ, USA",40.6894035,-74.2036479,07114,Inactive,0
Rt 40 Liquor (460987),"389 Harding Highway, Pittsgrove, NJ, USA",39.5986225,-75.155587,08318,Inactive,0
King's Liquor Outlet (865396),"542 Berlin - Cross Keys Road, Berlin, NJ, USA",39.7527073,-74.9848147,08009,Inactive,0
Connecticut Wine & Liquor (712224),"1071 King Street, Greenwich, CT, USA",41.0497757,-73.684312,06831,Inactive,0
Wine & Food Mart (124455),"589 Anderson Avenue, Cliffside Park, NJ, USA",40.8243685,-73.9890404,07010,Inactive,0
Garden Wine & Liquor Store (380248),"300 Harrison Avenue, Lodi, NJ, USA",40.8759164,-74.0957637,07644,Inactive,0
Town House Liquors & Wine (217067),"115 Watchung Avenue, Montclair, NJ, USA",40.830503,-74.2056485,07043,Active,45
Rocky's Liquors (556897),"330 Mulberry Street, Trenton, NJ, USA",40.2375958,-74.7402007,08638,Inactive,0
West End Liquors (289743),"212 Prospect Street, Trenton, NJ, USA",40.2299797,-74.7744364,08618,Inactive,0
Carter Liquor (507748),"199 Oakland Street, Trenton, NJ, USA",40.2368301,-74.7788595,08618,Inactive,0
Dawn Bottle Liquor (499725),"1020 Pennington Road, Ewing Township, NJ, USA",40.2409115,-74.7753565,08618,Inactive,2
Ashmont Market & Liquor (653778),"630 Adams Street, Boston, MA, USA",42.2881633,-71.055116,02122,Active,156
Quality Liquors (469207),"267 South Orange Avenue, Newark, NJ, USA",40.7392924,-74.1948663,07103,Inactive,10
Midtown Liquors (NJ - 118749),"274 Broadway, Paterson, NJ, USA",40.9184792,-74.1631223,07501,Active,0
Bottle Liquor Store (256210),"550 Lexington Avenue, Clifton, NJ, USA",40.8792555,-74.134382,07011,Inactive,0
Allen Liquor (116219),"209 McBride Avenue, Paterson, NJ, USA",40.9113518,-74.1837797,07501,Inactive,0
Spirits Of Troy (380999),"75 Ferry Street, Troy, NY, USA",42.7278107,-73.6905535,12180,Active,243
King Of Liquor (592541),"291 North Lee Street, Forsyth, GA, USA",33.0416697,-83.9377896,31029,Active,151
Colonial Fine Wines (780980),"235 US Highway 202 206, Bedminster, NJ, USA",40.6467239,-74.6408081,07921,Inactive,0
South River Spirits (119487),"700 Old Bridge Turnpike, South River, NJ, USA",40.4624404,-74.4026607,08882,Inactive,0
High Spirits Package Store (530112),"5425 Wendy Bagwell Parkway, Hiram, GA, USA",33.8866845,-84.7379487,30141,Active,189
D & M Package Store (290982),"595 Ralph David Abernathy Boulevard Southwest, Atlanta, GA, USA",33.7379209,-84.4070109,30312,Active,0
Liquor Lot (812632),"1200 Winchester Road, Lexington, KY, USA",38.0423587,-84.4606357,40505,Active,6
Saver's Club Liquor Locker (152852),"1665 Oak Tree Road, Edison, NJ, USA",40.5704564,-74.3403335,08820,Inactive,0
Lake Wine & Liquor (577194),"342 Lake Avenue, Bristol, CT, USA",41.6564311,-72.9234132,06010,Inactive,0
Pooler Spirits Warehouse (901590),"1032 U.S. 80, Pooler, GA, USA",32.1230359,-81.2658262,31322,Inactive,0
Sam's Package Shop (814009),"5630 Ogeechee Road, Savannah, GA, USA",32.0353426,-81.2176304,31405,Inactive,0
Yogini's Liquor Shop (132002),"6870 North Atlantic Avenue, Cape Canaveral, FL, USA",28.3794056,-80.6052193,32920,Inactive,0
Cheers Wine Market & Spirits (283270),"1095 East 9 Mile Road, Pensacola, FL, USA",30.531952,-87.2423726,32514,Active,44
M&J Liquor Tobacco Beer (784209),"3603 Dayton Boulevard, Chattanooga, TN, USA",35.1148497,-85.2935445,37415,Inactive,0
San Marcos Wine & Spirits (435089),"1450 West Mission Road, San Marcos, CA, USA",33.1508411,-117.1918181,92069,Inactive,0
Branded Barrel (912476),"521 County Road 6, Elkhart, IN, USA",41.7238618,-85.9716733,46514,Active,84
Meadowland Wine & Liquor ((201) 438-0660 - 788448),"280 Valley Boulevard, Wood-Ridge, NJ, USA",40.8515095,-74.084467,07075,Inactive,0
Meadowland Wine & Liquor (879508),"280 Valley Boulevard, Wood-Ridge, NJ, USA",40.8515095,-74.084467,07075,Inactive,0
Allentown Wine & Liquors (874677),"3 North Main Street, Allentown, NJ, USA",40.1777229,-74.5839942,08501,Inactive,0
Nebo Package Store (721057),"8110 Nebo Road, Hiram, GA, USA",33.86528,-84.7635241,30141,Active,34
Liquor Plus (904827),"1015 South Broadway, East Providence, RI, USA",41.8129393,-71.3710408,02914,Inactive,0
Liquor Land (558264),"442 Smithfield Avenue, Providence, RI, USA",41.8580647,-71.4111592,02904,Inactive,0
Bill's Liquors (186678),"672 Main Street, Coventry, RI, USA",41.7238233,-71.5343285,02816,Active,15
Laurito's Liquors (336994),"1974 Mineral Spring Avenue, North Providence, RI, USA",41.8595342,-71.4710688,02904,Inactive,0
Pro's Liquors (452143),"266 Mendon Road, Woonsocket, RI, USA",42.014727,-71.4804023,02895,Inactive,0
Warehouse Liquors (766142),"373 North Main Street, Woonsocket, RI, USA",42.0105882,-71.5139039,02895,Inactive,0
Bloomfield Buyrite (290998),"35 Lackawanna Place, Bloomfield, NJ, USA",40.7933533,-74.1997218,07003,Inactive,0
Rice Hope Liquors (785348),"7938 Georgia 21, Port Wentworth, GA, USA",32.2219615,-81.1933764,31407,Inactive,0
Maple Wine N Spirits (532796),"124 Maple Avenue, South Plainfield, NJ, USA",40.5817926,-74.4131366,07080,Inactive,8
Bolsa Liquor (535235),"8901 Williamsburg Avenue, Westminster, CA, USA",33.7509837,-117.9735901,92683,Inactive,0
Lotus Liquors (904564),"3970 Jimmy Lee Smith Parkway, Hiram, GA, USA",33.8932289,-84.7619641,30141,Inactive,0
Foremost Liquors (Carpentersville - 752082),"91 South Kennedy Drive, Carpentersville, IL, USA",42.1193208,-88.2572408,60110,Inactive,0
Harrys 66 Liquor (554160),"110 West Gallatin Street, Vandalia, IL, USA",38.960417,-89.090939,62471,Inactive,0
Spirited Spin Liquor Shop (174048),"3945 West Eau Gallie Boulevard, Melbourne, FL, USA",28.1225455,-80.6909293,32934,Active,72
ABC - Augusta (456223),"3441 Wrightsboro Road, Augusta, GA, USA",33.4673065,-82.0823331,30909,Active,208
Newton Package (587481),"9197 U.S. 278, Covington, GA, USA",33.5989419,-83.8304393,30014,Inactive,0
Nizzie Package (659015),"1902 Chattanooga Road, Dalton, GA, USA",34.7960836,-84.995752,30720,Inactive,0
Lo Lo Liquor (858466),"506 North Houston Road, Warner Robins, GA, USA",32.6250843,-83.6411607,31093,Active,727
US 1 Package Store (718545),"1923 Wesley Chapel Road, Decatur, GA, USA",33.7341327,-84.214223,30035,Inactive,0
Ace Liquors (262279),"585 Franklin Gateway Southeast, Marietta, GA, USA",33.9386199,-84.506204,30067,Inactive,8
Legacy Liquors (980489),"1000a East Blackstock Road, Moore, SC, USA",34.9092628,-81.9823292,29369,Inactive,0
Borderline Discount Liquor (605627),"860 North Main Street, West Bridgewater, MA, USA",42.0428443,-71.0113659,02379,Active,13
Prime Fine Spirit and Cigar (926346),"5500 Abercorn Street, Savannah, GA, USA",32.023691,-81.1089192,31405,Inactive,0
Scant's Corner (639680),"1000 Martha Berry Boulevard Northeast, Rome, GA, USA",34.2631085,-85.1799824,30165,Inactive,0
Beverage World Package Store (742961),"6731 Peachtree Industrial Boulevard, Doraville, GA, USA",33.9282608,-84.2694291,30360,Active,6
Royal Palm Liquor (111768),"1109 Royal Palm Beach Boulevard, Royal Palm Beach, FL, USA",26.7067109,-80.2318915,33411,Active,9
Scant's Corner (272093),"1000 Martha Berry Boulevard Northeast, Rome, GA, USA",34.2631085,-85.1799824,30165,Active,20
Crescent Liquors (472822),"712 Crescent Street, Brockton, MA, USA",42.0819597,-70.9899723,02302,Active,233
501 Wine and Spirits (180750),"1501 Harry Thomas Way Northeast, Washington, DC, USA",38.9121299,-77.0014995,20002,Inactive,0
Richmond Hill Liquor (356449),"9701 Ford Avenue, Richmond Hill, GA, USA",31.9535399,-81.3135433,31324,Active,137
Foodmart Liquors (664038),"46 Hollis Street, Framingham, MA, USA",42.2755803,-71.4166957,01702,Active,11
Post Road Pantry (531317),"21 Boston Post Road East, Marlborough, MA, USA",42.3516731,-71.5302019,01752,Inactive,4
Discount Liquors and Bar (Saddle Brook - 905558),"606 Midland Avenue, Garfield, NJ, USA",40.8843874,-74.1003227,07026,Active,10
El Patron (589494),"2260 South Cicero Avenue, Cicero, IL, USA",41.8497054,-87.7446229,60804,Inactive,1
The Liquor Shed (Lyndhurst - 638660),"740 Ridge Road, Lyndhurst, NJ, USA",40.799338,-74.1247622,07071,Active,22
The Liquor Shed (South Amboy - 946112),"467 South Pine Avenue, South Amboy, NJ, USA",40.4696489,-74.2777416,08879,Inactive,2
Moonachie Liquors (176810),"46 Moonachie Road, Moonachie, NJ, USA",40.8423528,-74.0452576,07074,Inactive,0
Cork Keg & Liquors Yorkville (488951),"302 North Bridge Street, Yorkville, IL, USA",41.6465528,-88.4456503,60560,Inactive,0
Juno Beach Liquors (964432),"13977 U.S. 1, Juno Beach, FL, USA",26.8810834,-80.0573124,33408,Active,16
Best One Liquor (579611),"322 Florida Avenue Northwest, Washington, DC, USA",38.9135113,-77.0159861,20001,Inactive,0
Liquor Wine Outlet (889158),"778 Park Avenue, Bloomfield, CT, USA",41.8293341,-72.7322353,06002,Inactive,0
Quick Stop Liquors (649754),"46 East Grand Avenue, Fox Lake, IL, USA",42.3973794,-88.180013,60020,Inactive,0
Delight Food Mart (884689),"179 Chalk Road, Rockingham, NC, USA",34.8959599,-79.7489311,28379,Inactive,0
Arena Liquor Store (649740),"3101 South Providence Road, Columbia, MO, USA",38.9166188,-92.3355685,65203,Inactive,0
Mitchell Z Liquors (666407),"11 West Park Avenue, Merchantville, NJ, USA",39.9510405,-75.0494758,08109,Inactive,0
F&M Liquors (260835),"307 Warren Street, Beverly, NJ, USA",40.0652691,-74.9197583,08010,Inactive,0
Liquor Stop (Arleen's Liquors) (102238),"321 Broadway, Passaic, NJ, USA",40.8555673,-74.1361724,07055,Active,2
Broadway Wine & Liquors (967281),"62 Broadway, Passaic, NJ, USA",40.8600888,-74.1282759,07055,Inactive,0
Liquor Land (129610),"1 Hessian Avenue, West Deptford, NJ, USA",39.8520335,-75.1435258,08096,Inactive,0
Paper Mills Liquors (739827),"364 Possum Park Road, Newark, DE, USA",39.7152913,-75.7387228,19711,Active,21
Bee Back Liquor (217536),"2301 Gillionville Road, Albany, GA, USA",31.5848886,-84.2047804,31707,Active,98
Kearny Plaza Discount Liquor (272020),"190 Passaic Avenue, Kearny, NJ, USA",40.7597131,-74.1597094,07032,Inactive,0
McDermott Beer and Wine (769447),"2033 West McDermott Drive, Allen, TX, USA",33.0989848,-96.7321201,75013,Active,0
Main Liquors (780259),"533 Main Street, South Amboy, NJ, USA",40.4791819,-74.2894619,08879,Active,5
JB's Wine & Spirits (213983),"202 South Illinois Avenue, Oak Ridge, TN, USA",36.0074191,-84.2629056,37830,Active,156
Carhart Wines and Liquors (881363),"343 Mamaroneck Avenue, White Plains, NY, USA",41.024704,-73.763014,10605,Inactive,0
Fancy Liquor & Bar (232052),"121 Sivley Road, Hopkinsville, KY, USA",36.8275475,-87.4752165,42240,Inactive,0
Micco Discount Beverage (411535),"5675 Micco Road, Sebastian, FL, USA",27.8799954,-80.5027297,32976,Inactive,0
Big Bend Liquor (768920),"3620 Big Bend Boulevard, Maplewood, MO, USA",38.6014555,-90.3254134,63143,Active,27
Eldridge Mart (604302),"209 East Le Claire Road, Eldridge, IA, USA",41.654342,-90.581458,52748,Active,10
GD Xpress (512442),"4607 North Pine Street, Davenport, IA, USA",41.5675587,-90.6098028,52806,Inactive,0
Hampton Mart (380258),"238 South State Avenue, Hampton, IL, USA",41.5469165,-90.4150217,61256,Inactive,0
Heaven Liquors (783334),"3700 Park Avenue, Weehawken, NJ, USA",40.7722856,-74.0216043,07086,Inactive,2
BuzzzRite Liquors (446032),"269 U.S. 46, Little Ferry, NJ, USA",40.8550906,-74.0425248,07643,Active,31
Harmony Liquors (870650),"150 North Bedford Street, East Bridgewater, MA, USA",42.0379723,-70.9577914,02333,Active,22
Lyon's Liquors (207310),"188 Ferry Street, Malden, MA, USA",42.4237355,-71.063473,02148,Active,22
Jay's Wine & Spirits (743937),"77 Commercial Street, Malden, MA, USA",42.4246774,-71.0746198,02148,Inactive,0
Tanya Wine & Liquors (157758),"303 Rockaway Turnpike, Lawrence, NY, USA",40.6248628,-73.7362444,11559,Inactive,0
Signature Wine & Spirits (467843),"564 Hopmeadow Street, Simsbury, CT, USA",41.863003,-72.8094248,06070,Inactive,0
Hopewell House Wines & Liquors (733132),"48 West Broad Street, Hopewell, NJ, USA",40.3877819,-74.7650942,08525,Active,180
Elliott Package and WIne (491156),"7430 Elliott Family Parkway, Dawsonville, GA, USA",34.5111688,-84.2270153,30534,Inactive,0
Village Knoll Deli & Spirit (910550),"107 West Main Street, Millbury, MA, USA",42.1796363,-71.7711357,01527,Inactive,0
Sunny's Liquors (787033),"35 Plainfield Street, Providence, RI, USA",41.8166586,-71.4446954,02909,Inactive,0
Johnny's Liquor Store (117815),"5770 Harris Street, Austell, GA, USA",41.6794575,-86.2050838,30106,Inactive,117
Preet Liquors (949345),"1035 Little Britain Road, New Windsor, NY, USA",41.4860552,-74.0929436,12553,Inactive,0
Pemberton Farms (792513),"2225 Massachusetts Avenue, Cambridge, MA, USA",42.3940148,-71.1252997,02140,Inactive,0
Princeton Wine Company (585119),"25 New Jersey 31, Pennington, NJ, USA",40.3251133,-74.7983695,08534,Inactive,0
Lion's Beverage Express (107262),"1722 West Wise Road, Schaumburg, IL, USA",42.0044908,-88.1225036,60193,Active,7
In and Out Liquors (Melbourne - 848869),"1775 North Wickham Road, Melbourne, FL, USA",28.1362237,-80.6712951,32935,Active,31
In and Out Liquors (#1734 Melb. Us-1 - 461246),"1734 North Harbor City Boulevard, Melbourne, FL, USA",28.1350319,-80.633472,32935,Active,21
OC Liquor (421473),"14520 Magnolia Street, Westminster, CA, USA",33.7517846,-117.9717712,92683,Inactive,0
Lyons Den Liquor (694603),"5332 Dtc Boulevard, Greenwood Village, CO, USA",39.6182465,-104.8894112,80111,Active,5
Redbank Wine & Spirits (889897),"3849 Dayton Boulevard, Chattanooga, TN, USA",35.1187689,-85.2911007,37415,Active,41
Davids Friendly Market (Davids Friendly - 524350),"543 32nd Street, San Diego, CA, USA",32.7114836,-117.1251111,92102,Inactive,0
North Lake Liquor (736865),"1230 Dawsonville Highway, Gainesville, GA, USA",34.3042777,-83.859406,30501,Active,72
Plaza Liquors (442137),"212 Garfield Avenue, Cranston, RI, USA",41.7942899,-71.4432734,02920,Inactive,0
The Tap House Liquor Shop (416820),"6015 Lynmark Way, Fairburn, GA, USA",33.5943177,-84.6400608,30213,Active,31
Ace Spirits (575324),"4 Shady Oak Road, Minnetonka, MN, USA",44.923837,-93.4277251,55343,Inactive,0
Wandering Spirits (829706),"3435 U.S. 169, Plymouth, MN, USA",45.0201803,-93.4014768,55441,Inactive,0
Cotton Patch Quick Stop (280041),"168 South Cromartie Street, Hazlehurst, GA, USA",31.8560631,-82.6058517,31539,Active,1
Liquor Mart (699503),"126 Ridge Road, North Arlington, NJ, USA",40.7853413,-74.1353978,07031,Inactive,0
Four Seasons Wine & Liquors (552719),"793 Williams Street, Longmeadow, MA, USA",42.0552412,-72.5547874,01106,Active,42
Chickasaw Liquors & Wine (586303),"2176 South Chickasaw Trail, Orlando, FL, USA",28.5116395,-81.2701546,32825,Inactive,0
Railroad Package (536479),"1410 Gornto Road, Valdosta, GA, USA",30.8593609,-83.3177789,31602,Active,7
Freshco Grocery & Deli (574029),"97 Stanton Street, New York, NY, USA",40.7212236,-73.98817,10002,Inactive,0
Lottery Mart (327701),"2126 West Algonquin Road, Lake in the Hills, IL, USA",42.1760679,-88.3274875,60156,Inactive,0
Arena Liquor Store (595610),"208 Corporate Lake Drive, Columbia, MO, USA",38.8953691,-92.3366895,65203,Inactive,0
Arena Wine & Spirits (796458),"515 Scott Boulevard, Columbia, MO, USA",38.9504401,-92.4007433,65203,Inactive,0
Sohal Wine & Spirits (463129),"1627 1st Street Northwest, Washington, DC, USA",38.9118513,-77.0119371,20001,Active,26
Bridge Discount Liquor (421012),"32 Washington Road, Sayreville, NJ, USA",40.4548738,-74.3682335,08872,Active,383
Liquor Warehouse (267312),"300-306 Passaic Avenue, East Newark, NJ, USA",40.7495893,-74.164067,07029,Active,499
Frank's Liquor Store (761858),"429 Belmont Avenue, Haledon, NJ, USA",40.9376212,-74.1850996,07508,Active,98
Holiday Spirits (302213),"6005 North Oak Street Extension, Valdosta, GA, USA",30.8895856,-83.2720291,31605,Active,32
HK LIQUORS 1 (882933),"1790 North Olden Avenue, Ewing Township, NJ, USA",40.248964,-74.7712501,08638,Active,20
HK LIQUORS 3 (373300),"1873 North Olden Avenue, Ewing Township, NJ, USA",40.249914,-74.7785467,08638,Active,15
East West Package (593307),"1025 East-West Connector, Austell, GA, USA",33.8559254,-84.5834631,30106,Active,87
HK BAR ON SPRUCE STREET (682578),"2325 Spruce Street, Trenton, NJ, USA",40.2579221,-74.7619126,08638,Inactive,0
Candid Wine & Spirit (217328),"494 Washington Avenue, North Haven, CT, USA",41.4149187,-72.8406411,06473,Active,4
Galaxy Spirits Liquors (861431),"715 State Route 96, Bonaire, GA, USA",32.5551703,-83.6555968,31005,Active,123
Coasters Liquors - DC (461915),"3614 Georgia Avenue Northwest, Washington, DC, USA",38.934619,-77.0245662,20010,Inactive,0
Crown Bottle Shop (656865),"741 Townpark Lane, Kennesaw, GA, USA",34.0359989,-84.5721394,30144,Inactive,0
The Wine Concierge (781172),"3521 V Street Northeast, Washington, DC, USA",38.9181702,-76.9585559,20018,Inactive,0
Batch Mead (830089),"42225 Remington Avenue, Temecula, CA, USA",33.5151479,-117.1794692,92590,Inactive,0
Shapham Liquors (521790),"490 Mamaroneck Avenue, White Plains, NY, USA",41.0222854,-73.7595302,10605,Active,10
Broadway Plaza Liquor (151164),"418 Broadway, Albany, NY, USA",42.6484031,-73.7510522,12207,Inactive,0
Coasters Liquors - MA (155026),"75 Canal Street, Boston, MA, USA",42.3641373,-71.0594433,02114,Inactive,0
Smitty's Liquor (196223),"1265 Lakes Boulevard, Lake Park, GA, USA",30.6813056,-83.221221,31636,Active,136
Southside Liquor (598680),"804 Madison Highway, Valdosta, GA, USA",30.82133,-83.2753107,31601,Active,6
1941 Package (715089),"2004 North Expressway, Griffin, GA, USA",33.2873849,-84.2911038,30223,Active,57
Griffin Liquor (171847),"1003 West Taylor Street, Griffin, GA, USA",33.2475637,-84.278527,30223,Inactive,2
TO BE DELETED (771255),"1003 West Taylor Street, Griffin, GA, USA",33.2475637,-84.278527,30223,Inactive,0
Liquor Loft (355083),"2541 Bemiss Road, Valdosta, GA, USA",41.558259,-87.636634,31602,Inactive,90
Liquor Barn (559555),"3990 North Valdosta Road, Valdosta, GA, USA",41.6971662,-86.2205743,31602,Inactive,73
Cartersville Beverage Co (823741),"10 Felton Place, Cartersville, GA, USA",34.19642,-84.7932232,30120,Inactive,98
Cartersville Beverage Company Westside (670864),"831 West Avenue, Cartersville, GA, USA",34.1569137,-84.8199176,30120,Inactive,0
Big Time Beverages (776821),"20 Apex Drive Southeast, Cartersville, GA, USA",34.20622,-84.800277,30121,Inactive,0
Quality Liquor Store (180738),"209 Tennessee 68, Sweetwater, TN, USA",35.5989363,-84.5113608,37874,Active,23
East Avenue Beverage (816980),"1001 East Avenue, Cedartown, GA, USA",34.0144719,-85.2418346,30125,Inactive,0
Texas Tonka Liquor (740005),"8242 Minnetonka Boulevard, St. Louis Park, MN, USA",44.9497353,-93.3847762,55426,Inactive,19
Chestnuthill Liquors (812449),"744 East Chestnut Hill Road, Newark, DE, USA",39.6773842,-75.6999394,19713,Inactive,0
Empire Liquors (668093),"6301 Park Avenue, West New York, NJ, USA",40.7885258,-74.0068206,07093,Active,1
The Wine Rack (Millburn - 265308),"186 Essex Street, Millburn, NJ, USA",40.7248369,-74.3068008,07041,Active,7
New Om Liquors (856943),"672 Mount Prospect Avenue, Newark, NJ, USA",40.7750704,-74.1663489,07104,Inactive,0
The Wine Rack (Basking Ridge - 508882),"572 Allen Road, Bernards, NJ, USA",40.6551977,-74.6209899,07920,Active,6
The Wine Rack (Hasbrouck - 792586),"69 New Jersey 17, Hasbrouck Heights, NJ, USA",40.8524656,-74.0752661,07604,Active,21
Liquor Zone (Balch Springs - 524103),"1820 West Bruton Road, Balch Springs, TX, USA",32.7482398,-96.6251815,75180,Inactive,0
Griffin Package (979473),"222 West Solomon Street, Griffin, GA, USA",33.2484925,-84.2665443,30223,Active,3
Michael's Wine & Spirits (618701),"461 Washington Street, Weymouth, MA, USA",42.2079617,-70.9576985,02188,Active,13
Harry's Liquor (Cordele - 918838),"1807 Central Avenue, Cordele, GA, USA",31.9595629,-83.7538795,31015,Active,463
Mill Town Liquor (476813),"923 Patten Avenue, Ray City, GA, USA",31.0751054,-83.200368,31645,Active,7
Discount Liquor Beer Vape & Tobacco (647541),"6231 Perimeter Drive, Chattanooga, TN, USA",35.0294724,-85.1835933,37421,Inactive,0
Royal Liquor & Wine (818134),"1015 North Randall Road, Elgin, IL, USA",42.0538157,-88.3366651,60123,Active,32
The Barrel Wine And Spirit (312301),"102 West Chester Street, Jackson, TN, USA",35.6124376,-88.8197775,38301,Inactive,0
Midway Liquor (522695),"3888 U.S. 127, Frankfort, KY, USA",38.1366902,-84.9088531,40601,Inactive,0
Champaign Food & Liquor (389436),"517 East University Avenue, Champaign, IL, USA",40.1160483,-88.2307947,61820,Active,0
Skyview Bottle Shop (340414),"800 Maxham Road, Lithia Springs, GA, USA",33.7826879,-84.6204182,30122,Active,201
Star Liquor Lavon (486920),"400 South State Highway 78, Lavon, TX, USA",33.0337988,-96.4305339,75166,Active,19
Cordes Wines & Liquors (767470),"370 Broad Street, Bloomfield, NJ, USA",40.8061057,-74.1932542,07003,Inactive,0
Chancellor Liquor (919541),"580 Chancellor Avenue, Irvington, NJ, USA",40.7141401,-74.2316988,07111,Active,5
A1 Wine and Spirit (Hallsferry 2 - 217615),"11717 New Halls Ferry Road, Florissant, MO, USA",38.7793699,-90.2771727,63033,Active,27
A1 Wine & Spirit (Lindbergh - 389068),"8471 North Lindbergh Boulevard, Florissant, MO, USA",38.7950192,-90.3415803,63031,Inactive,19
Uptown Package Store (399020),"3800 Pleasantdale Road, Atlanta, GA, USA",33.8946034,-84.2388366,30340,Active,232
Wine Academy Superstores (603844),"1900 New Jersey 70, Manchester Township, NJ, USA",40.0216087,-74.2699101,08701,Inactive,0
Miller's Wine & Spirits (754872),"2476 Georgia 88, Hephzibah, GA, USA",33.3147683,-82.0908545,30815,Inactive,0
Glen Roc Liquors (789931),"246 Scotch Road, Ewing Township, NJ, USA",40.2760584,-74.8045146,08628,Inactive,0
Dover Liquors (674236),"10 West Blackwell Street, Dover, NJ, USA",40.883928,-74.5589266,07801,Inactive,0
Alcoa Highway Liquors (122482),"3105 Alcoa Highway, Knoxville, TN, USA",35.9066434,-83.9547871,37920,Inactive,0
Giles Wine and Spirits (670477),"630 High Street, Medford, MA, USA",42.4205473,-71.1411771,02155,Inactive,0
Train Depot Bottle Shop (127748),"218 North Center Street, Thomaston, GA, USA",32.8902477,-84.3257342,30286,Inactive,3
Deer Park Wine & Liquor (439285),"1938 Deer Park Avenue, Deer Park, NY, USA",40.7631324,-73.3307426,11729,Inactive,0
AVP ABC Liquor Store (289828),"104 U.S. 52, Moncks Corner, SC, USA",33.1880807,-79.9988366,29461,Inactive,0
Crossroads Liquor (416885),"903 U.S. 82, Gainesville, TX, USA",33.640836,-97.1531277,76240,Inactive,0
Cheers Wine & Spirits (192277),"91 New Jersey 73, Voorhees Township, NJ, USA",39.8259772,-74.928555,08043,Inactive,0
Fine Wine & True Spirits (352765),"6080 Wilmington Pike, Dayton, OH, USA",39.6522423,-84.1075355,45459,Inactive,0
129 Package (327316),"2126 Athens Highway, Gainesville, GA, USA",34.2804131,-83.785612,30507,Inactive,0
East Side Bottle Shop (286096),"1392 Roswell Road, Marietta, GA, USA",33.950402,-84.5116517,30062,Inactive,0
Warehouse Liquors (528981),"255 West Line Street, Calhoun, GA, USA",34.5062469,-84.9548381,30701,Active,38
Zella's Liquors (667061),"1052 East Kingsbury Street, Seguin, TX, USA",29.5812226,-97.9512108,78155,Active,70
Express Liquors (857950),"499 Ernston Road, Sayreville, NJ, USA",40.454422,-74.2948625,08859,Inactive,0
Cottage Drive-In Liquor (610554),"3747 Park Boulevard, San Diego, CA, USA",32.7460821,-117.1463809,92103,Inactive,0
Skillman Wine & Liquor (369716),"1325 U.S. 206, Montgomery, NJ, USA",40.4050727,-74.6486501,08558,Active,41
Hiram Bottle Shop (897843),"4547 Jimmy Lee Smith Parkway, Hiram, GA, USA",33.8919009,-84.7520107,30141,Active,33
Moore Liquor (992289),"914 Southwest 4th Street, Moore, OK, USA",35.333621,-97.5075924,73160,Inactive,0
Chamberlain Liqours (728023),"11300 Westport Road, Louisville, KY, USA",38.2988395,-85.5406849,40241,Active,6
Smyrna Liquors (133272),"8605 Smyrna Parkway, Louisville, KY, USA",38.1239757,-85.642613,40228,Active,6
Honey Creek Package (111137),"1120 NorTec Drive Southeast, Conyers, GA, USA",33.6226894,-84.4752295,30013,Inactive,73
Liquor UP (830071),"1861 West Division Street, Arlington, TX, USA",32.7361477,-97.1378328,76012,Inactive,0
Milton Package Store (514913),"13093 Georgia 9, Milton, GA, USA",34.1030914,-84.2687838,30004,Inactive,0
The Wine Warehouse (250224),"77 Lefante Way, Bayonne, NJ, USA",40.6668564,-74.1037164,07002,Inactive,0
Allen Liquor 4 U (392198),"1210 East Main Street, Allen, TX, USA",33.0989712,-96.6404325,75002,Inactive,2
Moultrie Package Store (483238),"1304 North Veterans Parkway, Moultrie, GA, USA",31.2079545,-83.7774371,31788,Inactive,7
Fine Wine & Spirits (459857),"2151 Tallokas Road, Moultrie, GA, USA",31.1474821,-83.7701298,31768,Inactive,4
Old Town Liquor (729929),"9655 Elk Grove Florin Road, Elk Grove, CA, USA",38.4069379,-121.3710588,95624,Active,7
Yreka Liquor Liquidators (552359),"787 Montague Road, Yreka, CA, USA",41.7373892,-122.6234197,96097,Inactive,0
Allenhurst Wine and Spirits (464253),"415 Main Street, Allenhurst, NJ, USA",40.2356481,-74.0069221,07711,Inactive,0
Greeley Westside Liquor (273708),"3017 West 10th Street, Greeley, CO, USA",40.423082,-104.7298088,80634,Active,951
Broadway Spirits (550414),"315 Broadway, New York, NY, USA",40.7157456,-74.0053843,10007,Inactive,0
The Liquor Spot (865178),"12441 Burbank Boulevard, Los Angeles, CA, USA",34.1724578,-118.4045704,91607,Active,10
Liquor Villa (Hurst - 788393),"121 East Harwood Road, Hurst, TX, USA",32.851209,-97.1697187,76054,Active,15
Hialeah Liquor (624314),"5030 West 12th Avenue, Hialeah, FL, USA",25.8678264,-80.3073723,33012,Inactive,0
Take Your Pick Liquors (637545),"1368 H Street Northeast, Washington, DC, USA",38.9004339,-76.986044,20002,Inactive,0
Sam's Bottle Shop (576289),"8725 Roswell Road, Atlanta, GA, USA",33.9956418,-84.3499004,30350,Active,15
408 Liquor (809667),"1053 East El Camino Real, Sunnyvale, CA, USA",37.352772,-122.0043567,94087,Inactive,0
Liquor Villa (Lakeside - 974745),"7001 Confederate Park Road, Fort Worth, TX, USA",32.8225897,-97.509511,76108,Active,21
Milano's Liquor (290326),"3846 Mission Avenue, Oceanside, CA, USA",33.227199,-117.330589,92058,Active,12
HD Wine Spirits (742777),"470 South Atlanta Street, Roswell, GA, USA",34.0110177,-84.3627177,30075,Active,9
Buffalo Grove Liquor and Spirits (722191),"1655 North Buffalo Grove Road, Buffalo Grove, IL, USA",42.1813448,-87.9647403,60089,Inactive,2
In and Out Liquors (#11027 Jensen Beach - 795469),"11027 South Ocean Drive, Jensen Beach, FL, USA",27.2635359,-80.202056,34957,Active,10
ASAP Liquor (550842),"3595 Canton Road, Marietta, GA, USA",34.0390829,-84.5297551,30066,Active,61
In and Out Liquors (#685 Cocoa - 957895),"685 Clearlake Road, Cocoa, FL, USA",28.3634568,-80.7553989,32922,Active,2
In and Out Liquors (#1105 Cocoa - Dixon - 430402),"1105 Clearlake Road, Cocoa, FL, USA",28.37354,-80.7554741,32922,Active,8
In and Out Liquors (#860 Merritt Island - 848585),"860 North Courtenay Parkway, Merritt Island, FL, USA",28.3721822,-80.6999109,32953,Active,17
Legacy Liquor Co (Legacy Liquor Co - 747746),"1356 West Army Trail Road, Carol Stream, IL, USA",41.9418285,-88.1699762,60188,Inactive,0
FIREHOUSE LIQUOR STORE (310660),"273 Park Avenue, Newark, NJ, USA",40.7594469,-74.1871812,07107,Inactive,0
ATL Liquor Store (864036),"4790 Peachtree Industrial Boulevard, Norcross, GA, USA",33.9692515,-84.1910257,30071,Active,31
One Stop Beer & Wine (975711),"1142 Main Street, Holden, MA, USA",42.3501231,-71.8597592,01520,Inactive,0
In and Out Liquors (#1420 Titusville Gar - 835636),"1420 Garden Street, Titusville, FL, USA",28.6156729,-80.8191578,32796,Active,16
Sam's Liquor Beer & Fine Wine (837017),"102 Lexington Circle, Peachtree City, GA, USA",33.4227215,-84.5600927,30269,Active,51
Puff n Sip (648119),"10 U.S. 12, Fox Lake, IL, USA",42.3956879,-88.1845007,60020,Inactive,0
Andres Wine & Spirits (457056),"322 Broad Avenue, Leonia, NJ, USA",40.861994,-73.987964,07605,Active,25
Flint River Package Store (294097),"813 16th Avenue East, Cordele, GA, USA",31.9640419,-83.769551,31015,Inactive,0
Roses Bar and Liquors (831111),"102 Market Street, Paterson, NJ, USA",40.9159627,-74.173817,07505,Active,0
The Pop Up (485148),"9820 Holmes Road, Kansas City, MO, USA",38.9497097,-94.5840464,64131,Inactive,0
Barmy Wines & Liquors (796221),"1912 L Street Northwest, Washington, DC, USA",38.9035605,-77.0441142,20036,Inactive,0
Bevdas Wine and Spirits (684903),"16955 Torrence Avenue, Lansing, IL, USA",41.5868023,-87.5582028,60438,Inactive,0
Beacon Hill Wine & Spirits (812220),"63 Charles Street, Boston, MA, USA",42.2999988,-71.0646083,02122,Active,3
East Haven Discount Wine & Liquor (195522),"659 Foxon Road, East Haven, CT, USA",41.322744,-72.8523416,06513,Inactive,0
Mountain Spirits (600587),"3503 U.S. 411, Chatsworth, GA, USA",34.8257206,-84.7632803,30705,Active,24
Bonaire Liquor (735805),"200 State Route 96, Bonaire, GA, USA",32.5495609,-83.6050742,31005,Active,21
M H Liquors (753065),"1155 South Havana Street, Aurora, CO, USA",39.6951586,-104.8680829,80012,Inactive,0
Midtown Liquor Store (219663),"1005 Chattahoochee Avenue Northwest, Atlanta, GA, USA",33.8008413,-84.4208494,30318,Inactive,0
Fishers Spirits Wine Beer (459419),"9887 East 116th Street, Fishers, IN, USA",39.9567075,-85.9904946,46037,Inactive,0
H M Liquors (166675),"1104 U.S. 130, Burlington, NJ, USA",40.0817213,-74.8388832,08016,Inactive,0
Royal Smoke & Spirits (109622),"389 West Austin Street, Giddings, TX, USA",30.1836123,-96.9401797,78942,Active,1
Bevda's Wine and Spirits (709903),"16955 Torrence Avenue, Lansing, IL, USA",41.5868023,-87.5582028,60438,Inactive,0
Joe's Wine & Spirits (210746),"2101 McCallie Avenue, Chattanooga, TN, USA",35.0350503,-85.2715601,37404,Inactive,0
Pecos Liquors (550505),"12051 North Pecos Street, Westminster, CO, USA",39.9149627,-105.0070672,80234,Active,43
Tipsy's Liquor (173845),"1887 North Columbia Street, Milledgeville, GA, USA",33.1051373,-83.2507056,31061,Inactive,0
FV Liquor Store (484167),"400 South Camellia Boulevard, Fort Valley, GA, USA",32.5495226,-83.8901833,31030,Inactive,0
J&J Package Store (731000),"3568 Wesley Chapel Road, Decatur, GA, USA",33.8179843,-84.6077113,30034,Inactive,57
Metro Liquors (304723),"2504 14th Street, Plano, TX, USA",33.0167094,-96.6817308,75074,Inactive,0
Arena Liquor 2 (717183),"907 Rain Forest Parkway, Columbia, MO, USA",38.989611,-92.3250462,65202,Inactive,16
Arena Liquor 3 (433925),"2201 North Ballenger Lane, Columbia, MO, USA",38.9734666,-92.2652375,65202,Inactive,0
Arena Liquor 4 (875479),"1205 Old Route K, Columbia, MO, USA",38.9250012,-92.3405018,65203,Inactive,0
East Rome Beverage Center (802104),"1800 Dean Avenue, Rome, GA, USA",34.2312155,-85.1607232,30161,Inactive,0
Gateway Liquor (648178),"3751 Tower Road, Aurora, CO, USA",39.7679754,-104.7730021,80011,Active,5
DTC Wine & Spirits (547280),"4920 South Yosemite Street, Greenwood Village, CO, USA",39.6255983,-104.8834879,80111,Active,129
Davenport Wines & Spirits (DWS-360 - 538058),"3801 North Capital of Texas Highway, Austin, TX, USA",30.3363249,-97.8045064,78746,Inactive,0
Village Pump Liquors (384855),"4901 Greenbelt Road, College Park, MD, USA",38.9980096,-76.9266429,20740,Active,126
Sweetwater Package Store (568932),"3900 Peachtree Industrial Boulevard, Duluth, GA, USA",33.9865073,-84.1700314,30096,Inactive,0
Alexanders liquors (416197),"457 Salem Street, Medford, MA, USA",42.4225971,-71.089678,02155,Inactive,0
J&R Liquors (779390),"4510 U.S. 14, Janesville, WI, USA",42.7073636,-88.9561015,53546,Inactive,0
My Liquor Bank (114032),"8910 South Central Avenue, Los Angeles, CA, USA",33.9552361,-118.2561113,90002,Inactive,0
J&R Liquors (821210),"4510 U.S. 14, Janesville, WI, USA",40.743767,-74.0388882,53546,Inactive,56
Joe Canal's Hammonton (617165),"80 South White Horse Pike, Hammonton, NJ, USA",39.6462978,-74.7874706,08037,Inactive,0
Horn Lake Wine And Spirits (122284),"3047 Goodman Road West, Horn Lake, MS, USA",34.9614967,-90.0453806,38637,Inactive,0
Adair Liquor Store (608637),"6001 North 42nd Avenue, Minneapolis, MN, USA",45.032004,-93.3565864,55422,Inactive,0
Dawson Fine Wine & Spirits (514778),"46 Blue Ridge Parkway, Dawsonville, GA, USA",34.3365885,-84.0545149,30534,Active,97
VIP Liquor & Wine (979033),"3958 Richmond Avenue, Richmond County, NY, USA",40.5415653,-74.1630464,10312,Active,140
Riverside Liquors (303430),"601 Riverside Avenue, Lyndhurst, NJ, USA",40.8094273,-74.1378968,07071,Active,0
67 Wine (250450),"179 Columbus Avenue, New York, NY, USA",40.7746082,-73.9805925,10023,Inactive,0
Discount Liquor (855470),"513 West Jefferson Street, Grand Prairie, TX, USA",32.7433253,-97.0093092,75051,Inactive,0
Chevron - Norcross (358294),"2394 Beaver Ruin Road, Norcross, GA, USA",33.9399126,-84.1930436,30071,Inactive,0
Lodi Wine & Liquor (320192),"25 Washington Street, Lodi, NJ, USA",40.8762203,-74.0850293,07644,Active,11
Saltwater Liquors (789103),"9 New Jersey 36, Atlantic Highlands, NJ, USA",40.4090123,-74.0414874,07716,Active,91
Goffle Road Wine and More (655488),"1100 Goffle Road, Hawthorne, NJ, USA",40.9696361,-74.153258,07506,Inactive,0
Big Al's Liquor Store (226927),"4150 Macland Road, Powder Springs, GA, USA",33.9030268,-84.6750446,30127,Inactive,0
Beer & Liquor Store (138162),"4622 Hypoluxo Road, Lake Worth, FL, USA",26.5706746,-80.1151075,33463,Active,18
Khushi Food Mart 2 (617414),"2704 Bemiss Road, Valdosta, GA, USA",30.8768001,-83.2763286,31602,Active,10
Liquor Hub (954425),"21643 Florida 7, Boca Raton, FL, USA",26.3546359,-80.2047448,33428,Active,30
Delray Liquor (612239),"14400 South Military Trail, Delray Beach, FL, USA",26.4633179,-80.1220688,33484,Active,45
The Bottle Shop (249049),"101 Southern Way, Columbus, GA, USA",32.5329248,-84.9629125,31904,Inactive,0
In Town (837099),"567 Main Street, Sayreville, NJ, USA",40.4721445,-74.3402661,08872,Inactive,0
North Main Package (662929),"422 North Main Street, Moultrie, GA, USA",31.1846353,-83.7884918,31768,Inactive,0
Perimeter Bottle Shop (744723),"4719 Ashford Dunwoody Road, Dunwoody, GA, USA",33.9319344,-84.3323064,30338,Active,91
Royal Spirits (682486),"240 South Tennessee Street, Cartersville, GA, USA",34.1633443,-84.7932439,30120,Active,111
Seabright Supermarket & Liquor (532367),"1160 Ocean Avenue North, Sea Bright, NJ, USA",40.2226129,-73.9995819,07760,Active,9
Monmouth Beach Supermarket (397354),"73 Riverdale Avenue, Monmouth Beach, NJ, USA",40.3308546,-73.9811758,07750,Active,2
Le Jeune Liquors Store (375492),"1110 East 8th Avenue, Hialeah, FL, USA",25.8325427,-80.2659112,33010,Inactive,0
Hub Bottle Shop (717801),"7770 Newnan Road, Brooks, GA, USA",33.2543748,-84.4906116,30205,Active,8
Liberty Liquors (561576),"966 Parkway Avenue, Ewing Township, NJ, USA",40.2566563,-74.7924145,08618,Active,341
Liquor Warehouse (110368),"1790 Wilma Rudolph Boulevard, Clarksville, TN, USA",36.554196,-87.325069,37040,Inactive,0
Andy's Package Store (592745),"23 Lower Meigs Road, Moultrie, GA, USA",31.1514869,-83.789813,31768,Inactive,0
Worth The Pour (295070),"3517 Windhaven Parkway, The Colony, TX, USA",33.0576962,-96.9009585,75056,Inactive,0
Squire Liquor & Tobacco (128189),"1929 South Plum Grove Road, Rolling Meadows, IL, USA",42.0897669,-88.0447714,60008,Inactive,0
Exit 18 Liquors (482361),"1197 Saint Augustine Road, Valdosta, GA, USA",30.8421122,-83.3238571,31601,Active,88
Metro Food & Liquor (851412),"5380 H Street, Sacramento, CA, USA",38.5676584,-121.4361766,95819,Inactive,0
Pioneer Hills Liquor (855622),"5590 South Parker Road, Aurora, CO, USA",39.6163233,-104.8139531,80015,Inactive,0
Russo's Fine Wine & Spirits (808239),"455 Bedford Street, Bridgewater, MA, USA",41.9760286,-70.9754465,02324,Inactive,8
Dracut Town Variety (952599),"1734 Lakeview Avenue, Dracut, MA, USA",42.6788153,-71.3425408,01826,Active,120
Centerfield Wine & Liquors (186712),"2700 West State Highway 22, Crestwood, KY, USA",38.3499814,-85.4082998,40014,Inactive,0
Primo Liquors & Fine Wine (707458),"700 South Federal Highway, Fort Lauderdale, FL, USA",26.1129767,-80.1367087,33316,Inactive,0
Crystal Lake Food & Liquor (644024),"540 East Terra Cotta Avenue, Crystal Lake, IL, USA",42.2491994,-88.3006335,60014,Inactive,0
Elgin Spirit & Wine (237622),"1350 East Chicago Street, Elgin, IL, USA",42.0307671,-88.2384359,60120,Active,18
Wing Park Liquors (450122),"571 North McLean Boulevard, Elgin, IL, USA",42.0474342,-88.311084,60123,Active,36
Minden Meat and Deli (626772),"1595 U.S. Highway 395 North, Minden, NV, USA",38.9529461,-119.7618138,89423,Inactive,0
Remedy Liquor (Remedy Liquor NY - 312466),"13844 101st Avenue, Queens County, NY, USA",40.6945502,-73.8092338,11435,Inactive,0
Remedy Liquor (Remedy Liquor CA - 646938),"1700 West Glenoaks Boulevard, Glendale, CA, USA",34.1711594,-118.2902623,91201,Inactive,0
Cindy Discount Liquor (827346),"6536 Skillman Street, Dallas, TX, USA",32.8653292,-96.7426686,75231,Active,32
Saddle Brook Liquor & Bar (636092),"383 Market Street, Saddle Brook, NJ, USA",40.8975265,-74.0966538,07663,Inactive,0
DDT Wines & Spirits (711938),"7206 Saint Charles Rock Road, St. Louis, MO, USA",38.6858546,-90.306128,63133,Inactive,0
Towne Square Wine & Spirits (394398),"6110 Cedarcrest Road, Acworth, GA, USA",34.0636095,-84.7260056,30101,Active,28
Om Star Liquor (183905),"1730 B F Terry Boulevard, Rosenberg, TX, USA",29.5542442,-95.7672631,77471,Active,4
Raymond's Liquor Stop (730051),"8111 U.S. 287 Frontage Road, Arlington, TX, USA",32.6153782,-97.1605081,76001,Inactive,0
Liquorland - Tifton (363729),"614 East 5th Street, Tifton, GA, USA",31.450228,-83.5049089,31794,Active,100
Freddie's Corner (169895),"295 Mount Pleasant Avenue, Woodland Park, NJ, USA",40.8937502,-74.1996581,07424,Active,23
Sandwich Package Store (449303),"118 Massachusetts 6A, Sandwich, MA, USA",41.7603492,-70.4952177,02563,Inactive,0
Halls Corner Store (171406),"2 Chestnut Street, Duxbury, MA, USA",42.0233489,-70.6835719,02332,Inactive,0
Rockland Liquor (777261),"347 Market Street, Rockland, MA, USA",42.1230054,-70.9074845,02370,Inactive,0
Capeway Convenience Store (838983),"578 Wareham Street, Middleborough, MA, USA",41.82294,-70.8232403,02346,Inactive,0
Rockland Liquor (333386),"347 Market Street, Rockland, MA, USA",42.1230054,-70.9074845,02370,Inactive,0
Bottle & Basket (762887),"2006 Redmond Circle, Rome, GA, USA",34.2860416,-85.2228916,30165,Active,1
Premium Package Outlet (560489),"3651 Dawson Forest Road East, Dawsonville, GA, USA",34.3550146,-84.0520559,30534,Active,48
MP'S Liquor And Wine (888188),"905 Oak Street, North Aurora, IL, USA",41.8081545,-88.3479752,60542,Inactive,0
Scott's Fine Wine & Spirits (403839),"646 Washington Street, Easton, MA, USA",42.0440769,-71.0781437,02375,Active,8
Napa Valley Beverage Co (559233),"35030 Mound Road, Sterling Heights, MI, USA",42.550981,-83.0476227,48310,Inactive,0
MP'S Liquor and Wine (271753),"351 North McLean Boulevard, South Elgin, IL, USA",41.9975652,-88.3150453,60177,Inactive,0
Wisky's Liquor 3 (888364),"1350 East Palm Valley Boulevard, Round Rock, TX, USA",30.5181914,-97.6651131,78664,Active,0
Maple Party Shop (496648),"8328 Veterans Parkway, Columbus, GA, USA",32.5690757,-84.9289886,31909,Inactive,0
Charlie's Package (378558),"4862 Canton Road, Marietta, GA, USA",34.0701234,-84.5212462,30066,Active,22
Lucky's Beverage World (907233),"610 Claremore Professional Way, Woodstock, GA, USA",34.0869996,-84.4691476,30188,Active,243
Remedy Liquor (Remedy Liquor TX - 454114),"6506 U.S. 90 Alternate, Sugar Land, TX, USA",29.5902933,-95.6964656,77498,Inactive,0
Trolley Spirits (433355),"613 Old Trolley Road, Summerville, SC, USA",32.9798035,-80.1734693,29485,Active,34
Bernier's Liquors (621324),"905 Plymouth Street, Bridgewater, MA, USA",41.9899845,-70.9424795,02324,Active,132
ABC Liquors (Chattanooga - 552390),"3948 Brainerd Road, Chattanooga, TN, USA",35.0200865,-85.2407326,37411,Inactive,0
Montgomery Discount Wine Market (219776),"2145 U.S. 206, Montgomery, NJ, USA",40.4487028,-74.6615073,08502,Inactive,1
West Side Liquor (652837),"105 South State Street, West Harrison, IN, USA",39.2618933,-84.8202534,47060,Active,20
333 East Main Street Wines & Liquor (184219),"333 East Main Street, Patchogue, NY, USA",40.7665492,-73.0035143,11772,Active,1
"Brix - Wine, Spirits, Beer (585366)","57 Decker Pond Road, Andover, NJ, USA",40.9481616,-74.7958636,07821,Inactive,0
Brick City Liquors (481654),"102 Avon Avenue, Newark, NJ, USA",40.7239455,-74.1935838,07108,Active,89
Three Springs Liquors (139670),"677 Three Springs Road, Bowling Green, KY, USA",36.9320994,-86.4236139,42104,Inactive,0
J & D Liquor & Wine (820040),"1600 Tribble Street, Anderson, SC, USA",34.516376,-82.6629648,29625,Inactive,0
54 Wine & Spirits (271726),"4551 Springhill Drive, Owensboro, KY, USA",37.7435782,-87.0420393,42303,Inactive,0
Holiday House Liquor (586364),"1197 West Central Avenue, Brea, CA, USA",33.9323687,-117.9153377,92821,Active,6
Quick Stop Liquors (530820),"1193 Biesterfield Road, Elk Grove Village, IL, USA",42.002677,-88.030683,60007,Active,5
Highland Park Wine & Liquors (637584),"97 Woodbridge Avenue, Highland Park, NJ, USA",40.501436,-74.4183928,08904,Active,176
Latino's Liquors (253324),"5115 Hudson Avenue, West New York, NJ, USA",40.7823787,-74.0167461,07093,Active,12
Midtown Liquor and Wine (245239),"105 Johnson Road, Louisville, KY, USA",38.2338755,-85.453194,40245,Active,1
Broadway Liquor (145446),"151 Broadway, Chula Vista, CA, USA",32.6429446,-117.0937577,91910,Inactive,0
Homestead Liquors & Wines (547588),"1338 Homestead Road North, Lehigh Acres, FL, USA",26.6098438,-81.6513354,33936,Inactive,18
Holabird Bar & Liquor (645976),"6701 Holabird Avenue, Baltimore, MD, USA",39.2723956,-76.5306298,21222,Inactive,0
Southeast Liquors (357848),"840 Cypress Gardens Boulevard, Winter Haven, FL, USA",28.0039154,-81.716151,33880,Inactive,0
Golden Bear Liquor 3 (151378),"1051 Murfreesboro Road, Lebanon, TN, USA",36.1744583,-86.301698,37090,Active,178
Ridgewalk Bottle Shop (160744),"311 Ridgewalk Parkway, Woodstock, GA, USA",34.1199297,-84.52079,30188,Active,0
Neunheuser's Liquor Store ((856) 349-7483 - 802466),"237 Broadway, Gloucester City, NJ, USA",39.9005038,-75.1205371,08030,Inactive,0
Beer Town (432311),"135-26A Cross Bay Boulevard, Queens County, NY, USA",40.6728465,-73.8438483,11417,Inactive,0
Liquor And More (Chasers Liquor) (708694),"5104 North W Street, Pensacola, FL, USA",30.4619278,-87.2516474,32505,Active,0
Liquor And More (Nelsons Liquor & Lounge) (752850),"2526 Gulf Beach Highway, Pensacola, FL, USA",30.3817078,-87.3069136,32507,Active,15
Liquor And More (Cutty Sark Liquor) (191473),"3811 Mobile Highway, Pensacola, FL, USA",30.4244603,-87.2642216,32505,Inactive,0
Woodsies Hilltop Bar (Need to remove as it's Bar) (672213),"5204 Mobile Highway, Pensacola, FL, USA",30.451185,-87.2928423,32526,Inactive,0
Liquor And More (Perdido Liquors) (151982),"8058 U.S. 98, Pensacola, FL, USA",30.4025086,-87.3199234,32506,Active,0
Liquor And More (Whiskey Barn) (229044),"315 Miracle Strip Parkway Southwest, Fort Walton Beach, FL, USA",30.4069879,-86.6327975,32548,Active,0
Liquor And More (Stars n Stripes Liquor & Fine Wine) (580491),"109 Racetrack Road Northeast, Fort Walton Beach, FL, USA",30.4472353,-86.6109076,32547,Active,35
The Wine Rack (Summit - 288270),"490 Morris Avenue, Summit, NJ, USA",40.7248804,-74.3716746,07901,Active,119
Hometown 41 Fine Wine and Spirits (647385),"2280 U.S. 41, Tifton, GA, USA",31.4730252,-83.519193,31794,Inactive,20
A1 Liquor Store (230829),"1213 South McDonald Street, McKinney, TX, USA",33.1858703,-96.613389,75069,Inactive,3
Sunny Spirit (977563),"507 North Irwin Avenue, Ocilla, GA, USA",31.5999258,-83.249797,31774,Inactive,1
Manning Liqours (820714),"427 Bridge Street, Lowell, MA, USA",42.6505431,-71.3033128,01850,Active,30
Mitty's Liquor (893430),"923 Baytree Road, Valdosta, GA, USA",30.8463684,-83.3034793,31602,Active,5
On The Run Liquor (499310),"7701 Stacy Road, McKinney, TX, USA",33.1514701,-96.7171841,75070,Inactive,0
The Wine Store (985541),"8455 Holcomb Bridge Road, Alpharetta, GA, USA",33.9859336,-84.2694001,30022,Inactive,0
Rox Fine Wine and Spirits (456199),"910 Peachtree Parkway, Cumming, GA, USA",34.1406397,-84.1735461,30041,Inactive,0
5 Kings Wines and Liquors (865784),"154 Avenue U, Kings County, NY, USA",40.5961245,-73.9786689,11223,Inactive,9
Friends Liquor (206619),"210 Southwest 2nd Street, Grand Prairie, TX, USA",32.7336583,-97.0048674,75051,Active,6
Mitt's Liquor 1 (627241),"3498 Madison Highway, Valdosta, GA, USA",30.7528602,-83.2735043,31601,Inactive,0
R & S Discount Food Wine & Liquor (942851),"2425 West Diversey Avenue, Chicago, IL, USA",41.9320163,-87.6889175,60647,Inactive,0
S & S Liquor (#1 - 670646),"2901 Sonoma Boulevard, Vallejo, CA, USA",38.1130783,-122.2549423,94590,Inactive,0
Beer Universe (177242),"1400 Central Avenue, Albany, NY, USA",42.7055768,-73.819777,12205,Inactive,0
Bluegrass Liquor Box (Canewood - 201425),"104 Canewood Center Drive, Georgetown, KY, USA",38.2098822,-84.5938634,40324,Inactive,0
Norman's Liquors (258912),"1701 Eastern Boulevard, Essex, MD, USA",39.3211843,-76.4521651,21221,Inactive,0
Oak Barrel Wine & Spirits (911046),"345 Colt Highway, Farmington, CT, USA",41.7112755,-72.8093856,06032,Active,12
Roosters Land Wine and Spirits (322228),"1340 Barnum Avenue, Stratford, CT, USA",41.1971437,-73.1374934,06615,Active,9
Six Pax & More Liquors (816644),"6622 Belair Road, Baltimore, MD, USA",39.3544544,-76.5317527,21206,Inactive,0
Main Street Package (527586),"3215 Main Street, East Point, GA, USA",33.6678298,-84.4451256,30344,Inactive,0
Midland Liquor (313247),"2502 North Eastman Road, Midland, MI, USA",43.683979,-84.2468326,48642,Inactive,0
Bartlett Liquors (473356),"1072 West Army Trail Road, Bartlett, IL, USA",41.9466851,-88.206133,60103,Active,1
Nomad's Liquor (327268),"1616 Southwest H K Dodgen Loop, Temple, TX, USA",31.0751923,-97.3718724,76504,Active,8
Prince Market Liquor (457108),"9826 Saint Charles Rock Road, Saint Ann, MO, USA",38.7222513,-90.3725699,63074,Inactive,0
Blarney Stone Wine & Spirits 1 (McKinley Avenue - 291059),"2934 McKinley Avenue, South Bend, IN, USA",33.5936613,-84.0139745,46615,Inactive,55
Blarney Stone Wine & Spirits 2 (Lincoln Way West - 328392),"3811 Lincoln Way West, South Bend, IN, USA",41.6941501,-86.302386,46628,Active,15
Blarney Stone Wine & Spirits 3 (Union St - 602497),"823 Union Street, Mishawaka, IN, USA",37.7082829,-97.3753042,46544,Active,47
Blarney Stone Wine & Spirits 5 (South Bend Avenue - 900923),"1818 South Bend Avenue, South Bend, IN, USA",33.9014879,-84.1238752,46637,Inactive,38
Blarney Stone Wine & Spirits 6 (Portage Avenue - 550267),"1355 Portage Avenue, South Bend, IN, USA",41.6936173,-86.2692215,46616,Inactive,16
Blarney Stone Wine & Spirits 7 (Miami St - 804492),"4527 Miami Street, South Bend, IN, USA",41.6284702,-86.2352699,46614,Active,62
Blarney Stone Wine & Spirits 8 (Bendix Dr - 816251),"3520 North Bendix Drive, South Bend, IN, USA",41.7244468,-86.2894461,46628,Inactive,4
Lincoln Liquor Mart (392846),"731 East Broadway, Centralia, IL, USA",38.5254935,-89.125815,62801,Inactive,0
Global Beverage Superstore (896633),"2157 West Point Road, LaGrange, GA, USA",33.0246232,-85.0767046,30240,Active,8
Magnum Wines & Spirits (918567),"61-02 Flushing Avenue, Queens County, NY, USA",40.7209503,-73.9038644,11378,Inactive,0
Sharpstown Liquor (897354),"7605 Dashwood Drive, Houston, TX, USA",29.7072847,-95.5193281,77036,Inactive,0
Royal Liquor Store (886459),"301 Magnolia Drive, Tifton, GA, USA",32.213632,-81.1988198,31794,Inactive,38
Dylan's Liquor (779970),"8000 Research Forest Drive, The Woodlands, TX, USA",30.2112051,-95.5287856,77382,Inactive,0
Smile Liquor (799082),"13916 East Mississippi Avenue, Aurora, CO, USA",39.6953547,-104.8257708,80012,Inactive,0
Lakeland Package Store (426713),"172 South Valdosta Road, Lakeland, GA, USA",31.0291432,-83.0724057,31635,Active,12
SVN Hills Spirits & Wine (772143),"1160 Cedarcrest Boulevard, Acworth, GA, USA",33.6820078,-84.2291881,30101,Inactive,37
PK's Liquor (154198),"6410 West 107th Street, Chicago Ridge, IL, USA",41.6980327,-87.7799489,60415,Inactive,0
Buy Low Liquors (889869),"4301 West North Avenue, Chicago, IL, USA",41.9095072,-87.7340928,60639,Active,3
Metro Wine & Spirits (357136),"1726 Columbia Road Northwest, Washington, DC, USA",38.924436,-77.0397277,20009,Inactive,0
Harvards Wine & Beverage (509905),"110 Old Evans Road, Martinez, GA, USA",33.5126542,-82.0954641,30907,Inactive,0
Lucky Liquor (582969),"1216 Central Avenue, Summerville, SC, USA",33.0167571,-80.2127336,29483,Inactive,0
Forest Hill Wine and Liquor (426402),"1 Newport Drive, Forest Hill, MD, USA",39.5779018,-76.3852423,21050,Active,69
Lighthouse Wine & Spirits (406815),"144 Brimbal Avenue, Beverly, MA, USA",42.5729815,-70.8790004,01915,Inactive,0
Lynnway Liquors (342305),"702 Lynnway, Lynn, MA, USA",42.4514592,-70.961878,01905,Inactive,0
Liberty Package (417543),"4568 Old Dixie Highway, Forest Park, GA, USA",33.6305059,-84.3856023,30297,Active,73
Campus Wine & Spirits (730787),"28 Fenn Road, Newington, CT, USA",41.6964416,-72.7556214,06111,Active,47
Beverage Genie (674255),"1308 Woodlawn Road, Lincoln, IL, USA",40.1589556,-89.3913511,62656,Active,19
Levine Liquors Denver (592474),"1160 South Parker Road, Denver, CO, USA",39.6954691,-104.8955881,80231,Inactive,0
Simmons Liquor (844765),"210 Cambridge Street, Boston, MA, USA",42.3609354,-71.0661027,02114,Active,18
Liquor City - Perry (959502),"1498 Sam Nunn Boulevard, Perry, GA, USA",32.4736881,-83.7441573,31069,Active,52
Macy's Liquor (522378),"4 North Main Street, West Bridgewater, MA, USA",42.018712,-71.0062013,02379,Inactive,0
Bartow Total Liquors (348132),"2057 Bartow Avenue, Bronx County, NY, USA",40.8704882,-73.8286421,10475,Active,35
Winter Wine and Spirits (666317),"9120 Wadsworth Parkway, Westminster, CO, USA",39.8617014,-105.0800362,80021,Inactive,0
Westlake Wine and Spirits (143208),"2024 35th Avenue, Greeley, CO, USA",40.4054353,-104.7345232,80634,Active,29
Howden Market (240976),"1630 Webster Street, Oakland, CA, USA",37.8055157,-122.2672459,94612,Inactive,0
Clifton Liquors (667021),"3255 F Road, Clifton, CO, USA",39.0914864,-108.4491754,81520,Inactive,0
Armanetti Wine and Liquor (154089),"1 North Wolf Road, Prospect Heights, IL, USA",42.0954575,-87.9073037,60070,Inactive,0
MDP Liquor (996892),"4636 West Irlo Bronson Memorial Highway, Kissimmee, FL, USA",28.3139593,-81.4684926,34746,Active,14
Wine Birds (101132),"5601 Palmer Way, Carlsbad, CA, USA",33.1411835,-117.2747131,92008,Inactive,0
MDP Liquor 2 (823901),"17667 North Dale Mabry Highway, Lutz, FL, USA",28.1251265,-82.5013084,33548,Active,2
Oak Barrel Wine & Spirits (358455),"75 Church Hill Road, Newtown, CT, USA",41.4179135,-73.2928097,06482,Inactive,18
Kilroy's Package Store (577108),"4877 Old National Highway, Atlanta, GA, USA",42.1676062,-71.0079192,30337,Inactive,35
Smith's Liquors (169188),"5988 Summit Bridge Road, Townsend, DE, USA",39.3984096,-75.6858001,19734,Inactive,0
The Right Bottle (486130),"699 Jimmy Drive, Smyrna, DE, USA",39.2811624,-75.5948468,19977,Inactive,0
Broadway Liquor (856107),"2860 Broadway, Oakland, CA, USA",37.817191,-122.2627745,94611,Inactive,0
Imperio Wine & Spirits (972454),"25824 Clay Road, Katy, TX, USA",29.8317537,-95.8219245,77493,Inactive,0
Booze Bodega Liquors (520753),"132 West Main Avenue, Bowling Green, KY, USA",36.9987776,-86.4462667,42101,Active,0
Laxi Liquor (542874),"6922 West Grand Avenue, Chicago, IL, USA",41.9237537,-87.7986542,60707,Active,9
Town & Country Liquors (370103),"696 Amity Road, Bethany, CT, USA",41.4371772,-72.9908982,06524,Active,6
Spirits of 67 (129749),"246 Oxford Road, Oxford, CT, USA",41.4202865,-73.1049297,06478,Active,5
Liquorama (430544),"4430 South Kedzie Avenue, Chicago, IL, USA",41.8125743,-87.7045219,60632,Inactive,0
Clifton 1st Liquor Shop (155501),"1904 Frankfort Avenue, Louisville, KY, USA",38.2550219,-85.7127391,40206,Active,15
K1 Liquors (177829),"10525 Watterson Trail, Jeffersontown, KY, USA",38.1951761,-85.5644792,40299,Active,5
Liquor Night Shop (470163),"1403 Lexington Road, Louisville, KY, USA",38.2507055,-85.719805,40206,Inactive,0
Beverage World Wine & Spirits (304785),"2332 Brownsboro Road, Louisville, KY, USA",38.2580905,-85.7020014,40206,Inactive,0
Carriage Trade Liquors (403144),"350 East 18th Street, Oakland, CA, USA",37.7994874,-122.2510078,94606,Inactive,0
Long Beach Vibe Liquor (362679),"3414 East 7th Street, Long Beach, CA, USA",33.7750919,-118.1519589,90804,Inactive,0
Concord Liquor Store (901509),"579 Concord Road Southeast, Smyrna, GA, USA",33.8690546,-84.5381093,30082,Inactive,0
Amazing Grapes Wines & Spirits (New Britain - 687 - 441024),"687 West Main Street, New Britain, CT, USA",41.6671506,-72.8054596,06053,Active,98
Ken & Chris Pkg Store (521408),"2790 Candler Road, Decatur, GA, USA",33.7077574,-84.2716865,30034,Inactive,0
Hamilton Liquors (115174),"5205 Georgia Avenue Northwest, Washington, DC, USA",38.953167,-77.0272627,20011,Inactive,0
Broadway Wine & Liquors (357379),"65 James Street, Worcester, MA, USA",42.2330155,-71.8490735,01603,Active,11
Amazing Grapes Wines & Spirits (Norwich - 32 - 806825),"32 Town Street, Norwich, CT, USA",41.5486389,-72.0987053,06360,Active,190
Amazing Grapes Wines & Spirits (Mansfield - 591 - 264510),"591 Middle Turnpike, Mansfield, CT, USA",41.8262801,-72.27112,06268,Active,25
Amazing Grapes Wines & Spirits (Waterford - 113 - 809795),"113 Boston Post Road, Waterford, CT, USA",41.3431807,-72.1245964,06385,Active,164
(Delete) Amazing Grapes Wines & Spirits (17 - 414827),"17 Albany Turnpike, Simsbury, CT, USA",41.8167513,-72.8690404,06092,Inactive,0
Amazing Grapes Wines & Spirits (West Simsbury - 17 - 866606),"17 Albany Turnpike, Simsbury, CT, USA",41.8167513,-72.8690404,06092,Active,52
Tuxedo Wine & Spirits (370823),"3861 Roswell Road Northeast, Atlanta, GA, USA",33.8596232,-84.379834,30342,Inactive,0
New Alamar Dist (221742),"45-12 48th Avenue, Queens County, NY, USA",40.7391345,-73.9199488,11377,Inactive,0
AJ Package (774868),"548 Northside Drive Northwest, Atlanta, GA, USA",33.769585,-84.4050578,30318,Inactive,0
Ringgold Fine Wines & Spirits (248434),"1991 Fort Campbell Boulevard, Clarksville, TN, USA",36.5936667,-87.4170819,37042,Inactive,0
McDaniel's Liquor Store (674194),"708 Saluda Street, Rock Hill, SC, USA",34.9167078,-81.0277711,29730,Active,15
Bridgewater Liquor (970161),"25 Broad Street, Bridgewater, MA, USA",41.9907867,-70.9749528,02324,Inactive,0
Kew Garden Wine & Spirits (920363),"80-45 Kew Gardens Road, Queens County, NY, USA",40.7134492,-73.8299169,11415,Inactive,0
Ocean Wine & Spirits (863440),"157 Popes Island, New Bedford, MA, USA",41.6405085,-70.9151105,02740,Inactive,0
King Cork Wine & Liquor (969734),"2430 Watt Street, Schenectady, NY, USA",42.7839777,-73.9191501,12304,Inactive,0
Chamblee Liquor (734124),"3364 Chamblee Tucker Road, Chamblee, GA, USA",33.887035,-84.254631,30341,Active,14
Falcon Food & Liquor (318125),"14508 Archer Avenue, Lockport, IL, USA",41.623467,-88.0268174,60441,Inactive,0
Lake Arbor Liquor (754936),"8731 Sheridan Boulevard, Arvada, CO, USA",39.8546505,-105.0541906,80003,Inactive,0
One Stop Food & Liquor (106615),"1015 North Fairfield Road, Round Lake Beach, IL, USA",42.3669952,-88.1099208,60073,Inactive,0
Colonial Liquor & Wine (735781),"12286 East Colonial Drive, Orlando, FL, USA",28.5650088,-81.1965778,32826,Active,36
Wine Art And Liquor (614380),"37-16 Astoria Boulevard South, Queens County, NY, USA",40.7688875,-73.912459,11103,Active,39
Pina Wine & Spirits (Gladstone - 779120),"5753 Northeast Antioch Road, Gladstone, MO, USA",39.2097949,-94.5360756,64119,Inactive,2
Pina Wine & Spirits (Odessa - 788182),"412 North 2nd Street, Odessa, MO, USA",39.0053401,-93.9526561,64076,Inactive,0
Barrel Blends Wine & Spirit (# 3 - 294052),"13645 Big Bend Road, St. Louis, MO, USA",38.5690556,-90.4776644,63122,Active,5
Liberty Wine & Spirit (837535),"1177 West Kansas Street, Liberty, MO, USA",39.2439337,-94.440905,64068,Inactive,4
3rd Ave Wine & Liquor (999370),"2171 3rd Avenue, New York, NY, USA",40.7993694,-73.938638,10035,Active,61
Lexington Wine & Liquor (260325),"1755 Lexington Avenue, New York, NY, USA",40.7940026,-73.9447305,10029,Active,48
Amsterdam Wine and Liquor (202402),"1356 Amsterdam Avenue, New York, NY, USA",40.8141371,-73.9559731,10027,Active,6
Eastgate Liquor's N Reading (411858),"20 Main Street, North Reading, MA, USA",42.566675,-71.1093298,01864,Active,48
East Gate Liquor (413230),"211 Lowell Street, Wilmington, MA, USA",42.5388391,-71.1475185,01887,Active,58
Casablanca Wine and Spirits (534739),"6765 West 120th Avenue, Broomfield, CO, USA",39.9152926,-105.0696466,80020,Inactive,0
Liquor Expo (459320),"2154 North Halsted Street, Chicago, IL, USA",41.9215589,-87.6488776,60614,Active,18
Wides Deli & Liquors (333541),"85 Central Avenue, Ridgefield Park, NJ, USA",40.8646834,-74.0275163,07660,Active,9
Camden Liquor (955846),"151a Highway 641 North, Camden, TN, USA",36.0618782,-88.1160391,38320,Active,45
A Liquor Warehouse (955132),"605 Middleton Road, Winona, MS, USA",33.4863849,-89.7379975,38967,Active,5
Beer Barrel Liquor (595688),"1070 West Fulton Street, Waupaca, WI, USA",44.3570095,-89.1114793,54981,Inactive,0
Hilltop Wines & Liquor (662069),"368 New Hempstead Road, New City, NY, USA",41.1491438,-74.0207834,10956,Inactive,0
A & L Liquor (544315),"2611 Washington Street, Waller, TX, USA",30.0556448,-95.9280881,77484,Inactive,0
DB LIQUOR (653312),"8312 Burnet Road, Austin, TX, USA",30.3639204,-97.7295402,78757,Inactive,0
Armanetti Express (340848),"3106 Three Oaks Road, Cary, IL, USA",42.2197051,-88.2580112,60013,Active,23
King's Liquor (841136),"15378 Tennessee 22, Lexington, TN, USA",35.7061346,-88.3872487,38351,Inactive,0
New Rochelle Wines (609305),"558 North Avenue, New Rochelle, NY, USA",40.9209443,-73.787569,10801,Active,12
Brandons Package Store - FYTL (Fayetteville - 309921),"965 Glynn Street North, Fayetteville, GA, USA",30.8715901,-83.2771907,30214,Inactive,34
Unique Liquor and Tobacco (605985),"642 West Algonquin Road, Des Plaines, IL, USA",42.0304851,-87.9370909,60016,Inactive,0
Southern Spirits (408844),"12750 Georgia 144, Richmond Hill, GA, USA",31.9099286,-81.278907,31324,Inactive,0
Bonnie Liquor (133491),"1079 West Round Grove Road, Lewisville, TX, USA",33.0063824,-97.0171051,75067,Inactive,0
Brandon's Package Store - PTC (Peachtree City - 570940),"101 Petrol Point, Peachtree City, GA, USA",30.4634256,-84.2840298,30269,Inactive,32
Americana Foods (156266),"15041 Plymouth Road, Detroit, MI, USA",42.3723932,-83.1925747,48227,Inactive,0
Acme Liquors (161475),"722 Dartmouth Street, Dartmouth, MA, USA",41.5999852,-70.9398656,02748,Inactive,0
Teaneck Discount Liquor (202673),"764 New Bridge Road, Teaneck, NJ, USA",40.9155043,-74.0264319,07666,Active,92
Highway 138 Package Store (588265),"1028 Georgia 138, Stockbridge, GA, USA",33.5414882,-84.2863467,30281,Inactive,0
(VOID) Preet Liquors (270086),"1035 Little Britain Road, New Windsor, NY, USA",41.4860552,-74.0929436,12553,Inactive,0
Preet Liquors (726702),"1035 Little Britain Road, New Windsor, NY, USA",41.4860552,-74.0929436,12553,Inactive,0
B-Liquors (B-liquors - 382312),"2841 West 120th Avenue, Westminster, CO, USA",39.9151508,-105.0215455,80234,Inactive,10
The Bottle House (537745),"3443 14th Street Northwest, Washington, DC, USA",38.9330445,-77.0324195,20010,Active,11
Warehouse Package Store (829866),"407 Vallotton Drive, Valdosta, GA, USA",30.8493245,-83.2794853,31602,Active,0
Cumming Beverage Mart (216517),"1770 Buford Highway, Cumming, GA, USA",34.1608671,-84.115269,30041,Inactive,0
Discount Liquors (131509),"380 Granite Street, Quincy, MA, USA",42.2422489,-71.01518,02169,Inactive,0
Universal Fine Wine and Spirits (592801),"1542 US Highway 19 North, Holiday, FL, USA",28.1815679,-82.7396495,34691,Inactive,0
A1 liquor (763891),"1145 East Colorado Street, Glendale, CA, USA",34.1429904,-118.2399392,91205,Inactive,0
Joe Canal's - Marlboro (Joe Canal's - 381723),"167 U.S. 9, Marlboro, NJ, USA",40.8150431,-74.2186063,07751,Inactive,32
Newington Liquor Shoppe (Newington Liquor - 580911),"143 Lowrey Place, Newington, CT, USA",41.6946116,-72.7198318,06111,Inactive,0
South Beach Liquor (South Beach Liquor - 103972),"601 Collins Avenue, Miami Beach, FL, USA",25.7756603,-80.1324897,33139,Active,12
WILD ORCHID LIQUORS (WILD ORCHID LIQUORS - 260032),"1175 Utica Avenue, Kings County, NY, USA",40.6439435,-73.9292537,11203,Inactive,0
DuPage Liquor (243379),"27W237 Geneva Road, Winfield, IL, USA",41.8869971,-88.1529682,60190,Inactive,0
I-75 Wine & Spirits (208370),"1420 25th Street Northwest, Cleveland, TN, USA",35.1905486,-84.8817098,37311,Active,40
Jacobs Liquor (325164),"7340 Texas 78, Sachse, TX, USA",32.9876743,-96.5754381,75048,Active,17
P & P LIQUOR STORE (P & P LIQUOR STORE - 183099),"4151 Mercer University Drive, Macon, GA, USA",32.8255302,-83.7073563,31204,Active,126
Shoreview Liquors (Shoreview Liquors - 444857),"420 South Norfolk Street, San Mateo, CA, USA",37.5716699,-122.3109453,94401,Inactive,0
Top Shelf Liquor Ashburn (Top Shelf - 749055),"341 Martin Luther King Junior Drive, Ashburn, GA, USA",31.6997205,-83.6553544,31714,Inactive,0
Cork n Bottle Liquors (Cork n Bottle Liquor - 985862),"5200 Mowry Avenue, Fremont, CA, USA",37.5335162,-121.999071,94538,Inactive,0
Cabin Fever Wine & Spirits (736142),"120 Pleasant Hill Rd, Nesbit, Hernando, MS, USA",34.8842926,-89.9943715,38651,Active,23
Cub Liquors (595426),"242 Lincoln Boulevard, Middlesex, NJ, USA",40.5627519,-74.5108974,08846,Inactive,0
Beverage World of Cumming (694008),"745 Lanier 400 Parkway, Cumming, GA, USA",34.209286,-84.1275626,30040,Active,318
Johns Creek Wine & Crystal (641386),"9810 Medlock Bridge Road, Johns Creek, GA, USA",34.0205297,-84.1900367,30097,Inactive,0
Luxury Wines and Spirits (550162),"1450 West Mission Road, San Marcos, CA, USA",33.1508411,-117.1918181,92069,Inactive,0
H&H Discount Liquors (H&H Discount Liquors - 708801),"3505 John F. Kennedy Boulevard, Jersey City, NJ, USA",40.7517501,-74.0538731,07307,Active,31
214 Liquor (214 Liquor - 591910),"110 West Liberty Street, Farmington, MO, USA",37.7811904,-90.4220584,63640,Active,0
Liquor Store (775567),"1503 Prospect Road, Oakland Park, FL, USA",26.1823172,-80.163116,33309,Inactive,0
Nola Filling Station (647893),"2530 Canal Street, New Orleans, LA, USA",29.9639985,-90.0859037,70119,Inactive,0
Sunrise Liquor & Tobacco (977696),"450 State Route 31, Crystal Lake, IL, USA",42.2543649,-88.289837,60012,Inactive,0
DeSoto Liquor & Wine (304473),"904 Goodman Road West, Horn Lake, MS, USA",34.9631722,-90.0057014,38637,Inactive,0
DeSoto Liquor & Wine (DeSoto Liquor - 462224),"904 Goodman Road West, Horn Lake, MS, USA",34.9631722,-90.0057014,38637,Inactive,0
Everest Liquor (Everest Liquor - 588972),"229 Grand Avenue, Pacific Grove, CA, USA",36.619683,-121.9173991,93950,Inactive,0
Florida Cork & Bottle (940325),"1916 Florida A1A, Indian Harbour Beach, FL, USA",28.1520637,-80.585135,32937,Inactive,0
Regal Beer and Wine Liquor Store (701172),"12651 Town Center Drive, Covington, GA, USA",33.622905,-83.8388301,30014,Inactive,0
Valley Discount Wine & Liquor (402377),"555 Main Street, Ansonia, CT, USA",41.3356485,-73.0755492,06401,Inactive,20
Madison Wine Exchange (975502),"188 Boston Post Road, Madison, CT, USA",41.281466,-72.631869,06443,Inactive,4
Bottle Stop Wine & Spirit Superstore - Torrington (577299),"31 South Main Street, Torrington, CT, USA",41.7995273,-73.1194242,06790,Inactive,4
Bottle Stop Wine & Spirit Superstore - Newtown (248505),"5 Queen Street, Newtown, CT, USA",41.4131397,-73.3021139,06470,Inactive,4
Bottle Stop Wine & Spirit Superstore - Avon (858787),"260 West Main Street, Avon, CT, USA",41.813668,-72.853346,06001,Inactive,5
Hamilton Street Liquors (238963),"628 Hamilton Street, Franklin Township, NJ, USA",40.4923552,-74.4699711,08873,Inactive,0
Portofino Wine Bank (561038),"500 South Pointe Drive, Miami Beach, FL, USA",25.7681096,-80.1346731,33139,Inactive,0
Chucks Market (818827),"7133 Saint Charles Avenue, New Orleans, LA, USA",29.9374993,-90.1264872,70118,Inactive,0
Krauszer's Food & Wines (151741),"649 18th Avenue, Irvington, NJ, USA",40.7338464,-74.2140638,07111,Active,20
City Liquors & Wines (934311),"1290 Sheridan Drive, Buffalo, NY, USA",42.9811518,-78.8864829,14217,Active,16
Beverage World (801025),"1840 Lafayette Road, Fort Oglethorpe, GA, USA",34.96225,-85.2610117,30742,Active,3
Fresh Mart Wine & Beer (699499),"222 Broadway, Cambridge, MA, USA",42.3663479,-71.0941159,02139,Inactive,0
Edison Market (712467),"447 South Montezuma Street, Prescott, AZ, USA",34.5343854,-112.4698936,86303,Inactive,0
ABC Liquor Wine and Beer (637624),"330 Cherokee Place, Cartersville, GA, USA",34.1735245,-84.7835883,30121,Active,48
Discount Wine & Liquor (147480),"8946 Airways Boulevard, Southaven, MS, USA",34.990475,-89.9892551,38671,Inactive,9
Liquor Palace- Groton (Liquor Palace - 293092),"116 Fort Hill Road, Groton, CT, USA",41.3465253,-72.0275603,06340,Active,130
Joey's Liquor store (471218),"5135 East 10th Street, Indianapolis, IN, USA",30.8963511,-83.321362,46219,Inactive,32
23 Wine and Spirits (997730),"1284 New Jersey 23, Butler, NJ, USA",40.9916133,-74.3452757,07405,Active,46
Ali's Liquors (585430),"296 Smith Street, Perth Amboy, NJ, USA",40.5108402,-74.2755301,08861,Inactive,0
Centennial Wine And Spirts (245647),"2300 Holcomb Bridge Road, Roswell, GA, USA",34.0048159,-84.2946945,30076,Inactive,0
Lafayette Food & Liquor (762933),"1670 Lafayette Street, Santa Clara, CA, USA",37.3564517,-121.9469823,95050,Inactive,6
Bevdas Wine and Spirits (729361),"16955 Torrence Avenue, Lansing, IL, USA",41.5868023,-87.5582028,60438,Inactive,0
J & R Liquor (124639),"1401 West Court Street, Janesville, WI, USA",42.679172,-89.0372647,53548,Inactive,0
Whittaker Liquors (601648),"463 Whittaker Avenue, Trenton, NJ, USA",40.2105356,-74.7482231,08611,Inactive,0
Dukes Wine & Spirits (Dukes Wine - 289402),"614 North Church Street, Thomaston, GA, USA",32.8989611,-84.3282792,30286,Inactive,0
J & R Liquor (560652),"1401 West Court Street, Janesville, WI, USA",41.6536806,-86.1771857,53548,Inactive,31
Angel Wine & Liquors (Angel Wine - 411258),"78 North 6th Street, Paterson, NJ, USA",40.9277818,-74.1766062,07522,Inactive,0
Pereiras Liquor (451129),"318 Morris Avenue, Elizabeth, NJ, USA",40.6692496,-74.2182968,07208,Inactive,9
BuyRite Liquor Kearny (BuyRite Liquor - 281135),"220 Harrison Avenue, Kearny, NJ, USA",40.7483347,-74.1351901,07032,Inactive,0
Smokeshop (Smokeshop - 895372),"11086 Midland Boulevard, St. Louis, MO, USA",38.704273,-90.4056799,63114,Inactive,0
Niantic Market Liquor (822692),"195 East Lewis Street, Niantic, IL, USA",39.8531692,-89.1667692,62551,Active,1
Whiskey & Wine (Whiskey & Wine - 678299),"563 Boylston Street, Boston, MA, USA",42.3507143,-71.0762011,02116,Active,69
R&D Food and Liquor (R&D Liquor - 110551),"1026 10th Street, Waukegan, IL, USA",42.3417146,-87.8446538,60085,Inactive,16
Grapes and Grains (Grapes and Grains - 325455),"192 Forbes Avenue, New Haven, CT, USA",41.29466,-72.8990838,06512,Inactive,26
Santee Mini Market (Santee Mini Market - 600035),"8781 Cuyamaca Street, Santee, CA, USA",32.8353233,-116.9832186,92071,Inactive,0
The Liquor Book (148378),"43904 Mound Road, Sterling Heights, MI, USA",42.6159821,-83.0507845,48314,Inactive,0
Lushka Liquors (805922),"358 Palisade Avenue, Bogota, NJ, USA",40.8774713,-74.0251947,07603,Inactive,0
Specy Liquor (960044),"8108 Martin Luther King Boulevard, Houston, TX, USA",42.4527759,-89.0732684,77033,Inactive,29
Christy's Liquors (ChristysLiquors - 137694),"4220 San Felipe Street, Houston, TX, USA",29.7469283,-95.4495751,77027,Active,216
Robert's Liquors (Robert's Liquors - 675177),"240 Eisenhower Drive, Biloxi, MS, USA",30.3978618,-88.9920847,39531,Inactive,0
BP Liquor Store (BP Liquor - 150350),"2219 West Jefferson Street, Joliet, IL, USA",41.522827,-88.1346956,60435,Active,10
Sweetwater Package Store (467382),"3900 Peachtree Industrial Boulevard, Duluth, GA, USA",33.9865073,-84.1700314,30096,Active,195
ABC Liquor & Tobacco Outlet (ABC Liquor & Tobacco - 836630),"241 Highway 53, Calhoun, GA, USA",34.477831,-84.9339095,30701,Inactive,0
Sharon Xing Beverage (Sharon Xing Beverage - 186984),"1465 Peachtree Parkway, Cumming, GA, USA",34.1252432,-84.1698626,30041,Inactive,11
Star Liquor (422827),"3076 Riverside Drive, Macon, GA, USA",32.8892608,-83.6778912,31210,Active,162
Honeycreek Liquor & Tobacco (822586),"3491 Georgia 20, Conyers, GA, USA",33.596807,-84.0153045,30013,Active,17
Quick Stop Food and Liquor (966186),"625 West Greenwood Avenue, Waukegan, IL, USA",42.3844213,-87.8384943,60087,Inactive,9
Liquor Island Warehouse (980352),"2498 Flatbush Avenue, Kings County, NY, USA",39.7812869,-86.0822668,11234,Inactive,29
Rotondos Liquors Deli & Fine Foods (Rotondos Liquors Del - 709951),"1040 Lake Avenue, Clark, NJ, USA",40.6118302,-74.3310155,07066,Inactive,0
Blarney Stone Wine & Spirits 4 (Olive St - 162384),"260 South Olive Street, South Bend, IN, USA",41.67308,-86.28236,46619,Inactive,2
Chimmy's (703541),"3921 Maplewood Drive, Sulphur, LA, USA",30.2271288,-93.3279527,70663,Inactive,1
NJWineSeller (Green Brook - 326061),"398 U.S. 22, Green Brook Township, NJ, USA",40.5842283,-74.5137967,08812,Inactive,0
NJWineSeller (Cranford - 657222),"6 South Avenue West, Cranford, NJ, USA",40.6545396,-74.3072379,07016,Inactive,0
NJWineSeller (Cranbury - 597714),"21 South Main Street, Cranbury, NJ, USA",40.3077816,-74.5174895,08512,Inactive,0
Liquor Mart (173235),"1132 U.S. 46, Clifton, NJ, USA",40.8705059,-74.1832621,07013,Inactive,0
Route K One Stop (697982),"5827 State Highway K, Cape Girardeau, MO, USA",37.3117413,-89.6265623,63701,Inactive,0
Liquor Palace (Pawtucket - 168737),"155 Broad Street, Pawtucket, RI, USA",41.8815732,-71.3862712,02860,Active,276
Andrade's Liquors (229916),"280 Washington Street, Stoughton, MA, USA",42.1379298,-71.1001602,02072,Active,40
Phillips 66 Lake Zurich (Lake Zurich - 682406),"487 South Rand Road, Lake Zurich, IL, USA",42.1882323,-88.1053558,60047,Active,2
Thompson Wine & Spirit (563662),"759 Quinebaug Road, Thompson, CT, USA",42.0249768,-71.9513298,06255,Active,138
Penguin Liquors (#3 Creasy Lane Tower - 652446),"981 South Creasy Lane, Lafayette, IN, USA",40.4041948,-86.8376819,47905,Inactive,0
Penguin Liquor (#4 BarBarry - 171853),"2108 Veterans Memorial Parkway South, Lafayette, IN, USA",40.3676119,-86.8706214,47909,Inactive,0
Penguin Liquors (#5 South 9th - 324467),"3000 South 9th Street, Lafayette, IN, USA",40.3836861,-86.8870236,47909,Inactive,0
Penguin Liquors (# 6 Brookston  - 978213),"103 North Prairie Street, Brookston, IN, USA",40.6049748,-86.8691315,47923,Inactive,0
Five Corners Wine & Spirits (502806),"192 Windsorville Road, Ellington, CT, USA",41.8670282,-72.4917142,06029,Active,15
Freehold Liquor & Wine (470313),"3275 U.S. 9, Freehold Township, NJ, USA",40.2206622,-74.2656616,07728,Active,188
Hillsboro Liquors (766423),"4420 West Hillsboro Boulevard, Coconut Creek, FL, USA",26.3170665,-80.184299,33073,Active,6
A1 Hoboken Liquors (226376),"98 Willow Avenue, Hoboken, NJ, USA",40.7379056,-74.034711,07030,Inactive,20
Joe Canal's Discount Liquors (Joe Canal's Discount - 276274),"1725 Sicklerville Road, Gloucester Township, NJ, USA",39.7503092,-75.0248687,08081,Inactive,0
1010 Washington Wine & Spirits (621991),"1010 Washington Avenue South, Minneapolis, MN, USA",44.9760224,-93.2541122,55415,Inactive,8
Sigelmans liquor and wine (406133),"332 Martin Luther King Drive, Jersey City, NJ, USA",40.7100765,-74.0798293,07305,Inactive,0
Big Discount Wine & Liquors (867865),"1524 Connecticut 12, Ledyard, CT, USA",41.411067,-72.0728764,06335,Active,13
Bears Place Package Store (855782),"126 Gallup Hill Road, Ledyard, CT, USA",41.4296584,-71.9830365,06339,Active,33
Wine Underground (350310),"4400 Evans Chapel Road, Baltimore, MD, USA",39.3427291,-76.6361838,21211,Inactive,0
Ledyard Town Spirits (994133),"749a Colonel Ledyard Highway, Ledyard, CT, USA",41.443246,-72.017605,06339,Active,18
New London Wine & Spirits (693650),"643 Broad Street, New London, CT, USA",41.3672188,-72.1242459,06320,Active,112
Marshfield Liquors (118302),"1852 Ocean Street, Marshfield, MA, USA",42.0925381,-70.703368,02050,Active,47
T J Convenience (711980),"182 Thorndike Street, Brookline, MA, USA",42.3502282,-71.1261951,02446,Active,3
Orale Liquor (501754),"9702 Brockbank Drive, Dallas, TX, USA",32.8667598,-96.8751434,75220,Active,6
Montague Liquor and Wine (506400),"908 Montague Avenue, Greenwood, SC, USA",34.2087124,-82.1749715,29649,Inactive,0
Delite Liquor Store (302128),"420 Washington Street, Hoboken, NJ, USA",40.7420917,-74.0297769,07030,Active,26
Summit Fine Wine and Spirits (215728),"832 Glynn Street South, Fayetteville, GA, USA",33.432881,-84.455359,30214,Active,213
Drip & Drop Liquor Store (666039),"11289 Highway 92, Woodstock, GA, USA",34.0870016,-84.500383,30188,Inactive,0
George's Liquor (378748),"309 Wollard Boulevard, Richmond, MO, USA",39.2756119,-93.9598412,64085,Inactive,3
Fairview Mart & Liquor (690163),"6314 Main Street, Downers Grove, IL, USA",41.7721441,-88.0090431,60516,Inactive,9
The Bottle House (834790),"3012 Grape Street, San Diego, CA, USA",32.7266482,-117.1300342,92102,Inactive,0
State Liquors (629379),"6727 West Pershing Road, Stickney, IL, USA",41.8210875,-87.7915694,60402,Active,4
Endzone Lounge & Liquors (273218),"425 Bound Brook Road, Middlesex, NJ, USA",40.5843325,-74.4830392,08846,Active,44
Southside Liquors (292071),"3090 South Monroe Street, Tallahassee, FL, USA",30.4058361,-84.2811715,32301,Active,10
Liquor Empire (815584),"2825 West 13th Street North, Wichita, KS, USA",29.6656912,-95.3376517,67203,Inactive,27
Mike's Liquor Store (473513),"6425 U.S. 29, Grantville, GA, USA",33.2293529,-84.8453015,30220,Active,17
Seaside Liquors (188504),"718 Ocean Boulevard, Seaside Heights, NJ, USA",39.9424976,-74.0732775,08751,Inactive,0
Emvee Liquors (522470),"869 Sullivan Avenue, South Windsor, CT, USA",41.8467662,-72.5673802,06074,Active,1
Alps Discount Liquor & Smokes (701298),"2602 South Main Street, Joplin, MO, USA",37.0619438,-94.5149446,64804,Inactive,5
Mac's Wine Spirits & Beer (689529),"3500 Southwest Regional Airport Boulevard, Bentonville, AR, USA",36.3366349,-94.2520831,72712,Inactive,0
Darien Liquor (308763),"8125 South Cass Avenue, Darien, IL, USA",41.7403839,-87.9720114,60561,Active,7
Ben's Wine & Spirits (946644),"259 South Bridge Street, Winnemucca, NV, USA",40.9738535,-117.7347487,89445,Active,17
Liquor Rangers (592979),"206 North Wood Avenue, Linden, NJ, USA",40.6314782,-74.2537524,07036,Active,75
Fairview Liquor (481494),"4050 Wolf Road, Oswego, IL, USA",41.686803,-88.3390745,60543,Inactive,5
Big Boys Liquor (374686),"406 East Main Street, Allen, TX, USA",33.1000415,-96.6629768,75002,Active,81
Blackwood Liquor & Wine (794569),"7408 Black Forest Road, Colorado Springs, CO, USA",38.9394117,-104.7018135,80923,Inactive,0
Fillmore Liquor (936820),"810 East Fillmore Street, Colorado Springs, CO, USA",38.8743221,-104.8101004,80907,Inactive,0
The Liquor Store (485660),"7715 Dublin Boulevard, Colorado Springs, CO, USA",38.9260991,-104.6841824,80923,Inactive,0
Cheers Wine and Liquor (846049),"4585 East Highway 20, Niceville, FL, USA",30.4804718,-86.4135303,32578,Active,12
8 Days Liquor (795942),"1700 Taylor Avenue, Parkville, MD, USA",39.3817813,-76.5606479,21234,Inactive,0
Fairview Mart & Tobacco (975659),"402 75th Street, Downers Grove, IL, USA",41.7525853,-87.9941527,60516,Inactive,0
Downtown Food Mart (913814),"4946 Main Street, Downers Grove, IL, USA",41.7968381,-88.0109679,60515,Inactive,0
Bergenfield Liquors and Fine Wines (784076),"5 South Washington Avenue, Bergenfield, NJ, USA",40.9276244,-73.9958811,07621,Inactive,0
Communipaw Liquor (978950),"743 Communipaw Avenue, Jersey City, NJ, USA",40.7196652,-74.0792407,07304,Inactive,0
King Cole Liquor (688120),"1802 Richmond Avenue, Houston, TX, USA",29.7344999,-95.4046715,77098,Active,41
R & B Liquors (339168),"189 Belleville Avenue, New Bedford, MA, USA",41.6573573,-70.9240405,02746,Inactive,0
James Convenience Store (516906),"55 James Reynolds Road, Swansea, MA, USA",41.7711807,-71.263779,02777,Inactive,0
West Cobb Wine and Spirits (888927),"2500 Dallas Highway, Marietta, GA, USA",33.9481468,-84.625347,30066,Active,44
P & B Liquors (808091),"12398 U.S. 23, Harold, KY, USA",37.5333608,-82.6279871,41635,Active,0
Blue Goose Liquor (338423),"363 East 17th Street, Centralia, IL, USA",38.5101127,-89.1368431,62801,Active,3
Midtown Liquors & Tobacco (796085),"617 West Broadway, Centralia, IL, USA",38.5289386,-89.1449508,62801,Active,5
Savi Provisions Decatur (857766),"180 West Ponce de Leon Avenue, Decatur, GA, USA",33.7754189,-84.2983246,30030,Active,55
House of Wine & Liquor (Boonton - 156872),"308 Wooton Street, Boonton, NJ, USA",40.9087349,-74.4026118,07005,Inactive,0
Flatbush Discount Liquors (648199),"1023 Flatbush Avenue, Kings County, NY, USA",40.646093,-73.9578028,11226,Active,25
Kings Liquor Outlet (982479),"542 Berlin - Cross Keys Road, Winslow Township, NJ, USA",39.7416889,-74.9951111,08081,Inactive,16
West 82 Wine and Liquor (353649),"102 Salem Turnpike, Norwich, CT, USA",41.5111304,-72.1129294,06360,Inactive,3
Sonnys Liquor & Cigars (712963),"20041 Katy Freeway, Katy, TX, USA",29.7823439,-95.7202213,77449,Inactive,0
Beyond Water Wine & Spirits (449907),"991 Thornton Road, Lithia Springs, GA, USA",33.778045,-84.6071477,30122,Active,59
Peachtree Package Store (448007),"300 Peachtree Street Northeast, Atlanta, GA, USA",33.7625422,-84.3878669,30308,Active,53
The Beverage Depot (589902),"3355 Georgia 9, Alpharetta, GA, USA",34.1266271,-84.2595063,30004,Active,30
Guys Package Store (494133),"1417 New Jersey 33, Neptune City, NJ, USA",40.2093022,-74.0288647,07753,Active,17
Astro Liquor (271337),"10000 Avalon Boulevard, Los Angeles, CA, USA",33.9453535,-118.2647444,90003,Inactive,0
Happy Liquors (852093),"110 Cordele Road, Albany, GA, USA",31.5768895,-84.0901057,31705,Inactive,4
El Dorado Winehouse (671270),"340 U.S. 46, Mountain Lakes, NJ, USA",40.8844435,-74.4616053,07046,Active,4
Rego Park Wines & Liquors (474131),"97-24 63rd Road, Queens County, NY, USA",40.7312708,-73.8596294,11374,Active,26
Paradise Wines & Spirits (572723),"12353 Tennessee 72, Loudon, TN, USA",35.7305676,-84.3888782,37774,Active,48
Bama Liquors (895777),"5364 U.S. 90, Mobile, AL, USA",30.5934058,-88.1703218,36619,Active,22
The Southern Liquors (328678),"5440 U.S. 90, Mobile, AL, USA",30.5868867,-88.1713666,36619,Active,8
Spring Hill Liquors (418296),"4366 Old Shell Road, Mobile, AL, USA",30.69904,-88.143036,36608,Active,15
"Supreme International Beer, Wine & Spirits (824385)","1338 Veterans Memorial Highway SW building 200, Mableton, GA, USA",33.8157742,-84.5948048,30126,Inactive,27
King's Cellars (313169),"8304 3rd Avenue, Kings County, NY, USA",40.6256012,-74.0304686,11209,Inactive,0
Glen Ridge Liquor (650961),"855 Bloomfield Avenue, Glen Ridge, NJ, USA",40.8023879,-74.2046517,07028,Active,1
Wine County - Saddle Brook (189493),"195 Market Street, Saddle Brook, NJ, USA",40.8962376,-74.0874502,07663,Active,8
Good Times Package Store (655286),"4771 Alabama Road, Roswell, GA, USA",34.0650706,-84.4246212,30075,Active,4
Oak Barrel Wine & Spirits (553079),"75 Church Hill Road, Newtown, CT, USA",41.4179135,-73.2928097,06482,Active,66
Highland Vineyards Wine & Spirits (706419),"3506 Town Center Drive, Highlands Ranch, CO, USA",39.5473552,-105.0344265,80129,Active,28
South Shore Wine & Spirit (555542),"662 Coe Avenue, East Haven, CT, USA",41.2662691,-72.8735633,06512,Inactive,0
Bridge Package Store (596303),"170 Bridge Street, Groton, CT, USA",41.3621801,-72.0788739,06340,Inactive,0
Wine Dad's (244226),"1330 Willow Avenue, Hoboken, NJ, USA",40.7536041,-74.0301959,07030,Inactive,4
Lilburn Package (696167),"501 Indian Trail Lilburn Road Northwest, Lilburn, GA, USA",33.8969635,-84.1411806,30047,Active,57
Roselle Park Liquors (857044),"117 West Colfax Avenue, Roselle Park, NJ, USA",40.668756,-74.2696281,07204,Active,26
Top Shot Package Store (370807),"320 Georgia 314, Fayetteville, GA, USA",33.4768919,-84.4503171,30214,Inactive,0
Top Shot Package Store (438419),"320 Georgia 314, Fayetteville, GA, USA",33.4768919,-84.4503171,30214,Active,94
American Liquor and Wine (179759),"815 West 1st Street, Justin, TX, USA",33.0847609,-97.3052567,76247,Inactive,0
Ashburn Liquor Store (991341),"386 East Washington Avenue, Ashburn, GA, USA",31.7076642,-83.6477473,31714,Active,62
Golden Eagle Wine & Spirits (613170),"8528 Magnolia Avenue, Santee, CA, USA",32.8301324,-116.9633499,92071,Inactive,0
Cardiff Valero Market (708698),"820 Birmingham Drive, Encinitas, CA, USA",33.0268911,-117.2733983,92007,Inactive,0
Top Shelf Package (933974),"101 West Walnut Avenue, Dalton, GA, USA",34.7602261,-84.9691566,30720,Inactive,0
Ultimate Wine And Spirits (371701),"310 Saw Mill River Road, Elmsford, NY, USA",41.0656944,-73.8127761,10523,Active,4
Bilow Wines & Liquors (422124),"310 West Sylvania Avenue, Neptune City, NJ, USA",40.2056961,-74.0480508,07753,Inactive,5
The Good Pour College Park (299214),"2201 Edgewater Drive, Orlando, FL, USA",28.5713473,-81.389215,32804,Inactive,0
The Good Pour Longwood (589393),"2648 West State Road 434, Longwood, FL, USA",28.6870759,-81.4112993,32779,Inactive,0
Foremost Liquors (724863),"275 Green Bay Road, Wilmette, IL, USA",42.0717473,-87.7053619,60091,Active,18
Big Bull Liquor (992926),"1430 West Main Street, Lebanon, TN, USA",36.2168076,-86.3334377,37087,Active,26
Mondo Vino (455015),"3601 West 32nd Avenue, Denver, CO, USA",39.7623381,-105.0347833,80211,Inactive,0
Liquor Cabinet (251401),"1924 East Milwaukee Street, Janesville, WI, USA",42.6919244,-88.9984923,53545,Inactive,0
Union Liquor (602569),"420 Union Street, Westfield, MA, USA",42.1131879,-72.7130855,01085,Inactive,4
Star Liquors (522084),"8610 Washington Boulevard, Jessup, MD, USA",39.1469279,-76.808871,20794,Active,9
3 S Liquor Store (525464),"8031 Wadsworth Boulevard, Arvada, CO, USA",39.8434311,-105.0838725,80003,Inactive,0
Ottomanelli's Liquor Store (207138),"422 Monroe Street, Hoboken, NJ, USA",40.743767,-74.0388882,07030,Active,48
Swej Wine & Spirits (237399),"830 South Milwaukee Avenue, Libertyville, IL, USA",42.2742753,-87.9503997,60048,Active,4
Hi-Time Wine & Spirits (587301),"2300 East 120th Avenue, Thornton, CO, USA",39.9132844,-104.9572204,80233,Active,4
Medford Wine & Spirits (941331),"45 Salem Street, Medford, MA, USA",42.4183569,-71.1081103,02155,Inactive,0
Astros Liquor 2 (Astrros  - 245006),"259 West Imperial Highway, Los Angeles, CA, USA",33.9313745,-118.2781806,90061,Inactive,0
Central Ave Liquors (116801),"6115 Central Avenue, Capitol Heights, MD, USA",38.8851102,-76.9086651,20743,Active,21
Wallington Wine & Liquor (537110),"168 Main Avenue, Wallington, NJ, USA",40.8545555,-74.1113163,07057,Active,23
Chamblee Package Store (932524),"2511 Chamblee Tucker Road, Chamblee, GA, USA",33.885308,-84.2853636,30341,Active,28
Daphne Liquors (216513),"28691 U.S. 98, Daphne, AL, USA",30.6429539,-87.9133688,36526,Active,14
Centennial Wine and Spirits (483877),"324 McCaslin Boulevard, Louisville, CO, USA",39.9656907,-105.1618415,80027,Active,4
Kilroy's Package Store (Kilroy's - 328110),"4877 Old National Highway, Atlanta, GA, USA",33.6226894,-84.4752295,30337,Active,61
Sushi Yamamoto (675721),"218 North Rodeo Drive, Beverly Hills, CA, USA",34.0674249,-118.4006047,90210,Inactive,0
Oconee Beverages (684263),"2540 Lake Oconee Parkway, Greensboro, GA, USA",33.5427953,-83.2072333,30642,Active,38
358 West Side Liquors (562411),"358 West Side Avenue, Jersey City, NJ, USA",40.7140964,-74.0885678,07305,Active,8
Dix's Liquor and Spirit Shop (740167),"460 South Washington Avenue, Piscataway, NJ, USA",40.5808088,-74.4552338,08854,Inactive,4
Fossil Creek Liquor (997781),"3001 South Central Expressway, McKinney, TX, USA",33.1708225,-96.6380912,75070,Active,15
South Gate Liquor (788606),"1 South Gate Drive, Poughkeepsie, NY, USA",41.6423851,-73.9209092,12601,Inactive,0
Southbridge Liquor & Market (148555),"1 South Bridge Drive, Agawam, MA, USA",42.0822883,-72.5879997,01001,Inactive,0
Square Package Store (960150),"258 Broad Street, Norwich, CT, USA",41.5317179,-72.0700028,06360,Active,4
Samosas Wine & Spirits (353916),"10250 Baltimore Avenue, College Park, MD, USA",39.0226664,-76.9258787,20740,Active,21
In and Out Liquors (#1234 Port St. Lucie - 580422),"1234 Southwest Gatlin Boulevard, Port St. Lucie, FL, USA",27.2612715,-80.3859102,34953,Active,7
In and Out Liquors (#10680 Crosstown - 426908),"10680 Crosstown Parkway, Port St. Lucie, FL, USA",27.2937321,-80.4336163,34987,Active,12
Community Package Store (446534),"807 South Franklin Street, Holbrook, MA, USA",42.1291433,-71.0083701,02343,Active,0
Diya Food Store (985434),"868 Jupiter Boulevard Northwest, Palm Bay, FL, USA",28.0218172,-80.6971999,32907,Active,3
Ogden Convenient Food & Liquor (781080),"2950 Ogden Avenue, Lisle, IL, USA",41.7968787,-88.1094082,60532,Active,15
JSR Liquor (666847),"930 Morgans Corner Road, Pooler, GA, USA",32.0982365,-81.2705257,31322,Active,39
Happy Times Package (518584),"2840 Lavista Road, Decatur, GA, USA",33.8258687,-84.2902329,30033,Active,18
Atlanta Utility Works (892893),"2903 RN Martin Street, East Point, GA, USA",33.6752043,-84.4384978,30344,Inactive,0
The Wine Store (355206),"8455 Holcomb Bridge Road, Alpharetta, GA, USA",33.9859336,-84.2694001,30022,Active,631
Liquor and Smoke House (426185),"1400 West Main Street, Lebanon, TN, USA",36.2150525,-86.3280468,37087,Inactive,4
Beneva Liquor & Tobacco (496304),"1295 South Beneva Road, Sarasota, FL, USA",27.3215881,-82.497037,34232,Active,23
2nd Base Discount Liquor & Wine (458440),"1700 Southeast Port Saint Lucie Boulevard, Port St. Lucie, FL, USA",27.2706804,-80.2996559,34952,Active,7
R & F Liquor (283636),"6026 South Broadway, Los Angeles, CA, USA",33.9843837,-118.2781057,90003,Active,3
Liquor Spot (324078),"472 East Broadway Boulevard, Jefferson City, TN, USA",36.1238393,-83.4732864,37760,Active,6
Empire Craft Beer & Convenience (283897),"60 East 34th Street, New York, NY, USA",40.7472461,-73.98211,10016,Active,7
EZ Mart (441699),"339 Centre Avenue, Rockland, MA, USA",42.1138682,-70.9264208,02370,Active,1
In and Out Liquors (#101 Publix Plaza - 257800),"2301 Florida 524, Cocoa, FL, USA",28.3961638,-80.7654341,32926,Active,0
In and Out Liquors (#3542 - 872918),"3542 South Hopkins Avenue, Titusville, FL, USA",28.5753548,-80.8044357,32780,Inactive,0
In and Out Liquors (#3542 Titusville - 523850),"3542 South Hopkins Avenue, Titusville, FL, USA",28.5753548,-80.8044357,32780,Active,2
Midtown Liquor 2 (110191),"6100 North Courtenay Parkway, Merritt Island, FL, USA",28.4680505,-80.7094878,32953,Active,0
Royal Crest Liquors (396924),"101 Blakenrod Boulevard, Coxs Creek, KY, USA",37.8818252,-85.5449068,40013,Active,1
RTE 74 Willington Liquors (850076),"182 Tolland Turnpike, Willington, CT, USA",41.8774371,-72.2742639,06279,Active,5
Simply Wines & Spirits (661429),"3926 U.S. 411, Madisonville, TN, USA",35.5338787,-84.3385341,37354,Active,0
Griffin Liquor (692783),"1003 West Taylor Street, Griffin, GA, USA",33.2475637,-84.278527,30223,Active,11
Charlene's Place (153336),"5441 U.S. 90, Mobile, AL, USA",30.5869412,-88.1678174,36619,Inactive,0
Tina's Beverage (180504),"2160 University Parkway, Aiken, SC, USA",33.5799874,-81.7208887,29801,Active,1
Joppa Liquors (180562),"1902 East Joppa Road, Parkville, MD, USA",39.4007503,-76.5506212,21234,Active,11
Highway 42 Package Store (931906),"2650 Georgia 42, Locust Grove, GA, USA",33.3770277,-84.1268053,30248,Active,0
Tellico Liquor (961997),"9170 New Highway 68, Tellico Plains, TN, USA",35.3695759,-84.3036166,37385,Active,7
City Wines (675281),"2880 Nostrand Avenue, Kings County, NY, USA",40.6140982,-73.9447776,11229,Inactive,0
Wine Barrel (Wine Barrel - 251056),"601 West Main Street, Branford, CT, USA",41.2785206,-72.8428551,06405,Active,5
Calhoun Bottle Shop (403302),"510 West Belmont Drive, Calhoun, GA, USA",34.4809562,-84.946829,30701,Active,2
Windham Wine & Spirits (512522),"1182 Main Street, Windham, CT, USA",41.7136152,-72.2244925,06226,Active,6
Bottles & Cans (361924),"4109 North Lincoln Avenue, Chicago, IL, USA",41.9563214,-87.6799509,60618,Active,19
In and Out Liquors (#2768 Sarno - 937361),"2768 Sarno Road, Melbourne, FL, USA",28.1220111,-80.6680071,32935,Inactive,0
In and Out Liquors (#1899 Indian Harbour - 670097),"1899 South Patrick Drive, Satellite Beach, FL, USA",28.1517718,-80.5994811,32937,Inactive,0
In and Out Liquors (#690 Satellite Beach - 715953),"690 South Patrick Drive, Satellite Beach, FL, USA",28.1953235,-80.606759,32937,Inactive,0
Mott Haven Spirits (350952),"414 Gerard Avenue, Bronx County, NY, USA",40.8171755,-73.9297357,10451,Inactive,0
Forsyth World of Beverage (323581),"3535 Peachtree Parkway, Suwanee, GA, USA",34.075699,-84.16312,30024,Active,15
Thirsty Camel Liquor & Wine (557376),"1510 Franklin Road, Lebanon, TN, USA",36.1805325,-86.3270352,37090,Active,3
The Bottle Liquors (134437),"3074 Cranberry Highway, Wareham, MA, USA",41.756472,-70.6484769,02538,Inactive,3
Regal package store (332733),"554 West Main Street, New Britain, CT, USA",41.665491,-72.8008404,06053,Active,16
Crossroads Package (972393),"33 Crowell Road, Covington, GA, USA",33.5834836,-83.9076298,30014,Inactive,0
Sunflower Spirits and Wine (523592),"949 South Broadway, Wichita, KS, USA",37.6747815,-97.3358441,67211,Active,5
West Broad Liquor (674143),"1400 West Broad Street, Stratford, CT, USA",41.1918327,-73.1362802,06615,Inactive,0
Krauszer's Liquor & Food Store (839880),"683 Florida Grove Road, Woodbridge Township, NJ, USA",40.5376243,-74.287391,07095,Inactive,0
Whiskey & wine world (685804),"243 Hartford Turnpike, Vernon, CT, USA",41.8263096,-72.4960547,06066,Inactive,0
Central Wine & Liquor Store (370284),"227 Columbus Avenue, New York, NY, USA",40.7762484,-73.979238,10023,Inactive,0
Batavia Smoke n Liquor (321013),"122 East Wilson Street, Batavia, IL, USA",41.849647,-88.3049761,60510,Active,9
Bell Liquor & Tap (649424),"9619 Franklin Avenue, Franklin Park, IL, USA",41.9352748,-87.8664475,60131,Active,2
Greenbelt liquors (186478),"6000 Greenbelt Road, Greenbelt, MD, USA",38.9994809,-76.9091303,20770,Active,4
Bottom Line Liquors (481451),"70 Quality Street, Trumbull, CT, USA",41.2553252,-73.2180457,06611,Active,2
Kappys Express Fine Wine & Spirits (634882),"48 Broadway, Malden, MA, USA",42.4250105,-71.0450178,02148,Active,1
Westwoods Wine & Spirits (216853),"2311 Boston Post Road, Guilford, CT, USA",41.3080171,-72.7192757,06437,Active,3
Hamilton Wine & Spirits (100443),"475 Hamilton Avenue, Norwich, CT, USA",41.5312877,-72.0459453,06360,Active,2
Eastern Point Wine & Liquor (647119),"390 Eastern Point Road, Groton, CT, USA",41.3377408,-72.0766744,06340,Active,3
Kappys Express Fine Wine & Spirits (#233 - Alewife Broo  - 486106),"233 Alewife Brook Parkway, Cambridge, MA, USA",42.3891258,-71.1436215,02138,Inactive,0
Ayras Liquor & Cigar Oak Creek (264106),"8950 South 27th Street, Oak Creek, WI, USA",42.881488,-87.9500008,53154,Inactive,0
Pridom Liquors (861592),"2428 South Alpine Road, Rockford, IL, USA",42.2411134,-89.0275557,61108,Active,3
TJ's Wines & Spirts (880684),"429 New Haven Avenue, Derby, CT, USA",41.3095198,-73.0625951,06418,Active,2
JD's Wines and Spirits (898001),"781 River Road, Shelton, CT, USA",41.2653005,-73.0943426,06484,Active,0
Ayra's Liquor & Cigar (804879),"4700 Washington Avenue, Racine, WI, USA",42.7191374,-87.8362682,53406,Inactive,0
TJ Wine & Liquor (367180),"528 Shelton Avenue, Shelton, CT, USA",41.2966561,-73.1448584,06484,Active,1
Main Beverages (501723),"120 North Main Street, Port Chester, NY, USA",41.0024213,-73.6622153,10573,Active,2
Midtown Market (108950),"3855 West Division Street, Chicago, IL, USA",41.9026032,-87.7236623,60651,Active,5
Gateway Village Wine & Spirits (740509),"2645A Housley Road, Annapolis, MD, USA",38.987665,-76.5565448,21401,Active,1
Laurel Lakes Liquors (304144),"14132 Baltimore Avenue, Laurel, MD, USA",39.083802,-76.8647504,20707,Active,2
Depot Package (465304),"4280 Lawrenceville Highway, Lilburn, GA, USA",33.9014879,-84.1238752,30047,Active,202
Belltown Wine & Liquors (613206),"36 East High Street, East Hampton, CT, USA",41.5839385,-72.501464,06424,Inactive,
Village Liquor Mart (943037),"1306 North Cedar Road, New Lenox, IL, USA",41.5299595,-87.9656675,60451,Active,
Calhoun Liquor Store (113685),"920 North Wall Street, Calhoun, GA, USA",34.5188667,-84.943949,30701,Inactive,
44 Liquors (278977),"1835 Highway 44 East, Shepherdsville, KY, USA",38.0010871,-85.689135,40165,Active,
Essex Wine & Spirits (554573),"125 Westbrook Road, Essex, CT, USA",41.3403047,-72.4141667,06426,Active,
Beer & Wine Package store (505519),"5039 Buford Highway Northeast, Chamblee, GA, USA",33.8893104,-84.2858532,30341,Inactive,
Wildwood Tobacco & Liquor (189776),"16437 Village Plaza View Drive, Wildwood, MO, USA",38.583901,-90.6182699,63011,Active,
Sunrise Cellars Fine Wines & Spirits of Westfield (872145),"333 South Avenue East, Westfield, NJ, USA",40.649945,-74.3387284,07090,Inactive,
Sunrise Cellars ShopRite Wines & Spirits - Caldwell (Caldwell - 198314),"478 Bloomfield Avenue, Caldwell, NJ, USA",40.8428242,-74.2817851,07006,Inactive,
In and Out Liquors (Publix Plaza - 182875),"3261 Garden Street, Titusville, FL, USA",28.6162842,-80.8430249,32796,Inactive,
B&B Liquors (233552),"7 Northfield Avenue, West Orange, NJ, USA",40.7766568,-74.2397461,07052,Active,
East Port Chester Wine & Liquor (471964),"105 Mill Street, Greenwich, CT, USA",41.0040203,-73.6579614,06830,Inactive,
Bella Liquors (815867),"650 Wolcott Street, Waterbury, CT, USA",41.5587852,-73.0114558,06705,Inactive,
Granfield Liquor (501420),"326 Granfield Avenue, Bridgeport, CT, USA",41.1960013,-73.1594951,06610,Inactive,
Absorb's Discount Liquor (464031),"2077 East Main Street, Bridgeport, CT, USA",41.2030951,-73.1796042,06610,Inactive,
Monaco's Wine and Liquor (258734),"2178 Madison Avenue, Bridgeport, CT, USA",41.2057423,-73.2214951,06606,Inactive,
Colchester Wine & Spirits (860171),"99 Linwood Avenue, Colchester, CT, USA",41.5717938,-72.3353351,06415,Active,
Neil's Fine Wines & Liquors (228463),"175 West Road, Ellington, CT, USA",41.89368,-72.4604817,06029,Inactive,
KC Liquor (KC Liquor - 797058),"11945 Barwood Bend Drive, Houston, TX, USA",29.9469681,-95.6188953,77065,Active,
Richardson Beer And Wine (RBW - 234734),"515 West Campbell Road, Richardson, TX, USA",32.9760858,-96.7370555,75080,Active,
ABC Convenience Store (141503),"2425 South Lee Highway, Cleveland, TN, USA",35.1452976,-84.9207558,37311,Active,
M&M Wine Spirits and Cigars (235255),"83 Washington Street, Norwalk, CT, USA",41.0992249,-73.4179928,06854,Active,
Ok Wine & Spirits (Ok Wine & Spirits - 416792),"2811 Tobacco Road, Hephzibah, GA, USA",33.3881596,-82.1019969,30815,Active,
7pm Liquor (992529),"1646 Texas 351, Abilene, TX, USA",32.479022,-99.6972969,79601,Active,
Jackansons (882032),"1921 Ocean Street, Marshfield, MA, USA",42.0916609,-70.7064762,02050,Active,
Legacy Liquors & Wine Longwood (677178),"868 South US Highway 17 92, Longwood, FL, USA",28.6928373,-81.3282771,32750,Inactive,
Rainbow Liquor and Grocery (952956),"292 -294 Lakeview Avenue, Clifton, NJ, USA",40.8925767,-74.1399581,07011,Inactive,
Dunwoody World Of Beverages (354137),"4621 North Shallowford Road, Dunwoody, GA, USA",33.927619,-84.3108151,30338,Inactive,
Main St Liquor & wine (218319),"306 West Main Street, Carpentersville, IL, USA",42.1084434,-88.2983744,60110,Active,
Glen Oaks Liquor (865019),"1170 Chews Landing Road, Clementon, NJ, USA",39.8182136,-75.0358793,08021,Active,
Lakeside Smoke N' Beer (142773),"215 East Walworth Avenue, Delavan, WI, USA",42.6333457,-88.6464073,53115,Active,
Lions Quick Mart (588001),"104 East Racine Street, Janesville, WI, USA",42.6771946,-89.0157673,53545,Active,
Big Apple Wine & Spirits (619399),"1408 2nd Avenue, New York, NY, USA",40.7696608,-73.9573855,10021,Active,
Royals Liquor (121032),"6400 Gravois Avenue, St. Louis, MO, USA",38.5732572,-90.2807635,63116,Inactive,
University Wine and Liquor (324225),"1225 Western Avenue, Albany, NY, USA",42.6771737,-73.8227457,12203,Active,
Shore Discount Liquors (706479),"211 Main Street, Deep River, CT, USA",41.3826073,-72.4344497,06417,Active,
City Liquors (781530),"1173 North Main Street, Providence, RI, USA",41.8521642,-71.4013171,02904,Active,
Paruta's Liquors (719002),"89 Market Street, Paterson, NJ, USA",40.9160022,-74.1746211,07505,Active,
Liquor Zone (297907),"7109 West Broadway Street, Pearland, TX, USA",29.5604769,-95.3298283,77581,Inactive,
Our Place Liquors & Wine (316166),"3808 Poplar Level Road, Louisville, KY, USA",38.2047309,-85.7129437,40213,Active,
Groton Discount Wine & Spirits (728234),"944 Connecticut 12, Groton, CT, USA",41.3872377,-72.0784303,06340,Inactive,
House Market (693470),"3337 Division Street, Los Angeles, CA, USA",34.1050258,-118.2297725,90065,Inactive,
A1 Liquor Rowlett (326816),"1700 Dalrock Road, Rowlett, TX, USA",32.8782602,-96.5177254,75088,Inactive,
A-1 Liquor Plano (104129),"301 Legacy Drive, Plano, TX, USA",33.0683532,-96.6990695,75023,Inactive,
A-1 Liquor Tawakoni (903908),"523 Texas 276, West Tawakoni, TX, USA",32.9032896,-96.0462108,75474,Inactive,
Winter Wine and Spirits (494602),"9120 Wadsworth Parkway, Westminster, CO, USA",39.8617014,-105.0800362,80021,Inactive,
Beverage Boss (419634),"226 Whalley Avenue, New Haven, CT, USA",41.3154387,-72.9404532,06511,Inactive,
Paramount Liquors (856949),"2105 East Olive Road, Pensacola, FL, USA",30.5098679,-87.2171318,32514,Active,
Divino Wines (Divino - 773044),"37-63 92nd Street, Queens County, NY, USA",40.7488773,-73.8745293,11372,Active,
Lighthouse Liquors (633468),"2810 Old Dawson Road, Albany, GA, USA",31.6130937,-84.2193468,31707,Active,
Liquor And More (Liquor Paradise) (484357),"8187 West Fairfield Drive, Pensacola, FL, USA",30.4222845,-87.3158631,32506,Inactive,
World Of Liquor (508402),"2220 Forest Avenue, Richmond County, NY, USA",40.6261573,-74.1631726,10303,Active,
De Lauren Wines & Spirits (596269),"292 8th Avenue, New York, NY, USA",40.7463238,-73.9974449,10001,Active,
Van's market liquor (730377),"12707 Washington Place, Los Angeles, CA, USA",33.9972491,-118.4352606,90066,Active,
Middletown Fine Wine & Spirits (320342),"721 South Breiel Boulevard, Middletown, OH, USA",39.5027636,-84.3547619,45044,Inactive,
E-Z Market & Liquor (197444),"185 Mallory Avenue, Jersey City, NJ, USA",40.7207445,-74.0873597,07304,Active,
Big Sids Bottles (596689),"2306 South Glen Avenue, Glenwood Springs, CO, USA",39.5294875,-107.3245972,81601,Active,
BH Wine & Spirits (520181),"1598 Connecticut 12, Ledyard, CT, USA",41.4207021,-72.0773635,06335,Active,
Main Street Wine & Liquor Store (351582),"2521 West Main Street, Cato, NY, USA",43.1681511,-76.5735761,13033,Active,
Tinton Centre Wine & Spirits (276078),"4057 Asbury Avenue, Tinton Falls, NJ, USA",40.2364133,-74.0784796,07753,Active,
Ocean Market & Liquor (111414),"915 Ocean Street, Marshfield, MA, USA",42.1055982,-70.6657125,02050,Active,
Old Shell Package Liquor Store (Mobile - 497464),"6711 Old Shell Road, Mobile, AL, USA",30.6903047,-88.1971925,36608,Active,
Airport Package Liquor Store (434472),"6406 Airport Boulevard, Mobile, AL, USA",30.6796468,-88.1914072,36608,Active,
Luke's Convenience Store (533598),"411 Pond Street, Braintree, MA, USA",42.1988708,-71.0258017,02184,Active,
Robert Burns Wines (335327),"157 North Robertson Boulevard, Beverly Hills, CA, USA",34.0684018,-118.3837474,90211,Active,
Cork Runner Wine & Spirits (619767),"5956 West Olympic Boulevard, Los Angeles, CA, USA",34.05758,-118.36122,90036,Active,
York St Liquors (994310),"552 South York Street, Elmhurst, IL, USA",41.8831344,-87.940182,60126,Active,
GP Liquors (311704),"8660 Pulaski Highway, Rosedale, MD, USA",39.3359287,-76.484611,21237,Active,
Big Ts Liquor (285156),"402 Saint James Avenue, Goose Creek, SC, USA",33.0207612,-80.052338,29445,Active,
United Wine & Liquor (782638),"37 Elizabeth Street, Derby, CT, USA",41.3203618,-73.0890825,06418,Inactive,
Liquor Villa (Burleson - 948641),"5166 Farm to Market Road 1187, Burleson, TX, USA",32.5796426,-97.2505052,76028,Active,
Wine & Spirits at Bradley park (561860),"1694 Whittlesey Road, Columbus, GA, USA",32.538917,-84.9667549,31904,Active,
Rocks Liquors (622639),"197 8th Ave, New York, NY 10011",40.74381987821941, -74.00010788826214,13495,Active,
Riverbend Wine & Spirits (136364),"522 U.S. 278, Amory, MS, USA",33.9775079,-88.4925846,38821,Active,
Martin's Wine & spirits (729755),"1590 Holcomb Bridge Road, Roswell, GA, USA",34.0156984,-84.3089091,30076,Active,
McDonald Quick Stop (556827),"4793 South Lee Highway, McDonald, TN, USA",35.1129345,-84.9831355,37353,Inactive,
Hollywood Liquors (820675),"6006 Park Avenue, West New York, NJ, USA",40.7856915,-74.0089579,07093,Inactive,